name,team,short_team,number,pos,height,weight,birth_date,birth_country,years_experience,college_name,uri
Mike Bibby,Atlanta Hawks,ATL,10,PG,6-1,190,"May 13, 1978",us,11,University of Arizona,/players/b/bibbymi01.html
Jason Collins,Atlanta Hawks,ATL,34,C,7-0,255,"December 2, 1978",us,8,Stanford University,/players/c/collija04.html
Jamal Crawford,Atlanta Hawks,ATL,11,SG,6-5,200,"March 20, 1980",us,9,University of Michigan,/players/c/crawfja01.html
Maurice Evans,Atlanta Hawks,ATL,1,SF,6-5,220,"November 8, 1978",us,6,University of Texas at Austin,/players/e/evansma01.html
Al Horford,Atlanta Hawks,ATL,15,C,6-10,245,"June 3, 1986",do,2,University of Florida,/players/h/horfoal01.html
Othello Hunter,Atlanta Hawks,ATL,50,SF,6-8,225,"May 28, 1986",us,1,Ohio State University,/players/h/hunteot01.html
Joe Johnson,Atlanta Hawks,ATL,2,SG,6-7,240,"June 29, 1981",us,8,University of Arkansas,/players/j/johnsjo02.html
Randolph Morris,Atlanta Hawks,ATL,33,PF,6-10,266,"January 2, 1986",us,3,University of Kentucky,/players/m/morrira01.html
Zaza Pachulia,Atlanta Hawks,ATL,27,C,6-11,270,"February 10, 1984",ge,6,,/players/p/pachuza01.html
Joe Smith,Atlanta Hawks,ATL,32,PF,6-10,225,"July 26, 1975",us,14,University of Maryland,/players/s/smithjo02.html
Josh Smith,Atlanta Hawks,ATL,5,PF,6-9,225,"December 5, 1985",us,5,,/players/s/smithjo03.html
Jeff Teague,Atlanta Hawks,ATL,0,PG,6-2,186,"June 10, 1988",us,R,Wake Forest University,/players/t/teaguje01.html
Mario West,Atlanta Hawks,ATL,6,SG,6-5,210,"June 19, 1984",us,2,Georgia Institute of Technology,/players/w/westma02.html
Marvin Williams,Atlanta Hawks,ATL,24,SF,6-9,237,"June 19, 1986",us,4,University of North Carolina,/players/w/willima02.html
Ray Allen,Boston Celtics,BOS,20,SG,6-5,205,"July 20, 1975",us,13,University of Connecticut,/players/a/allenra02.html
Tony Allen,Boston Celtics,BOS,42,SG,6-4,213,"January 11, 1982",us,5,Oklahoma State University,/players/a/allento01.html
Marquis Daniels,Boston Celtics,BOS,7,SF,6-6,200,"January 7, 1981",us,6,Auburn University,/players/d/daniema01.html
Glen Davis,Boston Celtics,BOS,11,PF,6-9,289,"January 1, 1986",us,2,Louisiana State University,/players/d/davisgl01.html
Michael Finley,Boston Celtics,BOS,40,SF,6-7,215,"March 6, 1973",us,14,University of Wisconsin,/players/f/finlemi01.html
Kevin Garnett,Boston Celtics,BOS,5,PF,6-11,240,"May 19, 1976",us,14,,/players/g/garneke01.html
J.R. Giddens,Boston Celtics,BOS,4,SF,6-5,215,"February 13, 1985",us,1,University of New Mexico,/players/g/giddejr01.html
Eddie House,Boston Celtics,BOS,50,PG,6-1,180,"May 14, 1978",us,9,Arizona State University,/players/h/houseed01.html
Lester Hudson,Boston Celtics,BOS,26,PG,6-3,190,"August 7, 1984",us,R,University of Tennessee at Martin,/players/h/hudsole01.html
Oliver Lafayette,Boston Celtics,BOS,40,SG,6-2,190,"May 6, 1984",us,R,University of Houston,/players/l/lafayol01.html
Marcus Landry,Boston Celtics,BOS,12,SF,6-7,230,"November 1, 1985",us,R,University of Wisconsin,/players/l/landrma01.html
Kendrick Perkins,Boston Celtics,BOS,43,C,6-10,270,"November 10, 1984",us,6,,/players/p/perkike01.html
Paul Pierce,Boston Celtics,BOS,34,SF,6-7,235,"October 13, 1977",us,11,University of Kansas,/players/p/piercpa01.html
Nate Robinson,Boston Celtics,BOS,4,PG,5-9,180,"May 31, 1984",us,4,University of Washington,/players/r/robinna01.html
Rajon Rondo,Boston Celtics,BOS,9,PG,6-1,186,"February 22, 1986",us,3,University of Kentucky,/players/r/rondora01.html
Brian Scalabrine,Boston Celtics,BOS,44,PF,6-9,241,"March 18, 1978",us,8,University of Southern California,/players/s/scalabr01.html
Henry Walker,Boston Celtics,BOS,12,SF,6-6,220,"October 9, 1987",us,1,Kansas State University,/players/w/walkebi01.html
Rasheed Wallace,Boston Celtics,BOS,30,C,6-10,225,"September 17, 1974",us,14,University of North Carolina,/players/w/wallara01.html
Shelden Williams,Boston Celtics,BOS,13,PF,6-9,250,"October 21, 1983",us,3,Duke University,/players/w/willish02.html
Rafer Alston,Brooklyn Nets,NJN,1,PG,6-2,171,"July 24, 1976",us,10,"California State University, Fresno",/players/a/alstora01.html
Tony Battie,Brooklyn Nets,NJN,7,C,6-11,230,"February 11, 1976",us,11,Texas Tech University,/players/b/battito01.html
Josh Boone,Brooklyn Nets,NJN,2,PF,6-10,237,"November 21, 1984",us,3,University of Connecticut,/players/b/boonejo01.html
Keyon Dooling,Brooklyn Nets,NJN,55,PG,6-3,196,"May 8, 1980",us,9,University of Missouri,/players/d/doolike01.html
Chris Douglas-Roberts,Brooklyn Nets,NJN,17,SF,6-7,200,"January 8, 1987",us,1,University of Memphis,/players/d/douglch01.html
Devin Harris,Brooklyn Nets,NJN,34,PG,6-3,192,"February 27, 1983",us,5,University of Wisconsin,/players/h/harride01.html
Trenton Hassell,Brooklyn Nets,NJN,44,SF,6-5,200,"March 4, 1979",us,8,Austin Peay State University,/players/h/hassetr01.html
Jarvis Hayes,Brooklyn Nets,NJN,22,SF,6-7,220,"August 9, 1981",us,6,University of Georgia,/players/h/hayesja01.html
Kris Humphries,Brooklyn Nets,NJN,43,PF,6-9,235,"February 6, 1985",us,5,University of Minnesota,/players/h/humphkr01.html
Yi Jianlian,Brooklyn Nets,NJN,9,PF,7-0,240,"October 27, 1987",cn,2,,/players/j/jianlyi01.html
Courtney Lee,Brooklyn Nets,NJN,6,SG,6-5,200,"October 3, 1985",us,1,Western Kentucky University,/players/l/leeco01.html
Brook Lopez,Brooklyn Nets,NJN,11,C,7-0,275,"April 1, 1988",us,1,Stanford University,/players/l/lopezbr01.html
Eduardo Najera,Brooklyn Nets,NJN,14,PF,6-8,240,"July 11, 1976",mx,9,University of Oklahoma,/players/n/najered01.html
Chris Quinn,Brooklyn Nets,NJN,1,PG,6-2,185,"September 27, 1983",us,3,University of Notre Dame,/players/q/quinnch01.html
Bobby Simmons,Brooklyn Nets,NJN,21,PF,6-7,210,"June 2, 1980",us,7,DePaul University,/players/s/simmobo01.html
Sean Williams,Brooklyn Nets,NJN,51,PF,6-10,235,"September 13, 1986",us,2,Boston College,/players/w/willise01.html
Terrence Williams,Brooklyn Nets,NJN,8,SF,6-6,220,"June 28, 1987",us,R,University of Louisville,/players/w/willite01.html
Alexis Ajinca,Charlotte Hornets,CHA,21,C,7-2,248,"May 6, 1988",fr,1,,/players/a/ajincal01.html
D.J. Augustin,Charlotte Hornets,CHA,14,PG,6-0,183,"November 10, 1987",us,1,University of Texas at Austin,/players/a/augusdj01.html
Raja Bell,Charlotte Hornets,CHA,19,SG,6-5,204,"September 19, 1976",vi,9,Florida International University,/players/b/bellra01.html
Derrick Brown,Charlotte Hornets,CHA,4,SF,6-7,225,"September 8, 1987",us,R,Xavier University,/players/b/brownde04.html
Tyson Chandler,Charlotte Hornets,CHA,6,C,7-1,240,"October 2, 1982",us,8,,/players/c/chandty01.html
Boris Diaw,Charlotte Hornets,CHA,32,PF,6-8,250,"April 16, 1982",fr,6,,/players/d/diawbo01.html
DeSagana Diop,Charlotte Hornets,CHA,7,C,7-0,300,"January 30, 1982",sn,8,,/players/d/diopde01.html
Raymond Felton,Charlotte Hornets,CHA,20,PG,6-1,205,"June 26, 1984",us,4,University of North Carolina,/players/f/feltora01.html
Stephen Graham,Charlotte Hornets,CHA,23,SG,6-6,215,"June 11, 1982",us,4,Oklahoma State University,/players/g/grahast01.html
Gerald Henderson,Charlotte Hornets,CHA,15,SG,6-5,215,"December 9, 1987",us,R,Duke University,/players/h/hendege02.html
Larry Hughes,Charlotte Hornets,CHA,0,SG,6-5,184,"January 23, 1979",us,11,Saint Louis University,/players/h/hughela01.html
Stephen Jackson,Charlotte Hornets,CHA,1,SG,6-8,218,"April 5, 1978",us,9,Butler County Community College,/players/j/jacksst02.html
Acie Law,Charlotte Hornets,CHA,2,PG,6-3,195,"January 25, 1985",us,2,Texas A&M University,/players/l/lawac01.html
Nazr Mohammed,Charlotte Hornets,CHA,13,C,6-10,221,"September 5, 1977",us,11,University of Kentucky,/players/m/mohamna01.html
Ronald Murray,Charlotte Hornets,CHA,22,SG,6-4,190,"July 29, 1979",us,7,Shaw University,/players/m/murraro01.html
Vladimir Radmanovic,Charlotte Hornets,CHA,10,PF,6-10,227,"November 19, 1980",ba,8,,/players/r/radmavl01.html
Theo Ratliff,Charlotte Hornets,CHA,42,C,6-10,225,"April 17, 1973",us,14,University of Wyoming,/players/r/ratlith01.html
Tyrus Thomas,Charlotte Hornets,CHA,12,C,6-9,215,"August 17, 1986",us,3,Louisiana State University,/players/t/thomaty01.html
Gerald Wallace,Charlotte Hornets,CHA,3,SF,6-7,215,"July 23, 1982",us,8,University of Alabama,/players/w/wallage01.html
Joe Alexander,Chicago Bulls,CHI,20,SF,6-8,230,"December 26, 1986",tw,1,West Virginia University,/players/a/alexajo01.html
Devin Brown,Chicago Bulls,CHI,32,SG,6-5,220,"December 30, 1978",us,7,University of Texas at San Antonio,/players/b/brownde02.html
Luol Deng,Chicago Bulls,CHI,9,SF,6-9,220,"April 16, 1985",ss,5,Duke University,/players/d/denglu01.html
Taj Gibson,Chicago Bulls,CHI,22,PF,6-9,225,"June 24, 1985",us,R,University of Southern California,/players/g/gibsota01.html
Aaron Gray,Chicago Bulls,CHI,34,C,7-0,270,"December 7, 1984",us,2,University of Pittsburgh,/players/g/grayaa01.html
Kirk Hinrich,Chicago Bulls,CHI,12,SG,6-4,190,"January 2, 1981",us,6,University of Kansas,/players/h/hinriki01.html
Lindsey Hunter,Chicago Bulls,CHI,11,PG,6-2,170,"December 3, 1970",us,16,Jackson State University,/players/h/hunteli01.html
James Johnson,Chicago Bulls,CHI,16,PF,6-9,250,"February 20, 1987",us,R,Wake Forest University,/players/j/johnsja01.html
Acie Law,Chicago Bulls,CHI,0,PG,6-3,195,"January 25, 1985",us,2,Texas A&M University,/players/l/lawac01.html
Brad Miller,Chicago Bulls,CHI,52,C,6-11,244,"April 12, 1976",us,11,Purdue University,/players/m/millebr01.html
Ronald Murray,Chicago Bulls,CHI,6,SG,6-4,190,"July 29, 1979",us,7,Shaw University,/players/m/murraro01.html
Joakim Noah,Chicago Bulls,CHI,13,C,6-11,230,"February 25, 1985",us,2,University of Florida,/players/n/noahjo01.html
Jannero Pargo,Chicago Bulls,CHI,2,PG,6-1,175,"October 22, 1979",us,6,University of Arkansas,/players/p/pargoja01.html
Chris Richard,Chicago Bulls,CHI,35,PF,6-9,270,"December 25, 1984",us,1,University of Florida,/players/r/richach01.html
Derrick Rose,Chicago Bulls,CHI,1,PG,6-3,190,"October 4, 1988",us,1,University of Memphis,/players/r/rosede01.html
John Salmons,Chicago Bulls,CHI,15,SG,6-7,210,"December 12, 1979",us,7,University of Miami,/players/s/salmojo01.html
Tyrus Thomas,Chicago Bulls,CHI,24,PF,6-9,215,"August 17, 1986",us,3,Louisiana State University,/players/t/thomaty01.html
Hakim Warrick,Chicago Bulls,CHI,21,PF,6-9,219,"July 8, 1982",us,4,Syracuse University,/players/w/warriha01.html
Daniel Gibson,Cleveland Cavaliers,CLE,1,PG,6-2,190,"February 27, 1986",us,3,University of Texas at Austin,/players/g/gibsoda01.html
Danny Green,Cleveland Cavaliers,CLE,14,SG,6-6,215,"June 22, 1987",us,R,University of North Carolina,/players/g/greenda02.html
J.J. Hickson,Cleveland Cavaliers,CLE,21,PF,6-9,242,"September 4, 1988",us,1,North Carolina State University,/players/h/hicksjj01.html
Zydrunas Ilgauskas,Cleveland Cavaliers,CLE,11,C,7-3,238,"June 5, 1975",lt,11,,/players/i/ilgauzy01.html
Cedric Jackson,Cleveland Cavaliers,CLE,9,PG,6-3,191,"March 5, 1986",us,R,Cleveland State University,/players/j/jacksce01.html
Darnell Jackson,Cleveland Cavaliers,CLE,00,PF,6-9,253,"November 7, 1985",us,1,University of Kansas,/players/j/jacksda01.html
LeBron James,Cleveland Cavaliers,CLE,23,SF,6-8,250,"December 30, 1984",us,6,,/players/j/jamesle01.html
Antawn Jamison,Cleveland Cavaliers,CLE,4,PF,6-8,223,"June 12, 1976",us,11,University of North Carolina,/players/j/jamisan01.html
Coby Karl,Cleveland Cavaliers,CLE,5,SG,6-5,215,"March 6, 1983",us,1,Boise State University,/players/k/karlco01.html
Jamario Moon,Cleveland Cavaliers,CLE,15,SF,6-8,205,"June 13, 1980",us,2,Meridian Community College,/players/m/moonja01.html
Shaquille O'Neal,Cleveland Cavaliers,CLE,33,C,7-1,325,"March 6, 1972",us,17,Louisiana State University,/players/o/onealsh01.html
Anthony Parker,Cleveland Cavaliers,CLE,18,SG,6-6,215,"June 19, 1975",us,6,Bradley University,/players/p/parkean01.html
Leon Powe,Cleveland Cavaliers,CLE,44,SF,6-8,240,"January 22, 1984",us,3,University of California,/players/p/powele01.html
Sebastian Telfair,Cleveland Cavaliers,CLE,3,PG,6-0,165,"June 9, 1985",us,5,,/players/t/telfase01.html
Anderson Varejao,Cleveland Cavaliers,CLE,17,PF,6-10,273,"September 28, 1982",br,5,,/players/v/varejan01.html
Delonte West,Cleveland Cavaliers,CLE,13,SG,6-4,180,"July 26, 1983",us,5,Saint Joseph's University,/players/w/westde01.html
Jawad Williams,Cleveland Cavaliers,CLE,31,PG,6-9,218,"February 19, 1983",us,1,University of North Carolina,/players/w/willija04.html
Mo Williams,Cleveland Cavaliers,CLE,2,PG,6-1,198,"December 19, 1982",us,6,University of Alabama,/players/w/willima01.html
J.J. Barea,Dallas Mavericks,DAL,11,PG,6-0,185,"June 26, 1984",pr,3,Northeastern University,/players/b/bareajo01.html
Rodrigue Beaubois,Dallas Mavericks,DAL,3,PG,6-0,170,"February 24, 1988",gp,R,,/players/b/beaubro01.html
Caron Butler,Dallas Mavericks,DAL,4,SG,6-7,228,"March 13, 1980",us,7,University of Connecticut,/players/b/butleca01.html
Matt Carroll,Dallas Mavericks,DAL,13,SG,6-6,212,"August 28, 1980",us,6,University of Notre Dame,/players/c/carroma01.html
Erick Dampier,Dallas Mavericks,DAL,25,C,6-11,265,"July 14, 1975",us,13,Mississippi State University,/players/d/dampier01.html
Drew Gooden,Dallas Mavericks,DAL,90,C,6-10,250,"September 24, 1981",us,7,University of Kansas,/players/g/goodedr01.html
Brendan Haywood,Dallas Mavericks,DAL,33,C,7-0,268,"November 27, 1979",us,8,University of North Carolina,/players/h/haywobr01.html
Josh Howard,Dallas Mavericks,DAL,5,SF,6-7,210,"April 28, 1980",us,6,Wake Forest University,/players/h/howarjo01.html
Kris Humphries,Dallas Mavericks,DAL,43,PF,6-9,235,"February 6, 1985",us,5,University of Minnesota,/players/h/humphkr01.html
Jason Kidd,Dallas Mavericks,DAL,2,PG,6-4,205,"March 23, 1973",us,15,University of California,/players/k/kiddja01.html
Shawn Marion,Dallas Mavericks,DAL,0,SF,6-7,220,"May 7, 1978",us,10,"University of Nevada, Las Vegas",/players/m/mariosh01.html
Eduardo Najera,Dallas Mavericks,DAL,14,PF,6-8,240,"July 11, 1976",mx,9,University of Oklahoma,/players/n/najered01.html
Dirk Nowitzki,Dallas Mavericks,DAL,41,PF,7-0,245,"June 19, 1978",de,11,,/players/n/nowitdi01.html
Quinton Ross,Dallas Mavericks,DAL,6,SF,6-6,195,"April 30, 1981",us,5,Southern Methodist University,/players/r/rossqu01.html
James Singleton,Dallas Mavericks,DAL,33,SF,6-8,216,"July 20, 1981",us,3,Murray State University,/players/s/singlja01.html
DeShawn Stevenson,Dallas Mavericks,DAL,92,SG,6-5,210,"April 3, 1981",us,9,,/players/s/stevede01.html
Jason Terry,Dallas Mavericks,DAL,31,SG,6-2,185,"September 15, 1977",us,10,University of Arizona,/players/t/terryja01.html
Tim Thomas,Dallas Mavericks,DAL,7,SF,6-10,230,"February 26, 1977",us,12,Villanova University,/players/t/thomati01.html
Arron Afflalo,Denver Nuggets,DEN,6,SG,6-5,210,"October 15, 1985",us,2,"University of California, Los Angeles",/players/a/afflaar01.html
Malik Allen,Denver Nuggets,DEN,30,PF,6-10,255,"June 27, 1978",us,8,Villanova University,/players/a/allenma01.html
Chris Andersen,Denver Nuggets,DEN,11,PF,6-10,245,"July 7, 1978",us,7,Blinn College,/players/a/anderch01.html
Carmelo Anthony,Denver Nuggets,DEN,15,SF,6-8,240,"May 29, 1984",us,6,Syracuse University,/players/a/anthoca01.html
Renaldo Balkman,Denver Nuggets,DEN,32,SF,6-8,208,"July 14, 1984",us,3,University of South Carolina,/players/b/balkmre01.html
Chauncey Billups,Denver Nuggets,DEN,1,PG,6-3,202,"September 25, 1976",us,12,University of Colorado,/players/b/billuch01.html
Anthony Carter,Denver Nuggets,DEN,25,PG,6-1,190,"June 16, 1975",us,10,University of Hawaii,/players/c/cartean01.html
Joey Graham,Denver Nuggets,DEN,14,SF,6-7,225,"June 11, 1982",us,4,Oklahoma State University,/players/g/grahajo01.html
Nene Hilario,Denver Nuggets,DEN,31,C,6-11,250,"September 13, 1982",br,7,,/players/h/hilarne01.html
Ty Lawson,Denver Nuggets,DEN,3,PG,5-11,195,"November 3, 1987",us,R,University of North Carolina,/players/l/lawsoty01.html
Kenyon Martin,Denver Nuggets,DEN,4,PF,6-9,234,"December 30, 1977",us,9,University of Cincinnati,/players/m/martike01.html
Johan Petro,Denver Nuggets,DEN,27,C,7-0,247,"January 27, 1986",fr,4,,/players/p/petrojo01.html
J.R. Smith,Denver Nuggets,DEN,5,SG,6-6,225,"September 9, 1985",us,5,,/players/s/smithjr01.html
Chucky Atkins,Detroit Pistons,DET,17,PG,5-11,160,"August 14, 1974",us,10,University of South Florida,/players/a/atkinch01.html
Kwame Brown,Detroit Pistons,DET,38,C,6-11,270,"March 10, 1982",us,8,,/players/b/brownkw01.html
Will Bynum,Detroit Pistons,DET,12,PG,6-0,185,"January 4, 1983",us,2,Georgia Institute of Technology,/players/b/bynumwi01.html
Austin Daye,Detroit Pistons,DET,5,SF,6-11,220,"June 5, 1988",us,R,Gonzaga University,/players/d/dayeau01.html
Ben Gordon,Detroit Pistons,DET,7,SG,6-3,200,"April 4, 1983",gb,5,University of Connecticut,/players/g/gordobe01.html
Richard Hamilton,Detroit Pistons,DET,32,SG,6-6,185,"February 14, 1978",us,10,University of Connecticut,/players/h/hamilri01.html
Jonas Jerebko,Detroit Pistons,DET,33,PF,6-10,231,"March 2, 1987",se,R,,/players/j/jerebjo01.html
Jason Maxiell,Detroit Pistons,DET,54,C,6-7,260,"February 18, 1983",us,4,University of Cincinnati,/players/m/maxieja01.html
Tayshaun Prince,Detroit Pistons,DET,22,SF,6-9,212,"February 28, 1980",us,7,University of Kentucky,/players/p/princta01.html
Rodney Stuckey,Detroit Pistons,DET,3,PG,6-5,210,"April 21, 1986",us,2,Eastern Washington University,/players/s/stuckro01.html
DaJuan Summers,Detroit Pistons,DET,35,SF,6-8,230,"January 24, 1988",us,R,Georgetown University,/players/s/summeda01.html
Charlie Villanueva,Detroit Pistons,DET,31,PF,6-11,232,"August 24, 1984",us,4,University of Connecticut,/players/v/villach01.html
Ben Wallace,Detroit Pistons,DET,6,C,6-9,240,"September 10, 1974",us,13,Virginia Union University,/players/w/wallabe01.html
Chris Wilcox,Detroit Pistons,DET,9,PF,6-10,221,"September 3, 1982",us,7,University of Maryland,/players/w/wilcoch01.html
Kelenna Azubuike,Golden State Warriors,GSW,7,SF,6-5,220,"December 16, 1983",gb,3,University of Kentucky,/players/a/azubuke01.html
Raja Bell,Golden State Warriors,GSW,18,SG,6-5,204,"September 19, 1976",vi,9,Florida International University,/players/b/bellra01.html
Andris Biedrins,Golden State Warriors,GSW,15,C,6-11,240,"April 2, 1986",lv,5,,/players/b/biedran01.html
Stephen Curry,Golden State Warriors,GSW,30,PG,6-3,190,"March 14, 1988",us,R,Davidson College,/players/c/curryst01.html
Monta Ellis,Golden State Warriors,GSW,8,SG,6-3,185,"October 26, 1985",us,4,,/players/e/ellismo01.html
Devean George,Golden State Warriors,GSW,19,SF,6-8,220,"August 29, 1977",us,10,Augsburg College,/players/g/georgde01.html
Chris Hunter,Golden State Warriors,GSW,31,C,6-11,240,"July 7, 1984",us,R,University of Michigan,/players/h/huntech01.html
Stephen Jackson,Golden State Warriors,GSW,1,PF,6-8,218,"April 5, 1978",us,9,Butler County Community College,/players/j/jacksst02.html
Coby Karl,Golden State Warriors,GSW,11,SF,6-5,215,"March 6, 1983",us,1,Boise State University,/players/k/karlco01.html
Acie Law,Golden State Warriors,GSW,2,PG,6-3,195,"January 25, 1985",us,2,Texas A&M University,/players/l/lawac01.html
Corey Maggette,Golden State Warriors,GSW,50,PF,6-6,218,"November 12, 1979",us,10,Duke University,/players/m/maggeco01.html
Cartier Martin,Golden State Warriors,GSW,20,SF,6-7,220,"November 20, 1984",us,1,Kansas State University,/players/m/martica01.html
Mikki Moore,Golden State Warriors,GSW,33,C,6-11,225,"November 4, 1975",us,11,University of Nebraska,/players/m/mooremi01.html
Anthony Morrow,Golden State Warriors,GSW,22,SG,6-5,210,"September 27, 1985",us,1,Georgia Institute of Technology,/players/m/morroan01.html
Vladimir Radmanovic,Golden State Warriors,GSW,77,PF,6-10,227,"November 19, 1980",ba,8,,/players/r/radmavl01.html
Anthony Randolph,Golden State Warriors,GSW,4,C,6-10,205,"July 15, 1989",de,1,Louisiana State University,/players/r/randoan01.html
Anthony Tolliver,Golden State Warriors,GSW,44,PF,6-8,240,"June 1, 1985",us,1,Creighton University,/players/t/tollian01.html
Ronny Turiaf,Golden State Warriors,GSW,21,C,6-10,249,"January 13, 1983",mq,4,Gonzaga University,/players/t/turiaro01.html
C.J. Watson,Golden State Warriors,GSW,23,PG,6-2,175,"April 17, 1984",us,2,University of Tennessee,/players/w/watsocj01.html
Reggie Williams,Golden State Warriors,GSW,55,SF,6-6,205,"September 14, 1986",us,R,Virginia Military Institute,/players/w/willire02.html
David Andersen,Houston Rockets,HOU,13,C,6-11,245,"June 23, 1980",au,R,,/players/a/anderda03.html
Trevor Ariza,Houston Rockets,HOU,1,SF,6-8,215,"June 30, 1985",us,5,"University of California, Los Angeles",/players/a/arizatr01.html
Hilton Armstrong,Houston Rockets,HOU,3,C,6-11,235,"November 11, 1984",us,3,University of Connecticut,/players/a/armsthi01.html
Shane Battier,Houston Rockets,HOU,31,SG,6-8,220,"September 9, 1978",us,8,Duke University,/players/b/battish01.html
Aaron Brooks,Houston Rockets,HOU,0,PG,6-0,161,"January 14, 1985",us,2,University of Oregon,/players/b/brookaa01.html
Chase Budinger,Houston Rockets,HOU,10,SF,6-7,209,"May 22, 1988",us,R,University of Arizona,/players/b/budinch01.html
Will Conroy,Houston Rockets,HOU,5,PG,6-2,195,"December 8, 1982",us,1,University of Washington,/players/c/conrowi01.html
Brian Cook,Houston Rockets,HOU,43,PF,6-9,234,"December 4, 1980",us,6,University of Illinois at Urbana-Champaign,/players/c/cookbr01.html
Joey Dorsey,Houston Rockets,HOU,15,PF,6-8,268,"December 16, 1983",us,1,University of Memphis,/players/d/dorsejo01.html
Mike Harris,Houston Rockets,HOU,33,PF,6-6,240,"June 15, 1983",us,1,Rice University,/players/h/harrimi01.html
Chuck Hayes,Houston Rockets,HOU,44,C,6-6,240,"June 11, 1983",us,4,University of Kentucky,/players/h/hayesch01.html
Jordan Hill,Houston Rockets,HOU,27,PF,6-10,235,"July 27, 1987",us,R,University of Arizona,/players/h/hilljo01.html
Jared Jeffries,Houston Rockets,HOU,20,SF,6-11,230,"November 25, 1981",us,7,Indiana University,/players/j/jeffrja01.html
Carl Landry,Houston Rockets,HOU,14,PF,6-9,248,"September 19, 1983",us,2,Purdue University,/players/l/landrca01.html
Kyle Lowry,Houston Rockets,HOU,7,PG,6-1,196,"March 25, 1986",us,3,Villanova University,/players/l/lowryky01.html
Kevin Martin,Houston Rockets,HOU,12,SG,6-7,199,"February 1, 1983",us,5,Western Carolina University,/players/m/martike02.html
Tracy McGrady,Houston Rockets,HOU,3,SG,6-8,210,"May 24, 1979",us,12,,/players/m/mcgratr01.html
Pops Mensah-Bonsu,Houston Rockets,HOU,21,PF,6-9,240,"September 7, 1983",gb,2,George Washington University,/players/m/mensapo01.html
Luis Scola,Houston Rockets,HOU,4,PF,6-9,240,"April 30, 1980",ar,2,,/players/s/scolalu01.html
Jermaine Taylor,Houston Rockets,HOU,8,SG,6-4,210,"December 8, 1986",us,R,University of Central Florida,/players/t/tayloje02.html
Garrett Temple,Houston Rockets,HOU,2,SG,6-6,195,"May 8, 1986",us,R,Louisiana State University,/players/t/templga01.html
Travis Diener,Indiana Pacers,IND,12,PG,6-1,175,"March 1, 1982",us,4,Marquette University,/players/d/dienetr01.html
Mike Dunleavy,Indiana Pacers,IND,17,SF,6-9,230,"September 15, 1980",us,7,Duke University,/players/d/dunlemi02.html
T.J. Ford,Indiana Pacers,IND,5,PG,6-0,165,"March 24, 1983",us,5,University of Texas at Austin,/players/f/fordtj01.html
Jeff Foster,Indiana Pacers,IND,10,C,6-11,236,"January 16, 1977",us,10,Texas State University,/players/f/fosteje01.html
Danny Granger,Indiana Pacers,IND,33,SF,6-9,222,"April 20, 1983",us,4,University of New Mexico,/players/g/grangda01.html
Tyler Hansbrough,Indiana Pacers,IND,50,PF,6-9,250,"November 3, 1985",us,R,University of North Carolina,/players/h/hansbty01.html
Luther Head,Indiana Pacers,IND,13,SG,6-3,185,"November 26, 1982",us,4,University of Illinois at Urbana-Champaign,/players/h/headlu01.html
Roy Hibbert,Indiana Pacers,IND,55,C,7-2,270,"December 11, 1986",us,1,Georgetown University,/players/h/hibbero01.html
Dahntay Jones,Indiana Pacers,IND,1,SF,6-6,225,"December 27, 1980",us,6,Duke University,/players/j/jonesda02.html
Solomon Jones,Indiana Pacers,IND,44,C,6-10,230,"July 16, 1984",us,3,University of South Florida,/players/j/jonesso01.html
Josh McRoberts,Indiana Pacers,IND,32,C,6-10,240,"February 28, 1987",us,2,Duke University,/players/m/mcrobjo01.html
Troy Murphy,Indiana Pacers,IND,3,PF,6-11,245,"May 2, 1980",us,8,University of Notre Dame,/players/m/murphtr01.html
A.J. Price,Indiana Pacers,IND,22,PG,6-2,181,"October 7, 1986",us,R,University of Connecticut,/players/p/priceaj01.html
Brandon Rush,Indiana Pacers,IND,25,SG,6-6,220,"July 7, 1985",us,1,University of Kansas,/players/r/rushbr01.html
Earl Watson,Indiana Pacers,IND,2,PG,6-1,195,"June 12, 1979",us,8,"University of California, Los Angeles",/players/w/watsoea01.html
Steve Blake,Los Angeles Clippers,LAC,2,PG,6-3,172,"February 26, 1980",us,6,University of Maryland,/players/b/blakest01.html
Bobby Brown,Los Angeles Clippers,LAC,6,PG,6-2,175,"September 24, 1984",us,1,"California State University, Fullerton",/players/b/brownbo02.html
Rasual Butler,Los Angeles Clippers,LAC,45,SF,6-7,215,"May 23, 1979",us,7,La Salle University,/players/b/butlera01.html
Marcus Camby,Los Angeles Clippers,LAC,23,PF,6-11,220,"March 22, 1974",us,13,University of Massachusetts Amherst,/players/c/cambyma01.html
Mardy Collins,Los Angeles Clippers,LAC,25,SG,6-6,220,"August 4, 1984",us,3,Temple University,/players/c/collima01.html
JamesOn Curry,Los Angeles Clippers,LAC,44,PG,6-3,190,"January 7, 1986",us,R,Oklahoma State University,/players/c/curryja01.html
Baron Davis,Los Angeles Clippers,LAC,1,PG,6-3,209,"April 13, 1979",us,10,"University of California, Los Angeles",/players/d/davisba01.html
Ricky Davis,Los Angeles Clippers,LAC,31,SF,6-6,195,"September 23, 1979",us,11,University of Iowa,/players/d/davisri01.html
Drew Gooden,Los Angeles Clippers,LAC,0,PF,6-10,250,"September 24, 1981",us,7,University of Kansas,/players/g/goodedr01.html
Eric Gordon,Los Angeles Clippers,LAC,10,SG,6-4,215,"December 25, 1988",us,1,Indiana University,/players/g/gordoer01.html
DeAndre Jordan,Los Angeles Clippers,LAC,9,C,6-11,265,"July 21, 1988",us,1,Texas A&M University,/players/j/jordade01.html
Chris Kaman,Los Angeles Clippers,LAC,35,C,7-0,265,"April 28, 1982",us,6,Central Michigan University,/players/k/kamanch01.html
Steve Novak,Los Angeles Clippers,LAC,20,SF,6-10,225,"June 13, 1983",us,3,Marquette University,/players/n/novakst01.html
Travis Outlaw,Los Angeles Clippers,LAC,34,SF,6-9,210,"September 18, 1984",us,6,,/players/o/outlatr01.html
Kareem Rush,Los Angeles Clippers,LAC,21,SG,6-6,215,"October 30, 1980",us,6,University of Missouri,/players/r/rushka01.html
Brian Skinner,Los Angeles Clippers,LAC,8,PF,6-9,255,"May 19, 1976",us,11,Baylor University,/players/s/skinnbr01.html
Craig Smith,Los Angeles Clippers,LAC,5,PF,6-7,250,"November 10, 1983",us,3,Boston College,/players/s/smithcr01.html
Sebastian Telfair,Los Angeles Clippers,LAC,3,PG,6-0,165,"June 9, 1985",us,5,,/players/t/telfase01.html
Al Thornton,Los Angeles Clippers,LAC,12,SF,6-8,220,"December 7, 1983",us,2,Florida State University,/players/t/thornal01.html
Shannon Brown,Los Angeles Lakers,LAL,12,SG,6-4,205,"November 29, 1985",us,3,Michigan State University,/players/b/brownsh01.html
Kobe Bryant,Los Angeles Lakers,LAL,24,SG,6-6,212,"August 23, 1978",us,13,,/players/b/bryanko01.html
Andrew Bynum,Los Angeles Lakers,LAL,17,C,7-0,285,"October 27, 1987",us,4,,/players/b/bynuman01.html
Jordan Farmar,Los Angeles Lakers,LAL,1,PG,6-2,180,"November 30, 1986",us,3,"University of California, Los Angeles",/players/f/farmajo01.html
Derek Fisher,Los Angeles Lakers,LAL,2,PG,6-1,200,"August 9, 1974",us,13,University of Arkansas at Little Rock,/players/f/fishede01.html
Pau Gasol,Los Angeles Lakers,LAL,16,C,7-0,250,"July 6, 1980",es,8,,/players/g/gasolpa01.html
Didier Ilunga-Mbenga,Los Angeles Lakers,LAL,28,C,7-0,245,"December 30, 1980",cd,5,,/players/m/mbengdj01.html
Adam Morrison,Los Angeles Lakers,LAL,6,SF,6-8,205,"July 19, 1984",us,2,Gonzaga University,/players/m/morriad01.html
Lamar Odom,Los Angeles Lakers,LAL,7,PF,6-10,220,"November 6, 1979",us,10,University of Rhode Island,/players/o/odomla01.html
Josh Powell,Los Angeles Lakers,LAL,21,PF,6-9,225,"January 25, 1983",us,4,North Carolina State University,/players/p/poweljo01.html
Sasha Vujacic,Los Angeles Lakers,LAL,18,SG,6-7,195,"March 8, 1984",si,5,,/players/v/vujacsa01.html
Luke Walton,Los Angeles Lakers,LAL,4,SF,6-8,235,"March 28, 1980",us,6,University of Arizona,/players/w/waltolu01.html
Metta World Peace,Los Angeles Lakers,LAL,37,SF,6-6,260,"November 13, 1979",us,10,St. John's University,/players/a/artesro01.html
Darrell Arthur,Memphis Grizzlies,MEM,00,PF,6-9,235,"March 25, 1988",us,1,University of Kansas,/players/a/arthuda01.html
Ronnie Brewer,Memphis Grizzlies,MEM,9,SG,6-7,220,"March 20, 1985",us,3,University of Arkansas,/players/b/brewero02.html
DeMarre Carroll,Memphis Grizzlies,MEM,1,SF,6-8,215,"July 27, 1986",us,R,University of Missouri,/players/c/carrode01.html
Mike Conley,Memphis Grizzlies,MEM,11,PG,6-1,175,"October 11, 1987",us,2,Ohio State University,/players/c/conlemi01.html
Marc Gasol,Memphis Grizzlies,MEM,33,C,7-1,255,"January 29, 1985",es,1,,/players/g/gasolma01.html
Rudy Gay,Memphis Grizzlies,MEM,22,SF,6-8,230,"August 17, 1986",us,3,University of Connecticut,/players/g/gayru01.html
Trey Gilder,Memphis Grizzlies,MEM,2,SF,6-9,185,"January 24, 1985",us,R,Northwestern State University,/players/g/gildetr01.html
Hamed Haddadi,Memphis Grizzlies,MEM,15,C,7-2,254,"May 19, 1985",ir,1,,/players/h/haddaha01.html
Lester Hudson,Memphis Grizzlies,MEM,25,PG,6-3,190,"August 7, 1984",us,R,University of Tennessee at Martin,/players/h/hudsole01.html
Steven Hunter,Memphis Grizzlies,MEM,45,C,7-0,220,"October 31, 1981",us,7,DePaul University,/players/h/huntest01.html
Allen Iverson,Memphis Grizzlies,MEM,3,PG,6-0,165,"June 7, 1975",us,13,Georgetown University,/players/i/iversal01.html
O.J. Mayo,Memphis Grizzlies,MEM,32,SG,6-5,210,"November 5, 1987",us,1,University of Southern California,/players/m/mayooj01.html
Zach Randolph,Memphis Grizzlies,MEM,50,PF,6-9,260,"July 16, 1981",us,8,Michigan State University,/players/r/randoza01.html
Hasheem Thabeet,Memphis Grizzlies,MEM,34,C,7-3,263,"February 16, 1987",tz,R,University of Connecticut,/players/t/thabeha01.html
Jamaal Tinsley,Memphis Grizzlies,MEM,10,PG,6-3,195,"February 28, 1978",us,7,Iowa State University,/players/t/tinslja01.html
Marcus Williams,Memphis Grizzlies,MEM,5,PG,6-3,205,"December 3, 1985",us,3,University of Connecticut,/players/w/willima03.html
Sam Young,Memphis Grizzlies,MEM,4,SF,6-6,220,"June 1, 1985",us,R,University of Pittsburgh,/players/y/youngsa01.html
Rafer Alston,Miami Heat,MIA,11,PG,6-2,171,"July 24, 1976",us,10,"California State University, Fresno",/players/a/alstora01.html
Joel Anthony,Miami Heat,MIA,50,C,6-9,245,"August 9, 1982",ca,2,"University of Nevada, Las Vegas",/players/a/anthojo01.html
Carlos Arroyo,Miami Heat,MIA,8,PG,6-2,202,"July 30, 1979",pr,7,Florida International University,/players/a/arroyca01.html
Michael Beasley,Miami Heat,MIA,30,PF,6-9,235,"January 9, 1989",us,1,Kansas State University,/players/b/beaslmi01.html
Mario Chalmers,Miami Heat,MIA,6,PG,6-2,190,"May 19, 1986",us,1,University of Kansas,/players/c/chalmma01.html
Daequan Cook,Miami Heat,MIA,14,SG,6-5,205,"April 28, 1987",us,2,Ohio State University,/players/c/cookda02.html
Yakhouba Diawara,Miami Heat,MIA,9,SG,6-7,225,"August 29, 1982",fr,3,Pepperdine University,/players/d/diawaya01.html
Udonis Haslem,Miami Heat,MIA,40,PF,6-8,235,"June 9, 1980",us,6,University of Florida,/players/h/hasleud01.html
James Jones,Miami Heat,MIA,22,SF,6-8,218,"October 4, 1980",us,6,University of Miami,/players/j/jonesja02.html
Jamaal Magloire,Miami Heat,MIA,21,C,6-11,259,"May 21, 1978",ca,9,University of Kentucky,/players/m/magloja01.html
Jermaine O'Neal,Miami Heat,MIA,7,C,6-11,226,"October 13, 1978",us,13,,/players/o/onealje01.html
Shavlik Randolph,Miami Heat,MIA,42,PF,6-10,240,"November 24, 1983",us,4,Duke University,/players/r/randosh01.html
Quentin Richardson,Miami Heat,MIA,5,SF,6-6,223,"April 13, 1980",us,9,DePaul University,/players/r/richaqu01.html
Dwyane Wade,Miami Heat,MIA,3,SG,6-4,220,"January 17, 1982",us,6,Marquette University,/players/w/wadedw01.html
Dorell Wright,Miami Heat,MIA,1,SF,6-9,205,"December 2, 1985",us,5,,/players/w/wrighdo01.html
Charlie Bell,Milwaukee Bucks,MIL,42,SG,6-3,200,"March 12, 1979",us,5,Michigan State University,/players/b/bellch01.html
Andrew Bogut,Milwaukee Bucks,MIL,6,C,7-0,260,"November 28, 1984",au,4,University of Utah,/players/b/bogutan01.html
Primoz Brezec,Milwaukee Bucks,MIL,9,C,7-2,252,"October 2, 1979",si,7,,/players/b/brezepr01.html
Carlos Delfino,Milwaukee Bucks,MIL,10,SF,6-6,230,"August 29, 1982",ar,4,,/players/d/delfica01.html
Francisco Elson,Milwaukee Bucks,MIL,9,C,7-0,235,"February 28, 1976",nl,6,University of California,/players/e/elsonfr01.html
Dan Gadzuric,Milwaukee Bucks,MIL,50,C,6-11,240,"February 2, 1978",nl,7,"University of California, Los Angeles",/players/g/gadzuda01.html
Ersan Ilyasova,Milwaukee Bucks,MIL,7,PF,6-10,235,"May 15, 1987",tr,1,,/players/i/ilyaser01.html
Royal Ivey,Milwaukee Bucks,MIL,11,SG,6-3,200,"December 20, 1981",us,5,University of Texas at Austin,/players/i/iveyro01.html
Darnell Jackson,Milwaukee Bucks,MIL,00,PF,6-9,253,"November 7, 1985",us,1,University of Kansas,/players/j/jacksda01.html
Brandon Jennings,Milwaukee Bucks,MIL,3,PG,6-1,170,"September 23, 1989",us,R,,/players/j/jennibr01.html
Luc Mbah a Moute,Milwaukee Bucks,MIL,12,PF,6-8,230,"September 9, 1986",cm,1,"University of California, Los Angeles",/players/m/mbahalu01.html
Jodie Meeks,Milwaukee Bucks,MIL,23,SG,6-4,210,"August 21, 1987",us,R,University of Kentucky,/players/m/meeksjo01.html
Michael Redd,Milwaukee Bucks,MIL,22,SG,6-6,220,"August 24, 1979",us,9,Ohio State University,/players/r/reddmi01.html
Luke Ridnour,Milwaukee Bucks,MIL,13,PG,6-2,175,"February 13, 1981",us,6,University of Oregon,/players/r/ridnolu01.html
John Salmons,Milwaukee Bucks,MIL,15,SG,6-7,210,"December 12, 1979",us,7,University of Miami,/players/s/salmojo01.html
Jerry Stackhouse,Milwaukee Bucks,MIL,24,SG,6-6,218,"November 5, 1974",us,14,University of North Carolina,/players/s/stackje01.html
Kurt Thomas,Milwaukee Bucks,MIL,40,C,6-9,230,"October 4, 1972",us,14,Texas Christian University,/players/t/thomaku01.html
Roko Ukic,Milwaukee Bucks,MIL,20,PG,6-5,183,"May 12, 1984",hr,1,,/players/u/ukicro01.html
Hakim Warrick,Milwaukee Bucks,MIL,21,PF,6-9,219,"July 8, 1982",us,4,Syracuse University,/players/w/warriha01.html
Corey Brewer,Minnesota Timberwolves,MIN,22,SG,6-9,186,"March 5, 1986",us,2,University of Florida,/players/b/breweco01.html
Brian Cardinal,Minnesota Timberwolves,MIN,14,PF,6-8,245,"May 2, 1977",us,9,Purdue University,/players/c/cardibr01.html
Wayne Ellington,Minnesota Timberwolves,MIN,19,SG,6-4,200,"October 29, 1987",us,R,University of North Carolina,/players/e/ellinwa01.html
Jonny Flynn,Minnesota Timberwolves,MIN,10,PG,6-0,185,"February 6, 1989",us,R,Syracuse University,/players/f/flynnjo01.html
Ryan Gomes,Minnesota Timberwolves,MIN,8,SF,6-7,250,"September 1, 1982",us,4,Providence College,/players/g/gomesry01.html
Jason Hart,Minnesota Timberwolves,MIN,6,PG,6-3,185,"April 29, 1978",us,8,Syracuse University,/players/h/hartja01.html
Ryan Hollins,Minnesota Timberwolves,MIN,1,C,7-0,240,"October 10, 1984",us,3,"University of California, Los Angeles",/players/h/holliry01.html
Nathan Jawai,Minnesota Timberwolves,MIN,15,C,6-10,280,"October 10, 1986",au,1,Midland College,/players/j/jawaina01.html
Al Jefferson,Minnesota Timberwolves,MIN,25,C,6-10,289,"January 4, 1985",us,5,,/players/j/jeffeal01.html
Kevin Love,Minnesota Timberwolves,MIN,42,PF,6-10,251,"September 7, 1988",us,1,"University of California, Los Angeles",/players/l/loveke01.html
Darko Milicic,Minnesota Timberwolves,MIN,31,C,7-0,250,"June 20, 1985",rs,6,,/players/m/milicda01.html
Sasha Pavlovic,Minnesota Timberwolves,MIN,11,SF,6-8,220,"November 15, 1983",me,6,,/players/p/pavloal01.html
Oleksiy Pecherov,Minnesota Timberwolves,MIN,4,C,7-0,232,"December 8, 1985",ua,2,,/players/p/pecheol01.html
Ramon Sessions,Minnesota Timberwolves,MIN,7,PG,6-3,190,"April 11, 1986",us,2,"University of Nevada, Reno",/players/s/sessira01.html
Alando Tucker,Minnesota Timberwolves,MIN,29,SF,6-6,205,"February 11, 1984",us,2,University of Wisconsin,/players/t/tuckeal02.html
Damien Wilkins,Minnesota Timberwolves,MIN,3,SF,6-6,225,"January 11, 1980",us,5,University of Georgia,/players/w/wilkida02.html
Hilton Armstrong,New Orleans Pelicans,NOH,12,PF,6-11,235,"November 11, 1984",us,3,University of Connecticut,/players/a/armsthi01.html
Bobby Brown,New Orleans Pelicans,NOH,6,PG,6-2,175,"September 24, 1984",us,1,"California State University, Fullerton",/players/b/brownbo02.html
Devin Brown,New Orleans Pelicans,NOH,23,SG,6-5,220,"December 30, 1978",us,7,University of Texas at San Antonio,/players/b/brownde02.html
Darren Collison,New Orleans Pelicans,NOH,2,PG,6-0,175,"August 23, 1987",us,R,"University of California, Los Angeles",/players/c/collida01.html
Aaron Gray,New Orleans Pelicans,NOH,34,C,7-0,270,"December 7, 1984",us,2,University of Pittsburgh,/players/g/grayaa01.html
Jason Hart,New Orleans Pelicans,NOH,11,PG,6-3,185,"April 29, 1978",us,8,Syracuse University,/players/h/hartja01.html
Sean Marks,New Orleans Pelicans,NOH,4,C,6-10,250,"August 23, 1975",nz,9,University of California,/players/m/marksse01.html
Emeka Okafor,New Orleans Pelicans,NOH,50,C,6-10,252,"September 28, 1982",us,5,University of Connecticut,/players/o/okafoem01.html
Chris Paul,New Orleans Pelicans,NOH,3,PG,6-0,175,"May 6, 1985",us,4,Wake Forest University,/players/p/paulch01.html
Morris Peterson,New Orleans Pelicans,NOH,24,SG,6-7,218,"August 26, 1977",us,9,Michigan State University,/players/p/petermo01.html
James Posey,New Orleans Pelicans,NOH,41,SF,6-8,215,"January 13, 1977",us,10,Xavier University,/players/p/poseyja01.html
Darius Songaila,New Orleans Pelicans,NOH,9,C,6-9,248,"February 14, 1978",lt,6,Wake Forest University,/players/s/songada01.html
Peja Stojakovic,New Orleans Pelicans,NOH,16,SF,6-9,220,"June 9, 1977",hr,11,,/players/s/stojape01.html
Marcus Thornton,New Orleans Pelicans,NOH,5,SG,6-4,205,"June 5, 1987",us,R,Louisiana State University,/players/t/thornma01.html
David West,New Orleans Pelicans,NOH,30,PF,6-9,250,"August 29, 1980",us,6,Xavier University,/players/w/westda01.html
Julian Wright,New Orleans Pelicans,NOH,32,SF,6-8,225,"May 20, 1987",us,2,University of Kansas,/players/w/wrighju01.html
Earl Barron,New York Knicks,NYK,30,C,7-0,250,"August 14, 1981",us,3,University of Memphis,/players/b/barroea01.html
Jonathan Bender,New York Knicks,NYK,9,SF,6-11,202,"January 30, 1981",us,7,,/players/b/bendejo01.html
Wilson Chandler,New York Knicks,NYK,21,SG,6-8,225,"May 10, 1987",us,2,DePaul University,/players/c/chandwi01.html
Eddy Curry,New York Knicks,NYK,34,C,7-0,295,"December 5, 1982",us,8,,/players/c/curryed01.html
Toney Douglas,New York Knicks,NYK,23,PG,6-2,195,"March 16, 1986",us,R,Florida State University,/players/d/douglto01.html
Chris Duhon,New York Knicks,NYK,1,PG,6-1,185,"August 31, 1982",us,5,Duke University,/players/d/duhonch01.html
Danilo Gallinari,New York Knicks,NYK,8,SF,6-10,225,"August 8, 1988",it,1,,/players/g/gallida01.html
J.R. Giddens,New York Knicks,NYK,4,SF,6-5,215,"February 13, 1985",us,1,University of New Mexico,/players/g/giddejr01.html
Al Harrington,New York Knicks,NYK,7,PF,6-9,230,"February 17, 1980",us,11,,/players/h/harrial01.html
Jordan Hill,New York Knicks,NYK,43,PF,6-10,235,"July 27, 1987",us,R,University of Arizona,/players/h/hilljo01.html
Eddie House,New York Knicks,NYK,50,SG,6-1,180,"May 14, 1978",us,9,Arizona State University,/players/h/houseed01.html
Larry Hughes,New York Knicks,NYK,0,SG,6-5,184,"January 23, 1979",us,11,Saint Louis University,/players/h/hughela01.html
Jared Jeffries,New York Knicks,NYK,20,PF,6-11,230,"November 25, 1981",us,7,Indiana University,/players/j/jeffrja01.html
Marcus Landry,New York Knicks,NYK,11,SF,6-7,230,"November 1, 1985",us,R,University of Wisconsin,/players/l/landrma01.html
David Lee,New York Knicks,NYK,42,C,6-9,245,"April 29, 1983",us,4,University of Florida,/players/l/leeda02.html
Tracy McGrady,New York Knicks,NYK,3,SG,6-8,210,"May 24, 1979",us,12,,/players/m/mcgratr01.html
Darko Milicic,New York Knicks,NYK,31,C,7-0,250,"June 20, 1985",rs,6,,/players/m/milicda01.html
Nate Robinson,New York Knicks,NYK,2,PG,5-9,180,"May 31, 1984",us,4,University of Washington,/players/r/robinna01.html
Sergio Rodriguez,New York Knicks,NYK,13,PG,6-3,176,"June 12, 1986",es,3,,/players/r/rodrise01.html
Henry Walker,New York Knicks,NYK,5,SG,6-6,220,"October 9, 1987",us,1,Kansas State University,/players/w/walkebi01.html
Antonio Anderson,Oklahoma City Thunder,OKC,8,SF,6-6,215,"June 5, 1985",us,R,University of Memphis,/players/a/anderan02.html
Ryan Bowen,Oklahoma City Thunder,OKC,40,SF,6-7,215,"November 20, 1975",us,9,University of Iowa,/players/b/bowenry01.html
Nick Collison,Oklahoma City Thunder,OKC,4,C,6-10,255,"October 26, 1980",us,5,University of Kansas,/players/c/collini01.html
Kevin Durant,Oklahoma City Thunder,OKC,35,SF,6-9,240,"September 29, 1988",us,2,University of Texas at Austin,/players/d/duranke01.html
Jeff Green,Oklahoma City Thunder,OKC,22,PF,6-9,235,"August 28, 1986",us,2,Georgetown University,/players/g/greenje02.html
James Harden,Oklahoma City Thunder,OKC,13,SG,6-5,220,"August 26, 1989",us,R,Arizona State University,/players/h/hardeja01.html
Serge Ibaka,Oklahoma City Thunder,OKC,9,PF,6-10,235,"September 18, 1989",cg,R,,/players/i/ibakase01.html
Nenad Krstic,Oklahoma City Thunder,OKC,12,C,7-0,240,"July 25, 1983",rs,5,,/players/k/krstine01.html
Shaun Livingston,Oklahoma City Thunder,OKC,14,PG,6-7,192,"September 11, 1985",us,4,,/players/l/livinsh01.html
Eric Maynor,Oklahoma City Thunder,OKC,6,PG,6-3,175,"June 11, 1987",us,R,Virginia Commonwealth University,/players/m/maynoer01.html
Byron Mullens,Oklahoma City Thunder,OKC,23,PF,7-0,275,"February 14, 1989",us,R,Ohio State University,/players/m/mulleby01.html
Kevin Ollie,Oklahoma City Thunder,OKC,7,PG,6-4,195,"December 27, 1972",us,12,University of Connecticut,/players/o/ollieke01.html
Thabo Sefolosha,Oklahoma City Thunder,OKC,2,SG,6-7,220,"May 2, 1984",ch,3,,/players/s/sefolth01.html
Etan Thomas,Oklahoma City Thunder,OKC,36,C,6-9,256,"April 1, 1978",us,7,Syracuse University,/players/t/thomaet01.html
Kyle Weaver,Oklahoma City Thunder,OKC,5,SG,6-6,201,"February 18, 1986",us,1,Washington State University,/players/w/weaveky01.html
Russell Westbrook,Oklahoma City Thunder,OKC,0,PG,6-3,200,"November 12, 1988",us,1,"University of California, Los Angeles",/players/w/westbru01.html
D.J. White,Oklahoma City Thunder,OKC,3,PF,6-9,251,"August 31, 1986",us,1,Indiana University,/players/w/whitedj01.html
Mike Wilks,Oklahoma City Thunder,OKC,29,PG,5-10,185,"May 7, 1979",us,6,Rice University,/players/w/wilksmi01.html
Ryan Anderson,Orlando Magic,ORL,33,PF,6-10,240,"May 6, 1988",us,1,University of California,/players/a/anderry01.html
Matt Barnes,Orlando Magic,ORL,22,SF,6-7,226,"March 9, 1980",us,6,"University of California, Los Angeles",/players/b/barnema02.html
Brandon Bass,Orlando Magic,ORL,30,PF,6-8,250,"April 30, 1985",us,4,Louisiana State University,/players/b/bassbr01.html
Vince Carter,Orlando Magic,ORL,15,SG,6-6,220,"January 26, 1977",us,11,University of North Carolina,/players/c/cartevi01.html
Marcin Gortat,Orlando Magic,ORL,13,C,6-11,240,"February 17, 1984",pl,2,,/players/g/gortama01.html
Dwight Howard,Orlando Magic,ORL,12,C,6-11,265,"December 8, 1985",us,5,,/players/h/howardw01.html
Anthony Johnson,Orlando Magic,ORL,8,PG,6-3,190,"October 2, 1974",us,12,College of Charleston,/players/j/johnsan02.html
Rashard Lewis,Orlando Magic,ORL,9,PF,6-10,215,"August 8, 1979",us,11,,/players/l/lewisra02.html
Jameer Nelson,Orlando Magic,ORL,14,PG,6-0,190,"February 9, 1982",us,5,Saint Joseph's University,/players/n/nelsoja01.html
Mickael Pietrus,Orlando Magic,ORL,20,SF,6-6,215,"February 7, 1982",gp,6,,/players/p/pietrmi01.html
J.J. Redick,Orlando Magic,ORL,7,SG,6-4,190,"June 24, 1984",us,3,Duke University,/players/r/redicjj01.html
Jason Williams,Orlando Magic,ORL,44,PG,6-1,190,"November 18, 1975",us,10,University of Florida,/players/w/willija02.html
Elton Brand,Philadelphia 76ers,PHI,42,PF,6-8,275,"March 11, 1979",us,10,Duke University,/players/b/brandel01.html
Primoz Brezec,Philadelphia 76ers,PHI,7,C,7-2,252,"October 2, 1979",si,7,,/players/b/brezepr01.html
Rodney Carney,Philadelphia 76ers,PHI,25,SG,6-7,205,"April 15, 1984",us,3,University of Memphis,/players/c/carnero01.html
Samuel Dalembert,Philadelphia 76ers,PHI,1,C,6-11,255,"May 10, 1981",ht,7,Seton Hall University,/players/d/dalemsa01.html
Francisco Elson,Philadelphia 76ers,PHI,8,C,7-0,235,"February 28, 1976",nl,6,University of California,/players/e/elsonfr01.html
Willie Green,Philadelphia 76ers,PHI,33,SG,6-4,200,"July 28, 1981",us,6,University of Detroit Mercy,/players/g/greenwi01.html
Jrue Holiday,Philadelphia 76ers,PHI,11,PG,6-4,205,"June 12, 1990",us,R,"University of California, Los Angeles",/players/h/holidjr01.html
Andre Iguodala,Philadelphia 76ers,PHI,9,SF,6-6,215,"January 28, 1984",us,5,University of Arizona,/players/i/iguodan01.html
Allen Iverson,Philadelphia 76ers,PHI,3,SG,6-0,165,"June 7, 1975",us,13,Georgetown University,/players/i/iversal01.html
Royal Ivey,Philadelphia 76ers,PHI,12,SG,6-3,200,"December 20, 1981",us,5,University of Texas at Austin,/players/i/iveyro01.html
Jason Kapono,Philadelphia 76ers,PHI,72,SF,6-8,213,"February 4, 1981",us,6,"University of California, Los Angeles",/players/k/kaponja01.html
Jodie Meeks,Philadelphia 76ers,PHI,20,SG,6-4,210,"August 21, 1987",us,R,University of Kentucky,/players/m/meeksjo01.html
Jason Smith,Philadelphia 76ers,PHI,14,PF,7-0,245,"March 2, 1986",us,1,Colorado State University,/players/s/smithja02.html
Marreese Speights,Philadelphia 76ers,PHI,16,C,6-10,255,"August 4, 1987",us,1,University of Florida,/players/s/speigma01.html
Lou Williams,Philadelphia 76ers,PHI,23,PG,6-1,175,"October 27, 1986",us,4,,/players/w/willilo02.html
Thaddeus Young,Philadelphia 76ers,PHI,21,PF,6-8,221,"June 21, 1988",us,2,Georgia Institute of Technology,/players/y/youngth01.html
Lou Amundson,Phoenix Suns,PHO,17,PF,6-9,220,"December 7, 1982",us,3,"University of Nevada, Las Vegas",/players/a/amundlo01.html
Leandro Barbosa,Phoenix Suns,PHO,10,PG,6-3,194,"November 28, 1982",br,6,,/players/b/barbole01.html
Earl Clark,Phoenix Suns,PHO,55,PF,6-10,225,"January 17, 1988",us,R,University of Louisville,/players/c/clarkea01.html
Jarron Collins,Phoenix Suns,PHO,20,C,6-11,255,"December 2, 1978",us,8,Stanford University,/players/c/collija03.html
Goran Dragic,Phoenix Suns,PHO,2,PG,6-3,190,"May 6, 1986",si,1,,/players/d/dragigo01.html
Jared Dudley,Phoenix Suns,PHO,3,SF,6-7,225,"July 10, 1985",us,2,Boston College,/players/d/dudleja01.html
Channing Frye,Phoenix Suns,PHO,8,C,6-11,255,"May 17, 1983",us,4,University of Arizona,/players/f/fryech01.html
Taylor Griffin,Phoenix Suns,PHO,32,SF,6-7,238,"April 18, 1986",us,R,University of Oklahoma,/players/g/griffta01.html
Grant Hill,Phoenix Suns,PHO,33,SF,6-8,225,"October 5, 1972",us,14,Duke University,/players/h/hillgr01.html
Dwayne Jones,Phoenix Suns,PHO,21,PF,6-11,250,"June 9, 1983",us,4,Saint Joseph's University,/players/j/jonesdw02.html
Robin Lopez,Phoenix Suns,PHO,15,C,7-0,255,"April 1, 1988",us,1,Stanford University,/players/l/lopezro01.html
Steve Nash,Phoenix Suns,PHO,13,PG,6-3,195,"February 7, 1974",za,13,Santa Clara University,/players/n/nashst01.html
Jason Richardson,Phoenix Suns,PHO,23,SG,6-6,220,"January 20, 1981",us,8,Michigan State University,/players/r/richaja01.html
Amar'e Stoudemire,Phoenix Suns,PHO,1,PF,6-10,245,"November 16, 1982",us,7,,/players/s/stoudam01.html
Alando Tucker,Phoenix Suns,PHO,29,SF,6-6,205,"February 11, 1984",us,2,University of Wisconsin,/players/t/tuckeal02.html
LaMarcus Aldridge,Portland Trail Blazers,POR,12,PF,6-11,260,"July 19, 1985",us,3,University of Texas at Austin,/players/a/aldrila01.html
Jeff Ayres,Portland Trail Blazers,POR,31,C,6-9,240,"April 29, 1987",us,R,Arizona State University,/players/p/pendeje02.html
Nicolas Batum,Portland Trail Blazers,POR,88,SF,6-8,200,"December 14, 1988",fr,1,,/players/b/batumni01.html
Jerryd Bayless,Portland Trail Blazers,POR,4,SG,6-3,200,"August 20, 1988",us,1,University of Arizona,/players/b/bayleje01.html
Steve Blake,Portland Trail Blazers,POR,2,PG,6-3,172,"February 26, 1980",us,6,University of Maryland,/players/b/blakest01.html
Marcus Camby,Portland Trail Blazers,POR,21,C,6-11,220,"March 22, 1974",us,13,University of Massachusetts Amherst,/players/c/cambyma01.html
Dante Cunningham,Portland Trail Blazers,POR,33,PF,6-8,230,"April 22, 1987",us,R,Villanova University,/players/c/cunnida01.html
Travis Diener,Portland Trail Blazers,POR,27,PG,6-1,175,"March 1, 1982",us,4,Marquette University,/players/d/dienetr01.html
Rudy Fernandez,Portland Trail Blazers,POR,5,SG,6-6,185,"April 4, 1985",es,1,,/players/f/fernaru01.html
Juwan Howard,Portland Trail Blazers,POR,6,C,6-9,240,"February 7, 1973",us,15,University of Michigan,/players/h/howarju01.html
Andre Miller,Portland Trail Blazers,POR,24,PG,6-3,200,"March 19, 1976",us,10,University of Utah,/players/m/millean02.html
Patrick Mills,Portland Trail Blazers,POR,8,PG,6-0,185,"August 11, 1988",au,R,Saint Mary's College of California,/players/m/millspa02.html
Greg Oden,Portland Trail Blazers,POR,52,C,7-0,250,"January 22, 1988",us,1,Ohio State University,/players/o/odengr01.html
Travis Outlaw,Portland Trail Blazers,POR,25,SF,6-9,210,"September 18, 1984",us,6,,/players/o/outlatr01.html
Joel Przybilla,Portland Trail Blazers,POR,10,C,7-1,255,"October 10, 1979",us,9,University of Minnesota,/players/p/przybjo01.html
Shavlik Randolph,Portland Trail Blazers,POR,42,PF,6-10,240,"November 24, 1983",us,4,Duke University,/players/r/randosh01.html
Brandon Roy,Portland Trail Blazers,POR,7,SG,6-6,215,"July 23, 1984",us,3,University of Washington,/players/r/roybr01.html
Anthony Tolliver,Portland Trail Blazers,POR,44,PF,6-8,240,"June 1, 1985",us,1,Creighton University,/players/t/tollian01.html
Martell Webster,Portland Trail Blazers,POR,23,SF,6-7,230,"December 4, 1986",us,4,,/players/w/webstma02.html
Hilton Armstrong,Sacramento Kings,SAC,8,C,6-11,235,"November 11, 1984",us,3,University of Connecticut,/players/a/armsthi01.html
Jon Brockman,Sacramento Kings,SAC,40,PF,6-7,255,"March 20, 1987",us,R,University of Washington,/players/b/brockjo01.html
Omri Casspi,Sacramento Kings,SAC,18,SF,6-9,225,"June 22, 1988",il,R,,/players/c/casspom01.html
Joey Dorsey,Sacramento Kings,SAC,15,PF,6-8,268,"December 16, 1983",us,1,University of Memphis,/players/d/dorsejo01.html
Tyreke Evans,Sacramento Kings,SAC,13,SG,6-6,220,"September 19, 1989",us,R,University of Memphis,/players/e/evansty01.html
Francisco Garcia,Sacramento Kings,SAC,32,SG,6-7,195,"December 31, 1981",do,4,University of Louisville,/players/g/garcifr01.html
Donte Greene,Sacramento Kings,SAC,20,SF,6-11,226,"February 21, 1988",de,1,Syracuse University,/players/g/greendo01.html
Spencer Hawes,Sacramento Kings,SAC,31,C,7-1,245,"April 28, 1988",us,2,University of Washington,/players/h/hawessp01.html
Carl Landry,Sacramento Kings,SAC,24,PF,6-9,248,"September 19, 1983",us,2,Purdue University,/players/l/landrca01.html
Kevin Martin,Sacramento Kings,SAC,23,SG,6-7,199,"February 1, 1983",us,5,Western Carolina University,/players/m/martike02.html
Desmond Mason,Sacramento Kings,SAC,24,SF,6-7,224,"October 11, 1977",us,9,Oklahoma State University,/players/m/masonde01.html
Sean May,Sacramento Kings,SAC,42,C,6-9,266,"April 4, 1984",us,3,University of North Carolina,/players/m/mayse01.html
Dominic McGuire,Sacramento Kings,SAC,7,SF,6-9,220,"October 20, 1985",us,2,"California State University, Fresno",/players/m/mcguido01.html
Andres Nocioni,Sacramento Kings,SAC,5,SF,6-7,225,"November 30, 1979",ar,5,,/players/n/nocioan01.html
Sergio Rodriguez,Sacramento Kings,SAC,10,PG,6-3,176,"June 12, 1986",es,3,,/players/r/rodrise01.html
Garrett Temple,Sacramento Kings,SAC,17,SG,6-6,195,"May 8, 1986",us,R,Louisiana State University,/players/t/templga01.html
Kenny Thomas,Sacramento Kings,SAC,9,PF,6-7,261,"July 25, 1977",us,10,University of New Mexico,/players/t/thomake01.html
Jason Thompson,Sacramento Kings,SAC,34,C,6-11,250,"July 21, 1986",us,1,Rider University,/players/t/thompja02.html
Ime Udoka,Sacramento Kings,SAC,3,SG,6-6,215,"August 9, 1977",us,5,Portland State University,/players/u/udokaim01.html
Beno Udrih,Sacramento Kings,SAC,19,PG,6-3,205,"July 5, 1982",si,5,,/players/u/udrihbe01.html
DeJuan Blair,San Antonio Spurs,SAS,45,PF,6-7,270,"April 22, 1989",us,R,University of Pittsburgh,/players/b/blairde01.html
Keith Bogans,San Antonio Spurs,SAS,10,SF,6-5,215,"May 12, 1980",us,6,University of Kentucky,/players/b/boganke01.html
Matt Bonner,San Antonio Spurs,SAS,15,PF,6-10,235,"April 5, 1980",us,5,University of Florida,/players/b/bonnema01.html
Tim Duncan,San Antonio Spurs,SAS,21,C,6-11,250,"April 25, 1976",vi,12,Wake Forest University,/players/d/duncati01.html
Michael Finley,San Antonio Spurs,SAS,4,SF,6-7,215,"March 6, 1973",us,14,University of Wisconsin,/players/f/finlemi01.html
Manu Ginobili,San Antonio Spurs,SAS,20,SG,6-6,205,"July 28, 1977",ar,7,,/players/g/ginobma01.html
Malik Hairston,San Antonio Spurs,SAS,1,SG,6-6,220,"February 23, 1987",us,1,University of Oregon,/players/h/hairsma01.html
Marcus Haislip,San Antonio Spurs,SAS,22,SF,6-10,230,"December 22, 1980",us,3,University of Tennessee,/players/h/haislma01.html
George Hill,San Antonio Spurs,SAS,3,PG,6-3,188,"May 4, 1986",us,1,Indiana University-Purdue University Indianapolis,/players/h/hillge01.html
Cedric Jackson,San Antonio Spurs,SAS,11,PG,6-3,191,"March 5, 1986",us,R,Cleveland State University,/players/j/jacksce01.html
Richard Jefferson,San Antonio Spurs,SAS,24,SF,6-7,233,"June 21, 1980",us,8,University of Arizona,/players/j/jefferi01.html
Ian Mahinmi,San Antonio Spurs,SAS,28,C,6-11,250,"November 5, 1986",fr,1,,/players/m/mahinia01.html
Roger Mason,San Antonio Spurs,SAS,8,SG,6-5,200,"September 10, 1980",us,5,University of Virginia,/players/m/masonro01.html
Antonio McDyess,San Antonio Spurs,SAS,34,PF,6-9,220,"September 7, 1974",us,13,University of Alabama,/players/m/mcdyean01.html
Tony Parker,San Antonio Spurs,SAS,9,PG,6-2,185,"May 17, 1982",be,8,,/players/p/parketo01.html
Theo Ratliff,San Antonio Spurs,SAS,42,C,6-10,225,"April 17, 1973",us,14,University of Wyoming,/players/r/ratlith01.html
Garrett Temple,San Antonio Spurs,SAS,2,SG,6-6,195,"May 8, 1986",us,R,Louisiana State University,/players/t/templga01.html
Marcus Banks,Toronto Raptors,TOR,3,PG,6-2,200,"November 19, 1981",us,6,"University of Nevada, Las Vegas",/players/b/banksma01.html
Andrea Bargnani,Toronto Raptors,TOR,7,PF,7-0,245,"October 26, 1985",it,3,,/players/b/bargnan01.html
Marco Belinelli,Toronto Raptors,TOR,0,SG,6-5,210,"March 25, 1986",it,2,,/players/b/belinma01.html
Chris Bosh,Toronto Raptors,TOR,4,C,6-11,235,"March 24, 1984",us,6,Georgia Institute of Technology,/players/b/boshch01.html
Jose Calderon,Toronto Raptors,TOR,8,PG,6-3,200,"September 28, 1981",es,4,,/players/c/caldejo01.html
DeMar DeRozan,Toronto Raptors,TOR,10,SG,6-7,221,"August 7, 1989",us,R,University of Southern California,/players/d/derozde01.html
Reggie Evans,Toronto Raptors,TOR,30,PF,6-8,245,"May 18, 1980",us,7,University of Iowa,/players/e/evansre01.html
Jarrett Jack,Toronto Raptors,TOR,1,PG,6-3,200,"October 28, 1983",us,4,Georgia Institute of Technology,/players/j/jackja01.html
Amir Johnson,Toronto Raptors,TOR,15,PF,6-9,240,"May 1, 1987",us,4,,/players/j/johnsam01.html
Pops Mensah-Bonsu,Toronto Raptors,TOR,44,PF,6-9,240,"September 7, 1983",gb,2,George Washington University,/players/m/mensapo01.html
Rasho Nesterovic,Toronto Raptors,TOR,12,C,7-0,248,"May 30, 1976",si,11,,/players/n/nestera01.html
Patrick O'Bryant,Toronto Raptors,TOR,13,C,7-0,260,"June 20, 1986",us,3,Bradley University,/players/o/obryapa01.html
Hedo Turkoglu,Toronto Raptors,TOR,26,SF,6-10,220,"March 19, 1979",tr,9,,/players/t/turkohe01.html
Sonny Weems,Toronto Raptors,TOR,24,SG,6-6,205,"July 8, 1986",us,1,University of Arkansas,/players/w/weemsso01.html
Antoine Wright,Toronto Raptors,TOR,21,SF,6-7,210,"February 6, 1984",us,4,Texas A&M University,/players/w/wrighan01.html
Carlos Boozer,Utah Jazz,UTA,5,PF,6-9,258,"November 20, 1981",de,7,Duke University,/players/b/boozeca01.html
Ronnie Brewer,Utah Jazz,UTA,9,SG,6-7,220,"March 20, 1985",us,3,University of Arkansas,/players/b/brewero02.html
Kyrylo Fesenko,Utah Jazz,UTA,44,C,7-1,288,"December 24, 1986",ua,2,,/players/f/fesenky01.html
Sundiata Gaines,Utah Jazz,UTA,15,PG,6-1,185,"April 18, 1986",us,R,University of Georgia,/players/g/gainesu01.html
Othyus Jeffers,Utah Jazz,UTA,6,SG,6-5,200,"August 5, 1985",us,R,Robert Morris University (IL),/players/j/jeffeot01.html
Andrei Kirilenko,Utah Jazz,UTA,47,SF,6-9,220,"February 18, 1981",ru,8,,/players/k/kirilan01.html
Kyle Korver,Utah Jazz,UTA,26,SG,6-7,212,"March 17, 1981",us,6,Creighton University,/players/k/korveky01.html
Kosta Koufos,Utah Jazz,UTA,41,C,7-0,265,"February 24, 1989",us,1,Ohio State University,/players/k/koufoko01.html
Wesley Matthews,Utah Jazz,UTA,23,SG,6-5,220,"October 14, 1986",us,R,Marquette University,/players/m/matthwe02.html
Eric Maynor,Utah Jazz,UTA,3,PG,6-3,175,"June 11, 1987",us,R,Virginia Commonwealth University,/players/m/maynoer01.html
C.J. Miles,Utah Jazz,UTA,34,SF,6-6,225,"April 18, 1987",us,4,,/players/m/milescj01.html
Paul Millsap,Utah Jazz,UTA,24,PF,6-8,246,"February 10, 1985",us,3,Louisiana Tech University,/players/m/millspa01.html
Mehmet Okur,Utah Jazz,UTA,13,C,6-11,249,"May 26, 1979",tr,7,,/players/o/okurme01.html
Ronnie Price,Utah Jazz,UTA,17,PG,6-2,190,"June 21, 1983",us,4,Utah Valley State College,/players/p/pricero01.html
Deron Williams,Utah Jazz,UTA,8,PG,6-3,200,"June 26, 1984",us,4,University of Illinois at Urbana-Champaign,/players/w/willide01.html
Gilbert Arenas,Washington Wizards,WAS,0,PG,6-3,191,"January 6, 1982",us,8,University of Arizona,/players/a/arenagi01.html
Andray Blatche,Washington Wizards,WAS,7,PF,6-11,235,"August 22, 1986",us,4,,/players/b/blatcan01.html
Earl Boykins,Washington Wizards,WAS,12,PG,5-5,135,"June 2, 1976",us,10,Eastern Michigan University,/players/b/boykiea01.html
Caron Butler,Washington Wizards,WAS,3,SF,6-7,228,"March 13, 1980",us,7,University of Connecticut,/players/b/butleca01.html
Paul Davis,Washington Wizards,WAS,9,PF,6-11,270,"July 21, 1984",us,3,Michigan State University,/players/d/davispa01.html
Randy Foye,Washington Wizards,WAS,15,PG,6-4,213,"September 24, 1983",us,3,Villanova University,/players/f/foyera01.html
Alonzo Gee,Washington Wizards,WAS,24,SG,6-6,225,"May 29, 1987",us,R,University of Alabama,/players/g/geeal01.html
Mike Harris,Washington Wizards,WAS,33,PF,6-6,240,"June 15, 1983",us,1,Rice University,/players/h/harrimi01.html
Brendan Haywood,Washington Wizards,WAS,33,C,7-0,268,"November 27, 1979",us,8,University of North Carolina,/players/h/haywobr01.html
Josh Howard,Washington Wizards,WAS,5,SF,6-7,210,"April 28, 1980",us,6,Wake Forest University,/players/h/howarjo01.html
Cedric Jackson,Washington Wizards,WAS,9,PG,6-3,191,"March 5, 1986",us,R,Cleveland State University,/players/j/jacksce01.html
Mike James,Washington Wizards,WAS,13,PG,6-2,188,"June 23, 1975",us,8,Duquesne University,/players/j/jamesmi01.html
Antawn Jamison,Washington Wizards,WAS,4,PF,6-8,223,"June 12, 1976",us,11,University of North Carolina,/players/j/jamisan01.html
Shaun Livingston,Washington Wizards,WAS,2,PG,6-7,192,"September 11, 1985",us,4,,/players/l/livinsh01.html
Cartier Martin,Washington Wizards,WAS,20,SF,6-7,220,"November 20, 1984",us,1,Kansas State University,/players/m/martica01.html
JaVale McGee,Washington Wizards,WAS,34,C,7-0,270,"January 19, 1988",us,1,"University of Nevada, Reno",/players/m/mcgeeja01.html
Dominic McGuire,Washington Wizards,WAS,5,SF,6-9,220,"October 20, 1985",us,2,"California State University, Fresno",/players/m/mcguido01.html
Mike Miller,Washington Wizards,WAS,6,SG,6-8,218,"February 19, 1980",us,9,University of Florida,/players/m/millemi01.html
Fabricio Oberto,Washington Wizards,WAS,21,C,6-10,245,"March 21, 1975",ar,4,,/players/o/obertfa01.html
Quinton Ross,Washington Wizards,WAS,3,SG,6-6,195,"April 30, 1981",us,5,Southern Methodist University,/players/r/rossqu01.html
James Singleton,Washington Wizards,WAS,22,PF,6-8,216,"July 20, 1981",us,3,Murray State University,/players/s/singlja01.html
DeShawn Stevenson,Washington Wizards,WAS,2,SG,6-5,210,"April 3, 1981",us,9,,/players/s/stevede01.html
Al Thornton,Washington Wizards,WAS,14,SF,6-8,220,"December 7, 1983",us,2,Florida State University,/players/t/thornal01.html
Nick Young,Washington Wizards,WAS,1,SG,6-7,210,"June 1, 1985",us,2,University of Southern California,/players/y/youngni01.html
