name,team,short_team,number,pos,height,weight,birth_date,birth_country,years_experience,college_name,uri
Jason Collins,Atlanta Hawks,ATL,34,C,7-0,255,"December 2, 1978",us,10,Stanford University,/players/c/collija04.html
Erick Dampier,Atlanta Hawks,ATL,25,C,6-11,265,"July 14, 1975",us,15,Mississippi State University,/players/d/dampier01.html
Willie Green,Atlanta Hawks,ATL,33,SG,6-4,200,"July 28, 1981",us,8,University of Detroit Mercy,/players/g/greenwi01.html
Kirk Hinrich,Atlanta Hawks,ATL,6,SG,6-4,190,"January 2, 1981",us,8,University of Kansas,/players/h/hinriki01.html
Al Horford,Atlanta Hawks,ATL,15,C,6-10,245,"June 3, 1986",do,4,University of Florida,/players/h/horfoal01.html
Ivan Johnson,Atlanta Hawks,ATL,44,PF,6-8,230,"April 10, 1984",us,R,University of Oregon,/players/j/johnsiv01.html
Joe Johnson,Atlanta Hawks,ATL,2,SG,6-7,240,"June 29, 1981",us,10,University of Arkansas,/players/j/johnsjo02.html
Tracy McGrady,Atlanta Hawks,ATL,1,SF,6-8,210,"May 24, 1979",us,14,,/players/m/mcgratr01.html
Zaza Pachulia,Atlanta Hawks,ATL,27,C,6-11,270,"February 10, 1984",ge,8,,/players/p/pachuza01.html
Jannero Pargo,Atlanta Hawks,ATL,7,PG,6-1,175,"October 22, 1979",us,7,University of Arkansas,/players/p/pargoja01.html
Vladimir Radmanovic,Atlanta Hawks,ATL,77,SF,6-10,227,"November 19, 1980",ba,10,,/players/r/radmavl01.html
Donald Sloan,Atlanta Hawks,ATL,12,PG,6-3,205,"January 15, 1988",us,R,Texas A&M University,/players/s/sloando01.html
Josh Smith,Atlanta Hawks,ATL,5,PF,6-9,225,"December 5, 1985",us,7,,/players/s/smithjo03.html
Jerry Stackhouse,Atlanta Hawks,ATL,42,SF,6-6,218,"November 5, 1974",us,16,University of North Carolina,/players/s/stackje01.html
Jeff Teague,Atlanta Hawks,ATL,0,PG,6-2,186,"June 10, 1988",us,2,Wake Forest University,/players/t/teaguje01.html
Marvin Williams,Atlanta Hawks,ATL,24,SF,6-9,237,"June 19, 1986",us,6,University of North Carolina,/players/w/willima02.html
Ray Allen,Boston Celtics,BOS,20,SG,6-5,205,"July 20, 1975",us,15,University of Connecticut,/players/a/allenra02.html
Brandon Bass,Boston Celtics,BOS,30,PF,6-8,250,"April 30, 1985",us,6,Louisiana State University,/players/b/bassbr01.html
Avery Bradley,Boston Celtics,BOS,0,PG,6-2,180,"November 26, 1990",us,1,University of Texas at Austin,/players/b/bradlav01.html
Marquis Daniels,Boston Celtics,BOS,4,SG,6-6,200,"January 7, 1981",us,8,Auburn University,/players/d/daniema01.html
Keyon Dooling,Boston Celtics,BOS,51,SG,6-3,196,"May 8, 1980",us,11,University of Missouri,/players/d/doolike01.html
Kevin Garnett,Boston Celtics,BOS,5,C,6-11,240,"May 19, 1976",us,16,,/players/g/garneke01.html
Ryan Hollins,Boston Celtics,BOS,50,C,7-0,240,"October 10, 1984",us,5,"University of California, Los Angeles",/players/h/holliry01.html
JaJuan Johnson,Boston Celtics,BOS,12,PF,6-10,221,"February 8, 1989",us,R,Purdue University,/players/j/johnsja02.html
E'Twaun Moore,Boston Celtics,BOS,55,PG,6-4,191,"February 28, 1989",us,R,Purdue University,/players/m/mooreet01.html
Jermaine O'Neal,Boston Celtics,BOS,7,C,6-11,226,"October 13, 1978",us,15,,/players/o/onealje01.html
Sasha Pavlovic,Boston Celtics,BOS,11,SF,6-8,220,"November 15, 1983",me,8,,/players/p/pavloal01.html
Paul Pierce,Boston Celtics,BOS,34,SF,6-7,235,"October 13, 1977",us,13,University of Kansas,/players/p/piercpa01.html
Mickael Pietrus,Boston Celtics,BOS,28,SG,6-6,215,"February 7, 1982",gp,8,,/players/p/pietrmi01.html
Rajon Rondo,Boston Celtics,BOS,9,PG,6-1,186,"February 22, 1986",us,5,University of Kentucky,/players/r/rondora01.html
Greg Stiemsma,Boston Celtics,BOS,54,C,6-11,260,"September 26, 1985",us,R,University of Wisconsin,/players/s/stiemgr01.html
Chris Wilcox,Boston Celtics,BOS,44,C,6-10,221,"September 3, 1982",us,9,University of Maryland,/players/w/wilcoch01.html
Sean Williams,Boston Celtics,BOS,56,C,6-10,235,"September 13, 1986",us,3,Boston College,/players/w/willise01.html
Keith Bogans,Brooklyn Nets,NJN,6,SF,6-5,215,"May 12, 1980",us,8,University of Kentucky,/players/b/boganke01.html
MarShon Brooks,Brooklyn Nets,NJN,9,SG,6-5,200,"January 26, 1989",us,R,Providence College,/players/b/brookma01.html
Andre Emmett,Brooklyn Nets,NJN,14,SF,6-5,230,"August 27, 1982",us,1,Texas Tech University,/players/e/emmetan01.html
Jordan Farmar,Brooklyn Nets,NJN,2,PG,6-2,180,"November 30, 1986",us,5,"University of California, Los Angeles",/players/f/farmajo01.html
Sundiata Gaines,Brooklyn Nets,NJN,1,SG,6-1,185,"April 18, 1986",us,2,University of Georgia,/players/g/gainesu01.html
Gerald Green,Brooklyn Nets,NJN,14,SF,6-7,205,"January 26, 1986",us,4,,/players/g/greenge01.html
Dennis Horner,Brooklyn Nets,NJN,31,PF,6-9,230,"February 5, 1988",us,R,North Carolina State University,/players/h/hornede01.html
Kris Humphries,Brooklyn Nets,NJN,43,PF,6-9,235,"February 6, 1985",us,7,University of Minnesota,/players/h/humphkr01.html
Damion James,Brooklyn Nets,NJN,10,SF,6-7,225,"October 7, 1987",us,1,University of Texas at Austin,/players/j/jamesda01.html
Armon Johnson,Brooklyn Nets,NJN,7,PG,6-3,195,"February 23, 1989",us,1,"University of Nevada, Reno",/players/j/johnsar02.html
Brook Lopez,Brooklyn Nets,NJN,11,C,7-0,275,"April 1, 1988",us,3,Stanford University,/players/l/lopezbr01.html
Anthony Morrow,Brooklyn Nets,NJN,22,SG,6-5,210,"September 27, 1985",us,3,Georgia Institute of Technology,/players/m/morroan01.html
Mehmet Okur,Brooklyn Nets,NJN,13,C,6-11,249,"May 26, 1979",tr,9,,/players/o/okurme01.html
Larry Owens,Brooklyn Nets,NJN,24,SF,6-7,210,"January 8, 1983",us,1,Oral Roberts University,/players/o/owensla01.html
Johan Petro,Brooklyn Nets,NJN,27,C,7-0,247,"January 27, 1986",fr,6,,/players/p/petrojo01.html
Jerry Smith,Brooklyn Nets,NJN,28,PG,6-2,190,"September 26, 1987",us,R,University of Louisville,/players/s/smithje01.html
DeShawn Stevenson,Brooklyn Nets,NJN,92,SF,6-5,210,"April 3, 1981",us,11,,/players/s/stevede01.html
Gerald Wallace,Brooklyn Nets,NJN,45,SF,6-7,215,"July 23, 1982",us,10,University of Alabama,/players/w/wallage01.html
Deron Williams,Brooklyn Nets,NJN,8,PG,6-3,200,"June 26, 1984",us,6,University of Illinois at Urbana-Champaign,/players/w/willide01.html
Jordan Williams,Brooklyn Nets,NJN,20,C,6-10,260,"October 11, 1990",us,R,University of Maryland,/players/w/willijo03.html
Shawne Williams,Brooklyn Nets,NJN,7,SF,6-9,225,"February 16, 1986",us,4,University of Memphis,/players/w/willish03.html
Shelden Williams,Brooklyn Nets,NJN,33,C,6-9,250,"October 21, 1983",us,5,Duke University,/players/w/willish02.html
D.J. Augustin,Charlotte Hornets,CHA,14,PG,6-0,183,"November 10, 1987",us,3,University of Texas at Austin,/players/a/augusdj01.html
Bismack Biyombo,Charlotte Hornets,CHA,0,C,6-9,255,"August 28, 1992",cd,R,,/players/b/biyombi01.html
Derrick Brown,Charlotte Hornets,CHA,4,SF,6-7,225,"September 8, 1987",us,2,Xavier University,/players/b/brownde04.html
Matt Carroll,Charlotte Hornets,CHA,33,SG,6-6,212,"August 28, 1980",us,8,University of Notre Dame,/players/c/carroma01.html
Boris Diaw,Charlotte Hornets,CHA,32,PF,6-8,250,"April 16, 1982",fr,8,,/players/d/diawbo01.html
DeSagana Diop,Charlotte Hornets,CHA,7,C,7-0,300,"January 30, 1982",sn,10,,/players/d/diopde01.html
Gerald Henderson,Charlotte Hornets,CHA,15,SG,6-5,215,"December 9, 1987",us,2,Duke University,/players/h/hendege02.html
Cory Higgins,Charlotte Hornets,CHA,11,PG,6-5,180,"June 14, 1989",us,R,University of Colorado,/players/h/higgico01.html
Corey Maggette,Charlotte Hornets,CHA,50,SF,6-6,218,"November 12, 1979",us,12,Duke University,/players/m/maggeco01.html
Jamario Moon,Charlotte Hornets,CHA,9,SF,6-8,205,"June 13, 1980",us,4,Meridian Community College,/players/m/moonja01.html
Byron Mullens,Charlotte Hornets,CHA,22,C,7-0,275,"February 14, 1989",us,2,Ohio State University,/players/m/mulleby01.html
Eduardo Najera,Charlotte Hornets,CHA,21,PF,6-8,240,"July 11, 1976",mx,11,University of Oklahoma,/players/n/najered01.html
Tyrus Thomas,Charlotte Hornets,CHA,12,PF,6-9,215,"August 17, 1986",us,5,Louisiana State University,/players/t/thomaty01.html
Kemba Walker,Charlotte Hornets,CHA,1,PG,6-1,172,"May 8, 1990",us,R,University of Connecticut,/players/w/walkeke02.html
D.J. White,Charlotte Hornets,CHA,8,PF,6-9,251,"August 31, 1986",us,3,Indiana University,/players/w/whitedj01.html
Reggie Williams,Charlotte Hornets,CHA,55,SF,6-6,205,"September 14, 1986",us,2,Virginia Military Institute,/players/w/willire02.html
Omer Asik,Chicago Bulls,CHI,3,C,7-0,255,"July 4, 1986",tr,1,,/players/a/asikom01.html
Carlos Boozer,Chicago Bulls,CHI,5,PF,6-9,258,"November 20, 1981",de,9,Duke University,/players/b/boozeca01.html
Ronnie Brewer,Chicago Bulls,CHI,11,SG,6-7,220,"March 20, 1985",us,5,University of Arkansas,/players/b/brewero02.html
Jimmy Butler,Chicago Bulls,CHI,21,SG,6-7,220,"September 14, 1989",us,R,Marquette University,/players/b/butleji01.html
Luol Deng,Chicago Bulls,CHI,9,SF,6-9,220,"April 16, 1985",ss,7,Duke University,/players/d/denglu01.html
Taj Gibson,Chicago Bulls,CHI,22,PF,6-9,225,"June 24, 1985",us,2,University of Southern California,/players/g/gibsota01.html
Richard Hamilton,Chicago Bulls,CHI,32,SG,6-6,185,"February 14, 1978",us,12,University of Connecticut,/players/h/hamilri01.html
Mike James,Chicago Bulls,CHI,8,PG,6-2,188,"June 23, 1975",us,9,Duquesne University,/players/j/jamesmi01.html
Kyle Korver,Chicago Bulls,CHI,26,SG,6-7,212,"March 17, 1981",us,8,Creighton University,/players/k/korveky01.html
John Lucas III,Chicago Bulls,CHI,15,PG,5-11,166,"November 21, 1982",us,3,Oklahoma State University,/players/l/lucasjo02.html
Joakim Noah,Chicago Bulls,CHI,13,C,6-11,230,"February 25, 1985",us,4,University of Florida,/players/n/noahjo01.html
Derrick Rose,Chicago Bulls,CHI,1,PG,6-3,190,"October 4, 1988",us,3,University of Memphis,/players/r/rosede01.html
Brian Scalabrine,Chicago Bulls,CHI,24,PF,6-9,241,"March 18, 1978",us,10,University of Southern California,/players/s/scalabr01.html
C.J. Watson,Chicago Bulls,CHI,7,PG,6-2,175,"April 17, 1984",us,4,University of Tennessee,/players/w/watsocj01.html
Omri Casspi,Cleveland Cavaliers,CLE,36,SF,6-9,225,"June 22, 1988",il,2,,/players/c/casspom01.html
Semih Erden,Cleveland Cavaliers,CLE,9,C,7-0,240,"July 28, 1986",tr,1,,/players/e/erdense01.html
Christian Eyenga,Cleveland Cavaliers,CLE,8,SF,6-5,210,"June 22, 1989",cd,1,,/players/e/eyengch01.html
Alonzo Gee,Cleveland Cavaliers,CLE,33,SG,6-6,225,"May 29, 1987",us,2,University of Alabama,/players/g/geeal01.html
Daniel Gibson,Cleveland Cavaliers,CLE,1,SG,6-2,190,"February 27, 1986",us,5,University of Texas at Austin,/players/g/gibsoda01.html
Luke Harangody,Cleveland Cavaliers,CLE,44,PF,6-8,246,"January 2, 1988",us,1,University of Notre Dame,/players/h/haranlu01.html
Manny Harris,Cleveland Cavaliers,CLE,6,SG,6-5,185,"September 21, 1989",us,1,University of Michigan,/players/h/harrima01.html
Ryan Hollins,Cleveland Cavaliers,CLE,5,C,7-0,240,"October 10, 1984",us,5,"University of California, Los Angeles",/players/h/holliry01.html
Lester Hudson,Cleveland Cavaliers,CLE,14,PG,6-3,190,"August 7, 1984",us,2,University of Tennessee at Martin,/players/h/hudsole01.html
Kyrie Irving,Cleveland Cavaliers,CLE,2,PG,6-3,193,"March 23, 1992",au,R,Duke University,/players/i/irvinky01.html
Antawn Jamison,Cleveland Cavaliers,CLE,4,PF,6-8,223,"June 12, 1976",us,13,University of North Carolina,/players/j/jamisan01.html
D.J. Kennedy,Cleveland Cavaliers,CLE,12,SF,6-6,215,"November 5, 1989",us,R,St. John's University,/players/k/kennedj01.html
Anthony Parker,Cleveland Cavaliers,CLE,18,SF,6-6,215,"June 19, 1975",us,8,Bradley University,/players/p/parkean01.html
Samardo Samuels,Cleveland Cavaliers,CLE,24,C,6-9,260,"January 9, 1989",jm,1,University of Louisville,/players/s/samuesa01.html
Ramon Sessions,Cleveland Cavaliers,CLE,3,PG,6-3,190,"April 11, 1986",us,4,"University of Nevada, Reno",/players/s/sessira01.html
Donald Sloan,Cleveland Cavaliers,CLE,15,PG,6-3,205,"January 15, 1988",us,R,Texas A&M University,/players/s/sloando01.html
Mychel Thompson,Cleveland Cavaliers,CLE,21,SG,6-6,211,"June 1, 1988",us,R,Pepperdine University,/players/t/thompmy02.html
Tristan Thompson,Cleveland Cavaliers,CLE,13,PF,6-9,238,"March 13, 1991",ca,R,University of Texas at Austin,/players/t/thomptr01.html
Ben Uzoh,Cleveland Cavaliers,CLE,6,PG,6-3,205,"March 19, 1988",us,1,University of Tulsa,/players/u/uzohbe01.html
Anderson Varejao,Cleveland Cavaliers,CLE,17,C,6-10,273,"September 28, 1982",br,7,,/players/v/varejan01.html
Luke Walton,Cleveland Cavaliers,CLE,32,PF,6-8,235,"March 28, 1980",us,8,University of Arizona,/players/w/waltolu01.html
Kelenna Azubuike,Dallas Mavericks,DAL,4,SG,6-5,220,"December 16, 1983",gb,4,University of Kentucky,/players/a/azubuke01.html
Rodrigue Beaubois,Dallas Mavericks,DAL,3,PG,6-0,170,"February 24, 1988",gp,2,,/players/b/beaubro01.html
Brian Cardinal,Dallas Mavericks,DAL,35,SF,6-8,245,"May 2, 1977",us,11,Purdue University,/players/c/cardibr01.html
Vince Carter,Dallas Mavericks,DAL,25,SG,6-6,220,"January 26, 1977",us,13,University of North Carolina,/players/c/cartevi01.html
Brendan Haywood,Dallas Mavericks,DAL,33,C,7-0,268,"November 27, 1979",us,10,University of North Carolina,/players/h/haywobr01.html
Yi Jianlian,Dallas Mavericks,DAL,9,PF,7-0,240,"October 27, 1987",cn,4,,/players/j/jianlyi01.html
Dominique Jones,Dallas Mavericks,DAL,20,SG,6-4,215,"October 15, 1988",us,1,University of South Florida,/players/j/jonesdo02.html
Jason Kidd,Dallas Mavericks,DAL,2,PG,6-4,205,"March 23, 1973",us,17,University of California,/players/k/kiddja01.html
Ian Mahinmi,Dallas Mavericks,DAL,28,C,6-11,250,"November 5, 1986",fr,3,,/players/m/mahinia01.html
Shawn Marion,Dallas Mavericks,DAL,0,SF,6-7,220,"May 7, 1978",us,12,"University of Nevada, Las Vegas",/players/m/mariosh01.html
Dirk Nowitzki,Dallas Mavericks,DAL,41,PF,7-0,245,"June 19, 1978",de,13,,/players/n/nowitdi01.html
Lamar Odom,Dallas Mavericks,DAL,7,SF,6-10,220,"November 6, 1979",us,12,University of Rhode Island,/players/o/odomla01.html
Jason Terry,Dallas Mavericks,DAL,31,SG,6-2,185,"September 15, 1977",us,12,University of Arizona,/players/t/terryja01.html
Delonte West,Dallas Mavericks,DAL,13,PG,6-4,180,"July 26, 1983",us,7,Saint Joseph's University,/players/w/westde01.html
Sean Williams,Dallas Mavericks,DAL,32,C,6-10,235,"September 13, 1986",us,3,Boston College,/players/w/willise01.html
Brandan Wright,Dallas Mavericks,DAL,34,C,6-10,210,"October 5, 1987",us,3,University of North Carolina,/players/w/wrighbr03.html
Arron Afflalo,Denver Nuggets,DEN,6,SG,6-5,210,"October 15, 1985",us,4,"University of California, Los Angeles",/players/a/afflaar01.html
Chris Andersen,Denver Nuggets,DEN,11,C,6-10,245,"July 7, 1978",us,9,Blinn College,/players/a/anderch01.html
Corey Brewer,Denver Nuggets,DEN,13,SF,6-9,186,"March 5, 1986",us,4,University of Florida,/players/b/breweco01.html
DeMarre Carroll,Denver Nuggets,DEN,0,PF,6-8,215,"July 27, 1986",us,2,University of Missouri,/players/c/carrode01.html
Wilson Chandler,Denver Nuggets,DEN,21,SF,6-8,225,"May 10, 1987",us,4,DePaul University,/players/c/chandwi01.html
Kenneth Faried,Denver Nuggets,DEN,35,PF,6-8,228,"November 19, 1989",us,R,Morehead State University,/players/f/farieke01.html
Rudy Fernandez,Denver Nuggets,DEN,5,SG,6-6,185,"April 4, 1985",es,3,,/players/f/fernaru01.html
Danilo Gallinari,Denver Nuggets,DEN,8,SF,6-10,225,"August 8, 1988",it,3,,/players/g/gallida01.html
Jordan Hamilton,Denver Nuggets,DEN,1,SF,6-7,220,"October 6, 1990",us,R,University of Texas at Austin,/players/h/hamiljo02.html
Al Harrington,Denver Nuggets,DEN,7,PF,6-9,230,"February 17, 1980",us,13,,/players/h/harrial01.html
Nene Hilario,Denver Nuggets,DEN,31,C,6-11,250,"September 13, 1982",br,9,,/players/h/hilarne01.html
Kosta Koufos,Denver Nuggets,DEN,41,C,7-0,265,"February 24, 1989",us,3,Ohio State University,/players/k/koufoko01.html
Ty Lawson,Denver Nuggets,DEN,3,PG,5-11,195,"November 3, 1987",us,2,University of North Carolina,/players/l/lawsoty01.html
JaVale McGee,Denver Nuggets,DEN,34,C,7-0,270,"January 19, 1988",us,3,"University of Nevada, Reno",/players/m/mcgeeja01.html
Andre Miller,Denver Nuggets,DEN,24,SG,6-3,200,"March 19, 1976",us,12,University of Utah,/players/m/millean02.html
Timofey Mozgov,Denver Nuggets,DEN,25,C,7-1,275,"July 16, 1986",ru,1,,/players/m/mozgoti01.html
Julyan Stone,Denver Nuggets,DEN,10,SG,6-6,200,"December 7, 1988",us,R,University of Texas at El Paso,/players/s/stoneju01.html
Will Bynum,Detroit Pistons,DET,12,PG,6-0,185,"January 4, 1983",us,4,Georgia Institute of Technology,/players/b/bynumwi01.html
Austin Daye,Detroit Pistons,DET,5,SF,6-11,220,"June 5, 1988",us,2,Gonzaga University,/players/d/dayeau01.html
Ben Gordon,Detroit Pistons,DET,8,SG,6-3,200,"April 4, 1983",gb,7,University of Connecticut,/players/g/gordobe01.html
Jonas Jerebko,Detroit Pistons,DET,33,PF,6-10,231,"March 2, 1987",se,1,,/players/j/jerebjo01.html
Brandon Knight,Detroit Pistons,DET,7,PG,6-3,189,"December 2, 1991",us,R,University of Kentucky,/players/k/knighbr03.html
Vernon Macklin,Detroit Pistons,DET,20,C,6-10,227,"September 20, 1986",us,R,University of Florida,/players/m/macklve01.html
Jason Maxiell,Detroit Pistons,DET,54,PF,6-7,260,"February 18, 1983",us,6,University of Cincinnati,/players/m/maxieja01.html
Greg Monroe,Detroit Pistons,DET,10,C,6-11,265,"June 4, 1990",us,1,Georgetown University,/players/m/monrogr01.html
Tayshaun Prince,Detroit Pistons,DET,22,SF,6-9,212,"February 28, 1980",us,9,University of Kentucky,/players/p/princta01.html
Walker Russell,Detroit Pistons,DET,23,PG,6-0,170,"October 6, 1982",us,R,Jacksonville State University,/players/r/russewa02.html
Rodney Stuckey,Detroit Pistons,DET,3,SG,6-5,210,"April 21, 1986",us,4,Eastern Washington University,/players/s/stuckro01.html
Charlie Villanueva,Detroit Pistons,DET,31,PF,6-11,232,"August 24, 1984",us,6,University of Connecticut,/players/v/villach01.html
Ben Wallace,Detroit Pistons,DET,6,C,6-9,240,"September 10, 1974",us,15,Virginia Union University,/players/w/wallabe01.html
Damien Wilkins,Detroit Pistons,DET,9,SF,6-6,225,"January 11, 1980",us,7,University of Georgia,/players/w/wilkida02.html
Earl Barron,Golden State Warriors,GSW,40,C,7-0,250,"August 14, 1981",us,5,University of Memphis,/players/b/barroea01.html
Keith Benson,Golden State Warriors,GSW,34,C,6-11,240,"August 13, 1988",us,R,Oakland University,/players/b/bensoke02.html
Andris Biedrins,Golden State Warriors,GSW,15,C,6-11,240,"April 2, 1986",lv,7,,/players/b/biedran01.html
Kwame Brown,Golden State Warriors,GSW,54,C,6-11,270,"March 10, 1982",us,10,,/players/b/brownkw01.html
Stephen Curry,Golden State Warriors,GSW,30,PG,6-3,190,"March 14, 1988",us,2,Davidson College,/players/c/curryst01.html
Monta Ellis,Golden State Warriors,GSW,8,SG,6-3,185,"October 26, 1985",us,6,,/players/e/ellismo01.html
Mickell Gladness,Golden State Warriors,GSW,32,PF,6-11,220,"July 26, 1986",us,R,Alabama A&M University,/players/g/gladnmi01.html
Richard Jefferson,Golden State Warriors,GSW,44,SF,6-7,233,"June 21, 1980",us,10,University of Arizona,/players/j/jefferi01.html
Charles Jenkins,Golden State Warriors,GSW,22,PG,6-3,220,"February 28, 1989",us,R,Hofstra University,/players/j/jenkich01.html
David Lee,Golden State Warriors,GSW,10,PF,6-9,245,"April 29, 1983",us,6,University of Florida,/players/l/leeda02.html
Dominic McGuire,Golden State Warriors,GSW,5,PF,6-9,220,"October 20, 1985",us,4,"California State University, Fresno",/players/m/mcguido01.html
Mikki Moore,Golden State Warriors,GSW,31,C,6-11,225,"November 4, 1975",us,12,University of Nebraska,/players/m/mooremi01.html
Nate Robinson,Golden State Warriors,GSW,2,PG,5-9,180,"May 31, 1984",us,6,University of Washington,/players/r/robinna01.html
Brandon Rush,Golden State Warriors,GSW,4,SF,6-6,220,"July 7, 1985",us,3,University of Kansas,/players/r/rushbr01.html
Ish Smith,Golden State Warriors,GSW,12,PG,6-0,175,"July 5, 1988",us,1,Wake Forest University,/players/s/smithis01.html
Klay Thompson,Golden State Warriors,GSW,11,SG,6-7,215,"February 8, 1990",us,R,Washington State University,/players/t/thompkl01.html
Jeremy Tyler,Golden State Warriors,GSW,3,C,6-10,260,"June 21, 1991",us,R,,/players/t/tylerje01.html
Ekpe Udoh,Golden State Warriors,GSW,20,C,6-10,240,"May 20, 1987",us,1,Baylor University,/players/u/udohek01.html
Chris Wright,Golden State Warriors,GSW,33,SF,6-8,226,"September 30, 1988",us,R,University of Dayton,/players/w/wrighch01.html
Dorell Wright,Golden State Warriors,GSW,1,SF,6-9,205,"December 2, 1985",us,7,,/players/w/wrighdo01.html
Jeff Adrien,Houston Rockets,HOU,8,PF,6-7,245,"February 10, 1986",us,1,University of Connecticut,/players/a/adrieje01.html
Earl Boykins,Houston Rockets,HOU,6,PG,5-5,135,"June 2, 1976",us,12,Eastern Michigan University,/players/b/boykiea01.html
Chase Budinger,Houston Rockets,HOU,10,SF,6-7,209,"May 22, 1988",us,2,University of Arizona,/players/b/budinch01.html
Marcus Camby,Houston Rockets,HOU,29,C,6-11,220,"March 22, 1974",us,15,University of Massachusetts Amherst,/players/c/cambyma01.html
Samuel Dalembert,Houston Rockets,HOU,21,C,6-11,255,"May 10, 1981",ht,9,Seton Hall University,/players/d/dalemsa01.html
Goran Dragic,Houston Rockets,HOU,3,PG,6-3,190,"May 6, 1986",si,3,,/players/d/dragigo01.html
Jonny Flynn,Houston Rockets,HOU,9,PG,6-0,185,"February 6, 1989",us,2,Syracuse University,/players/f/flynnjo01.html
Courtney Fortson,Houston Rockets,HOU,9,PG,5-11,185,"May 23, 1988",us,R,University of Arkansas,/players/f/fortsco01.html
Jordan Hill,Houston Rockets,HOU,27,C,6-10,235,"July 27, 1987",us,2,University of Arizona,/players/h/hilljo01.html
Courtney Lee,Houston Rockets,HOU,5,SG,6-5,200,"October 3, 1985",us,3,Western Kentucky University,/players/l/leeco01.html
Kyle Lowry,Houston Rockets,HOU,7,PG,6-1,196,"March 25, 1986",us,5,Villanova University,/players/l/lowryky01.html
Kevin Martin,Houston Rockets,HOU,12,SG,6-7,199,"February 1, 1983",us,7,Western Carolina University,/players/m/martike02.html
Marcus Morris,Houston Rockets,HOU,2,PF,6-9,235,"September 2, 1989",us,R,University of Kansas,/players/m/morrima03.html
Chandler Parsons,Houston Rockets,HOU,25,SF,6-10,230,"October 25, 1988",us,R,University of Florida,/players/p/parsoch01.html
Patrick Patterson,Houston Rockets,HOU,54,PF,6-9,230,"March 14, 1989",us,1,University of Kentucky,/players/p/pattepa01.html
Luis Scola,Houston Rockets,HOU,4,PF,6-9,240,"April 30, 1980",ar,4,,/players/s/scolalu01.html
Greg Smith,Houston Rockets,HOU,0,C,6-10,250,"January 8, 1991",us,R,"California State University, Fresno",/players/s/smithgr02.html
Hasheem Thabeet,Houston Rockets,HOU,32,C,7-3,263,"February 16, 1987",tz,2,University of Connecticut,/players/t/thabeha01.html
Terrence Williams,Houston Rockets,HOU,1,SG,6-6,220,"June 28, 1987",us,2,University of Louisville,/players/w/willite01.html
Lou Amundson,Indiana Pacers,IND,17,PF,6-9,220,"December 7, 1982",us,5,"University of Nevada, Las Vegas",/players/a/amundlo01.html
Jeff Ayres,Indiana Pacers,IND,29,C,6-9,240,"April 29, 1987",us,1,Arizona State University,/players/p/pendeje02.html
Leandro Barbosa,Indiana Pacers,IND,28,SG,6-3,194,"November 28, 1982",br,8,,/players/b/barbole01.html
Darren Collison,Indiana Pacers,IND,2,PG,6-0,175,"August 23, 1987",us,2,"University of California, Los Angeles",/players/c/collida01.html
Kyrylo Fesenko,Indiana Pacers,IND,44,C,7-1,288,"December 24, 1986",ua,4,,/players/f/fesenky01.html
Jeff Foster,Indiana Pacers,IND,10,C,6-11,236,"January 16, 1977",us,12,Texas State University,/players/f/fosteje01.html
Paul George,Indiana Pacers,IND,24,SG,6-9,220,"May 2, 1990",us,1,"California State University, Fresno",/players/g/georgpa01.html
Danny Granger,Indiana Pacers,IND,33,SF,6-9,222,"April 20, 1983",us,6,University of New Mexico,/players/g/grangda01.html
Tyler Hansbrough,Indiana Pacers,IND,50,PF,6-9,250,"November 3, 1985",us,2,University of North Carolina,/players/h/hansbty01.html
Roy Hibbert,Indiana Pacers,IND,55,C,7-2,270,"December 11, 1986",us,3,Georgetown University,/players/h/hibbero01.html
George Hill,Indiana Pacers,IND,3,PG,6-3,188,"May 4, 1986",us,3,Indiana University-Purdue University Indianapolis,/players/h/hillge01.html
Dahntay Jones,Indiana Pacers,IND,1,SF,6-6,225,"December 27, 1980",us,8,Duke University,/players/j/jonesda02.html
A.J. Price,Indiana Pacers,IND,12,PG,6-2,181,"October 7, 1986",us,2,University of Connecticut,/players/p/priceaj01.html
Lance Stephenson,Indiana Pacers,IND,6,SG,6-5,230,"September 5, 1990",us,1,University of Cincinnati,/players/s/stephla01.html
David West,Indiana Pacers,IND,21,PF,6-9,250,"August 29, 1980",us,8,Xavier University,/players/w/westda01.html
Chauncey Billups,Los Angeles Clippers,LAC,1,SG,6-3,202,"September 25, 1976",us,14,University of Colorado,/players/b/billuch01.html
Eric Bledsoe,Los Angeles Clippers,LAC,12,PG,6-1,190,"December 9, 1989",us,1,University of Kentucky,/players/b/bledser01.html
Caron Butler,Los Angeles Clippers,LAC,5,SF,6-7,228,"March 13, 1980",us,9,University of Connecticut,/players/b/butleca01.html
Brian Cook,Los Angeles Clippers,LAC,34,PF,6-9,234,"December 4, 1980",us,8,University of Illinois at Urbana-Champaign,/players/c/cookbr01.html
Reggie Evans,Los Angeles Clippers,LAC,30,PF,6-8,245,"May 18, 1980",us,9,University of Iowa,/players/e/evansre01.html
Courtney Fortson,Los Angeles Clippers,LAC,17,PG,5-11,185,"May 23, 1988",us,R,University of Arkansas,/players/f/fortsco01.html
Randy Foye,Los Angeles Clippers,LAC,4,SG,6-4,213,"September 24, 1983",us,5,Villanova University,/players/f/foyera01.html
Ryan Gomes,Los Angeles Clippers,LAC,15,SF,6-7,250,"September 1, 1982",us,6,Providence College,/players/g/gomesry01.html
Blake Griffin,Los Angeles Clippers,LAC,32,PF,6-10,251,"March 16, 1989",us,1,University of Oklahoma,/players/g/griffbl01.html
Solomon Jones,Los Angeles Clippers,LAC,21,PF,6-10,230,"July 16, 1984",us,5,University of South Florida,/players/j/jonesso01.html
DeAndre Jordan,Los Angeles Clippers,LAC,6,C,6-11,265,"July 21, 1988",us,3,Texas A&M University,/players/j/jordade01.html
Travis Leslie,Los Angeles Clippers,LAC,23,SG,6-4,205,"March 29, 1990",us,R,University of Georgia,/players/l/leslitr01.html
Kenyon Martin,Los Angeles Clippers,LAC,2,PF,6-9,234,"December 30, 1977",us,11,University of Cincinnati,/players/m/martike01.html
Chris Paul,Los Angeles Clippers,LAC,3,PG,6-0,175,"May 6, 1985",us,6,Wake Forest University,/players/p/paulch01.html
Bobby Simmons,Los Angeles Clippers,LAC,21,SF,6-7,210,"June 2, 1980",us,9,DePaul University,/players/s/simmobo01.html
Trey Thompkins,Los Angeles Clippers,LAC,33,C,6-10,245,"May 20, 1990",us,R,University of Georgia,/players/t/thomptr02.html
Mo Williams,Los Angeles Clippers,LAC,25,SG,6-1,198,"December 19, 1982",us,8,University of Alabama,/players/w/willima01.html
Nick Young,Los Angeles Clippers,LAC,11,SG,6-7,210,"June 1, 1985",us,4,University of Southern California,/players/y/youngni01.html
Matt Barnes,Los Angeles Lakers,LAL,9,SF,6-7,226,"March 9, 1980",us,8,"University of California, Los Angeles",/players/b/barnema02.html
Steve Blake,Los Angeles Lakers,LAL,5,PG,6-3,172,"February 26, 1980",us,8,University of Maryland,/players/b/blakest01.html
Kobe Bryant,Los Angeles Lakers,LAL,24,SG,6-6,212,"August 23, 1978",us,15,,/players/b/bryanko01.html
Andrew Bynum,Los Angeles Lakers,LAL,17,C,7-0,285,"October 27, 1987",us,6,,/players/b/bynuman01.html
Devin Ebanks,Los Angeles Lakers,LAL,3,SG,6-9,215,"October 28, 1989",us,1,West Virginia University,/players/e/ebankde01.html
Christian Eyenga,Los Angeles Lakers,LAL,88,SF,6-5,210,"June 22, 1989",cd,1,,/players/e/eyengch01.html
Derek Fisher,Los Angeles Lakers,LAL,2,PG,6-1,200,"August 9, 1974",us,15,University of Arkansas at Little Rock,/players/f/fishede01.html
Pau Gasol,Los Angeles Lakers,LAL,16,PF,7-0,250,"July 6, 1980",es,10,,/players/g/gasolpa01.html
Andrew Goudelock,Los Angeles Lakers,LAL,0,SG,6-3,200,"December 7, 1988",us,R,College of Charleston,/players/g/goudean01.html
Jordan Hill,Los Angeles Lakers,LAL,27,C,6-10,235,"July 27, 1987",us,2,University of Arizona,/players/h/hilljo01.html
Jason Kapono,Los Angeles Lakers,LAL,28,SG,6-8,213,"February 4, 1981",us,8,"University of California, Los Angeles",/players/k/kaponja01.html
Josh McRoberts,Los Angeles Lakers,LAL,6,PF,6-10,240,"February 28, 1987",us,4,Duke University,/players/m/mcrobjo01.html
Darius Morris,Los Angeles Lakers,LAL,1,PG,6-4,190,"January 3, 1991",us,R,University of Michigan,/players/m/morrida01.html
Troy Murphy,Los Angeles Lakers,LAL,14,PF,6-11,245,"May 2, 1980",us,10,University of Notre Dame,/players/m/murphtr01.html
Ramon Sessions,Los Angeles Lakers,LAL,7,PG,6-3,190,"April 11, 1986",us,4,"University of Nevada, Reno",/players/s/sessira01.html
Luke Walton,Los Angeles Lakers,LAL,4,SF,6-8,235,"March 28, 1980",us,8,University of Arizona,/players/w/waltolu01.html
Metta World Peace,Los Angeles Lakers,LAL,15,SF,6-6,260,"November 13, 1979",us,12,St. John's University,/players/a/artesro01.html
Tony Allen,Memphis Grizzlies,MEM,9,SG,6-4,213,"January 11, 1982",us,7,Oklahoma State University,/players/a/allento01.html
Gilbert Arenas,Memphis Grizzlies,MEM,10,PG,6-3,191,"January 6, 1982",us,10,University of Arizona,/players/a/arenagi01.html
Mike Conley,Memphis Grizzlies,MEM,11,PG,6-1,175,"October 11, 1987",us,4,Ohio State University,/players/c/conlemi01.html
Dante Cunningham,Memphis Grizzlies,MEM,44,PF,6-8,230,"April 22, 1987",us,2,Villanova University,/players/c/cunnida01.html
Josh Davis,Memphis Grizzlies,MEM,18,PF,6-8,235,"August 10, 1980",us,3,University of Wyoming,/players/d/davisjo02.html
Marc Gasol,Memphis Grizzlies,MEM,33,C,7-1,255,"January 29, 1985",es,3,,/players/g/gasolma01.html
Rudy Gay,Memphis Grizzlies,MEM,22,SF,6-8,230,"August 17, 1986",us,5,University of Connecticut,/players/g/gayru01.html
Hamed Haddadi,Memphis Grizzlies,MEM,15,C,7-2,254,"May 19, 1985",ir,3,,/players/h/haddaha01.html
Lester Hudson,Memphis Grizzlies,MEM,14,PG,6-3,190,"August 7, 1984",us,2,University of Tennessee at Martin,/players/h/hudsole01.html
O.J. Mayo,Memphis Grizzlies,MEM,32,SG,6-5,210,"November 5, 1987",us,3,University of Southern California,/players/m/mayooj01.html
Jeremy Pargo,Memphis Grizzlies,MEM,1,PG,6-2,219,"March 17, 1986",us,R,Gonzaga University,/players/p/pargoje01.html
Quincy Pondexter,Memphis Grizzlies,MEM,20,SF,6-7,220,"March 10, 1988",us,1,University of Washington,/players/p/pondequ01.html
Zach Randolph,Memphis Grizzlies,MEM,50,PF,6-9,260,"July 16, 1981",us,10,Michigan State University,/players/r/randoza01.html
Josh Selby,Memphis Grizzlies,MEM,2,PG,6-2,183,"March 27, 1991",us,R,University of Kansas,/players/s/selbyjo01.html
Brian Skinner,Memphis Grizzlies,MEM,3,C,6-9,255,"May 19, 1976",us,13,Baylor University,/players/s/skinnbr01.html
Marreese Speights,Memphis Grizzlies,MEM,5,PF,6-10,255,"August 4, 1987",us,3,University of Florida,/players/s/speigma01.html
Sam Young,Memphis Grizzlies,MEM,4,SF,6-6,220,"June 1, 1985",us,2,University of Pittsburgh,/players/y/youngsa01.html
Joel Anthony,Miami Heat,MIA,50,C,6-9,245,"August 9, 1982",ca,4,"University of Nevada, Las Vegas",/players/a/anthojo01.html
Shane Battier,Miami Heat,MIA,31,SF,6-8,220,"September 9, 1978",us,10,Duke University,/players/b/battish01.html
Chris Bosh,Miami Heat,MIA,1,PF,6-11,235,"March 24, 1984",us,8,Georgia Institute of Technology,/players/b/boshch01.html
Mario Chalmers,Miami Heat,MIA,15,PG,6-2,190,"May 19, 1986",us,3,University of Kansas,/players/c/chalmma01.html
Norris Cole,Miami Heat,MIA,30,PG,6-2,175,"October 13, 1988",us,R,Cleveland State University,/players/c/coleno01.html
Eddy Curry,Miami Heat,MIA,34,C,7-0,295,"December 5, 1982",us,9,,/players/c/curryed01.html
Mickell Gladness,Miami Heat,MIA,32,PF,6-11,220,"July 26, 1986",us,R,Alabama A&M University,/players/g/gladnmi01.html
Terrel Harris,Miami Heat,MIA,14,SG,6-5,190,"August 10, 1987",us,R,Oklahoma State University,/players/h/harrite01.html
Udonis Haslem,Miami Heat,MIA,40,PF,6-8,235,"June 9, 1980",us,8,University of Florida,/players/h/hasleud01.html
Juwan Howard,Miami Heat,MIA,5,PF,6-9,240,"February 7, 1973",us,17,University of Michigan,/players/h/howarju01.html
LeBron James,Miami Heat,MIA,6,SF,6-8,250,"December 30, 1984",us,8,,/players/j/jamesle01.html
James Jones,Miami Heat,MIA,22,SG,6-8,218,"October 4, 1980",us,8,University of Miami,/players/j/jonesja02.html
Mike Miller,Miami Heat,MIA,13,SG,6-8,218,"February 19, 1980",us,11,University of Florida,/players/m/millemi01.html
Dexter Pittman,Miami Heat,MIA,45,C,6-11,308,"March 2, 1988",us,1,University of Texas at Austin,/players/p/pittmde01.html
Ronny Turiaf,Miami Heat,MIA,21,C,6-10,249,"January 13, 1983",mq,6,Gonzaga University,/players/t/turiaro01.html
Dwyane Wade,Miami Heat,MIA,3,SG,6-4,220,"January 17, 1982",us,8,Marquette University,/players/w/wadedw01.html
Andrew Bogut,Milwaukee Bucks,MIL,6,C,7-0,260,"November 28, 1984",au,6,University of Utah,/players/b/bogutan01.html
Jon Brockman,Milwaukee Bucks,MIL,40,PF,6-7,255,"March 20, 1987",us,2,University of Washington,/players/b/brockjo01.html
Carlos Delfino,Milwaukee Bucks,MIL,10,SF,6-6,230,"August 29, 1982",ar,6,,/players/d/delfica01.html
Mike Dunleavy,Milwaukee Bucks,MIL,17,SF,6-9,230,"September 15, 1980",us,9,Duke University,/players/d/dunlemi02.html
Monta Ellis,Milwaukee Bucks,MIL,11,SG,6-3,185,"October 26, 1985",us,6,,/players/e/ellismo01.html
Drew Gooden,Milwaukee Bucks,MIL,0,C,6-10,250,"September 24, 1981",us,9,University of Kansas,/players/g/goodedr01.html
Tobias Harris,Milwaukee Bucks,MIL,15,SF,6-9,235,"July 15, 1992",us,R,University of Tennessee,/players/h/harrito02.html
Darington Hobson,Milwaukee Bucks,MIL,11,SG,6-7,210,"September 29, 1987",us,R,University of New Mexico,/players/h/hobsoda01.html
Ersan Ilyasova,Milwaukee Bucks,MIL,7,PF,6-10,235,"May 15, 1987",tr,3,,/players/i/ilyaser01.html
Stephen Jackson,Milwaukee Bucks,MIL,5,SF,6-8,218,"April 5, 1978",us,11,Butler County Community College,/players/j/jacksst02.html
Brandon Jennings,Milwaukee Bucks,MIL,3,PG,6-1,170,"September 23, 1989",us,2,,/players/j/jennibr01.html
Jon Leuer,Milwaukee Bucks,MIL,30,PF,6-10,228,"May 14, 1989",us,R,University of Wisconsin,/players/l/leuerjo01.html
Shaun Livingston,Milwaukee Bucks,MIL,9,SG,6-7,192,"September 11, 1985",us,6,,/players/l/livinsh01.html
Luc Mbah a Moute,Milwaukee Bucks,MIL,12,PF,6-8,230,"September 9, 1986",cm,3,"University of California, Los Angeles",/players/m/mbahalu01.html
Larry Sanders,Milwaukee Bucks,MIL,8,PF,6-11,235,"November 21, 1988",us,1,Virginia Commonwealth University,/players/s/sandela01.html
Ekpe Udoh,Milwaukee Bucks,MIL,13,C,6-10,240,"May 20, 1987",us,1,Baylor University,/players/u/udohek01.html
Beno Udrih,Milwaukee Bucks,MIL,19,SG,6-3,205,"July 5, 1982",si,7,,/players/u/udrihbe01.html
J.J. Barea,Minnesota Timberwolves,MIN,11,PG,6-0,185,"June 26, 1984",pr,5,Northeastern University,/players/b/bareajo01.html
Michael Beasley,Minnesota Timberwolves,MIN,8,SF,6-9,235,"January 9, 1989",us,3,Kansas State University,/players/b/beaslmi01.html
Wayne Ellington,Minnesota Timberwolves,MIN,22,SG,6-4,200,"October 29, 1987",us,2,University of North Carolina,/players/e/ellinwa01.html
Wesley Johnson,Minnesota Timberwolves,MIN,4,SF,6-7,215,"July 11, 1987",us,1,Syracuse University,/players/j/johnswe01.html
Malcolm Lee,Minnesota Timberwolves,MIN,3,SG,6-5,200,"May 22, 1990",us,R,"University of California, Los Angeles",/players/l/leema01.html
Kevin Love,Minnesota Timberwolves,MIN,42,PF,6-10,251,"September 7, 1988",us,3,"University of California, Los Angeles",/players/l/loveke01.html
Darko Milicic,Minnesota Timberwolves,MIN,31,C,7-0,250,"June 20, 1985",rs,8,,/players/m/milicda01.html
Brad Miller,Minnesota Timberwolves,MIN,52,C,6-11,244,"April 12, 1976",us,13,Purdue University,/players/m/millebr01.html
Nikola Pekovic,Minnesota Timberwolves,MIN,14,C,6-11,307,"January 3, 1986",me,1,,/players/p/pekovni01.html
Anthony Randolph,Minnesota Timberwolves,MIN,15,PF,6-10,205,"July 15, 1989",de,3,Louisiana State University,/players/r/randoan01.html
Luke Ridnour,Minnesota Timberwolves,MIN,13,SG,6-2,175,"February 13, 1981",us,8,University of Oregon,/players/r/ridnolu01.html
Ricky Rubio,Minnesota Timberwolves,MIN,9,PG,6-4,194,"October 21, 1990",es,R,,/players/r/rubiori01.html
Anthony Tolliver,Minnesota Timberwolves,MIN,44,SF,6-8,240,"June 1, 1985",us,3,Creighton University,/players/t/tollian01.html
Martell Webster,Minnesota Timberwolves,MIN,5,SF,6-7,230,"December 4, 1986",us,6,,/players/w/webstma02.html
Derrick Williams,Minnesota Timberwolves,MIN,7,PF,6-8,240,"May 25, 1991",us,R,University of Arizona,/players/w/willide02.html
Al-Farouq Aminu,New Orleans Pelicans,NOH,0,SF,6-9,220,"September 21, 1990",us,1,Wake Forest University,/players/a/aminual01.html
Trevor Ariza,New Orleans Pelicans,NOH,1,SF,6-8,215,"June 30, 1985",us,7,"University of California, Los Angeles",/players/a/arizatr01.html
Gustavo Ayon,New Orleans Pelicans,NOH,15,PF,6-10,250,"April 1, 1985",mx,R,,/players/a/ayongu01.html
Marco Belinelli,New Orleans Pelicans,NOH,8,SG,6-5,210,"March 25, 1986",it,4,,/players/b/belinma01.html
Jerome Dyson,New Orleans Pelicans,NOH,11,PG,6-3,180,"May 1, 1987",us,R,University of Connecticut,/players/d/dysonje01.html
Jeff Foote,New Orleans Pelicans,NOH,54,C,7-0,265,"July 14, 1987",us,R,Cornell University,/players/f/footeje01.html
Eric Gordon,New Orleans Pelicans,NOH,10,PG,6-4,215,"December 25, 1988",us,3,Indiana University,/players/g/gordoer01.html
Xavier Henry,New Orleans Pelicans,NOH,4,SG,6-6,220,"March 15, 1991",be,1,University of Kansas,/players/h/henryxa01.html
Jarrett Jack,New Orleans Pelicans,NOH,2,PG,6-3,200,"October 28, 1983",us,6,Georgia Institute of Technology,/players/j/jackja01.html
Carldell Johnson,New Orleans Pelicans,NOH,5,PG,5-10,180,"January 28, 1983",us,R,University of Alabama at Birmingham,/players/j/johnsca01.html
Chris Johnson,New Orleans Pelicans,NOH,20,C,6-11,210,"July 15, 1985",us,1,Louisiana State University,/players/j/johnsch03.html
Trey Johnson,New Orleans Pelicans,NOH,12,SG,6-5,218,"August 30, 1984",us,2,Jackson State University,/players/j/johnstr01.html
Solomon Jones,New Orleans Pelicans,NOH,18,C,6-10,230,"July 16, 1984",us,5,University of South Florida,/players/j/jonesso01.html
Chris Kaman,New Orleans Pelicans,NOH,35,C,7-0,265,"April 28, 1982",us,8,Central Michigan University,/players/k/kamanch01.html
Carl Landry,New Orleans Pelicans,NOH,24,PF,6-9,248,"September 19, 1983",us,4,Purdue University,/players/l/landrca01.html
Emeka Okafor,New Orleans Pelicans,NOH,50,C,6-10,252,"September 28, 1982",us,7,University of Connecticut,/players/o/okafoem01.html
Donald Sloan,New Orleans Pelicans,NOH,12,PG,6-3,205,"January 15, 1988",us,R,Texas A&M University,/players/s/sloando01.html
Jason Smith,New Orleans Pelicans,NOH,14,PF,7-0,245,"March 2, 1986",us,3,Colorado State University,/players/s/smithja02.html
DaJuan Summers,New Orleans Pelicans,NOH,22,SF,6-8,230,"January 24, 1988",us,2,Georgetown University,/players/s/summeda01.html
Lance Thomas,New Orleans Pelicans,NOH,42,PF,6-8,235,"April 24, 1988",us,R,Duke University,/players/t/thomala01.html
Greivis Vasquez,New Orleans Pelicans,NOH,21,SG,6-6,217,"January 16, 1987",ve,1,University of Maryland,/players/v/vasqugr01.html
Darryl Watkins,New Orleans Pelicans,NOH,31,C,6-11,258,"November 8, 1984",us,1,Syracuse University,/players/w/watkida01.html
Carmelo Anthony,New York Knicks,NYK,7,SF,6-8,240,"May 29, 1984",us,8,Syracuse University,/players/a/anthoca01.html
Renaldo Balkman,New York Knicks,NYK,32,SF,6-8,208,"July 14, 1984",us,5,University of South Carolina,/players/b/balkmre01.html
Mike Bibby,New York Knicks,NYK,20,PG,6-1,190,"May 13, 1978",us,13,University of Arizona,/players/b/bibbymi01.html
Tyson Chandler,New York Knicks,NYK,6,C,7-1,240,"October 2, 1982",us,10,,/players/c/chandty01.html
Baron Davis,New York Knicks,NYK,85,PG,6-3,209,"April 13, 1979",us,12,"University of California, Los Angeles",/players/d/davisba01.html
Toney Douglas,New York Knicks,NYK,23,PG,6-2,195,"March 16, 1986",us,2,Florida State University,/players/d/douglto01.html
Landry Fields,New York Knicks,NYK,2,SG,6-7,210,"June 27, 1988",us,1,Stanford University,/players/f/fieldla01.html
Dan Gadzuric,New York Knicks,NYK,50,C,6-11,240,"February 2, 1978",nl,9,"University of California, Los Angeles",/players/g/gadzuda01.html
Josh Harrellson,New York Knicks,NYK,55,PF,6-10,275,"February 12, 1989",us,R,University of Kentucky,/players/h/harrejo01.html
Jared Jeffries,New York Knicks,NYK,9,PF,6-11,230,"November 25, 1981",us,9,Indiana University,/players/j/jeffrja01.html
Jerome Jordan,New York Knicks,NYK,44,C,7-0,253,"September 29, 1986",jm,R,University of Tulsa,/players/j/jordaje01.html
Jeremy Lin,New York Knicks,NYK,17,PG,6-3,200,"August 23, 1988",us,1,Harvard University,/players/l/linje01.html
Steve Novak,New York Knicks,NYK,16,PF,6-10,225,"June 13, 1983",us,5,Marquette University,/players/n/novakst01.html
Iman Shumpert,New York Knicks,NYK,21,PG,6-5,220,"June 26, 1990",us,R,Georgia Institute of Technology,/players/s/shumpim01.html
J.R. Smith,New York Knicks,NYK,8,SG,6-6,225,"September 9, 1985",us,7,,/players/s/smithjr01.html
Amar'e Stoudemire,New York Knicks,NYK,1,PF,6-10,245,"November 16, 1982",us,9,,/players/s/stoudam01.html
Henry Walker,New York Knicks,NYK,5,SG,6-6,220,"October 9, 1987",us,3,Kansas State University,/players/w/walkebi01.html
Cole Aldrich,Oklahoma City Thunder,OKC,45,C,6-11,250,"October 31, 1988",us,1,University of Kansas,/players/a/aldrico01.html
Nick Collison,Oklahoma City Thunder,OKC,4,PF,6-10,255,"October 26, 1980",us,7,University of Kansas,/players/c/collini01.html
Daequan Cook,Oklahoma City Thunder,OKC,14,SG,6-5,205,"April 28, 1987",us,4,Ohio State University,/players/c/cookda02.html
Kevin Durant,Oklahoma City Thunder,OKC,35,SF,6-9,240,"September 29, 1988",us,4,University of Texas at Austin,/players/d/duranke01.html
Derek Fisher,Oklahoma City Thunder,OKC,37,PG,6-1,200,"August 9, 1974",us,15,University of Arkansas at Little Rock,/players/f/fishede01.html
James Harden,Oklahoma City Thunder,OKC,13,SG,6-5,220,"August 26, 1989",us,2,Arizona State University,/players/h/hardeja01.html
Lazar Hayward,Oklahoma City Thunder,OKC,11,SF,6-6,225,"November 26, 1986",us,1,Marquette University,/players/h/haywala01.html
Serge Ibaka,Oklahoma City Thunder,OKC,9,PF,6-10,235,"September 18, 1989",cg,2,,/players/i/ibakase01.html
Royal Ivey,Oklahoma City Thunder,OKC,7,SG,6-3,200,"December 20, 1981",us,7,University of Texas at Austin,/players/i/iveyro01.html
Reggie Jackson,Oklahoma City Thunder,OKC,15,PG,6-3,208,"April 16, 1990",it,R,Boston College,/players/j/jacksre01.html
Eric Maynor,Oklahoma City Thunder,OKC,6,PG,6-3,175,"June 11, 1987",us,2,Virginia Commonwealth University,/players/m/maynoer01.html
Nazr Mohammed,Oklahoma City Thunder,OKC,8,C,6-10,221,"September 5, 1977",us,13,University of Kentucky,/players/m/mohamna01.html
Kendrick Perkins,Oklahoma City Thunder,OKC,5,C,6-10,270,"November 10, 1984",us,8,,/players/p/perkike01.html
Ryan Reid,Oklahoma City Thunder,OKC,33,PF,6-8,232,"October 30, 1986",us,R,Florida State University,/players/r/reidry01.html
Thabo Sefolosha,Oklahoma City Thunder,OKC,2,SG,6-7,220,"May 2, 1984",ch,5,,/players/s/sefolth01.html
Russell Westbrook,Oklahoma City Thunder,OKC,0,PG,6-3,200,"November 12, 1988",us,3,"University of California, Los Angeles",/players/w/westbru01.html
Ryan Anderson,Orlando Magic,ORL,33,PF,6-10,240,"May 6, 1988",us,3,University of California,/players/a/anderry01.html
Earl Clark,Orlando Magic,ORL,3,PF,6-10,225,"January 17, 1988",us,2,University of Louisville,/players/c/clarkea01.html
Glen Davis,Orlando Magic,ORL,11,PF,6-9,289,"January 1, 1986",us,4,Louisiana State University,/players/d/davisgl01.html
Chris Duhon,Orlando Magic,ORL,25,PG,6-1,185,"August 31, 1982",us,7,Duke University,/players/d/duhonch01.html
Justin Harper,Orlando Magic,ORL,32,PF,6-10,225,"August 30, 1989",us,R,University of Richmond,/players/h/harpeju01.html
Dwight Howard,Orlando Magic,ORL,12,C,6-11,265,"December 8, 1985",us,7,,/players/h/howardw01.html
Larry Hughes,Orlando Magic,ORL,20,PG,6-5,184,"January 23, 1979",us,12,Saint Louis University,/players/h/hughela01.html
DeAndre Liggins,Orlando Magic,ORL,34,SF,6-6,209,"March 31, 1988",us,R,University of Kentucky,/players/l/liggide01.html
Jameer Nelson,Orlando Magic,ORL,14,PG,6-0,190,"February 9, 1982",us,7,Saint Joseph's University,/players/n/nelsoja01.html
Daniel Orton,Orlando Magic,ORL,21,PF,6-10,255,"August 6, 1990",us,R,University of Kentucky,/players/o/ortonda01.html
J.J. Redick,Orlando Magic,ORL,7,SG,6-4,190,"June 24, 1984",us,5,Duke University,/players/r/redicjj01.html
Jason Richardson,Orlando Magic,ORL,23,SG,6-6,220,"January 20, 1981",us,10,Michigan State University,/players/r/richaja01.html
Quentin Richardson,Orlando Magic,ORL,5,SF,6-6,223,"April 13, 1980",us,11,DePaul University,/players/r/richaqu01.html
Ish Smith,Orlando Magic,ORL,10,PG,6-0,175,"July 5, 1988",us,1,Wake Forest University,/players/s/smithis01.html
Hedo Turkoglu,Orlando Magic,ORL,15,SF,6-10,220,"March 19, 1979",tr,11,,/players/t/turkohe01.html
Von Wafer,Orlando Magic,ORL,1,SG,6-5,210,"July 21, 1985",us,5,Florida State University,/players/w/wafervo01.html
Lavoy Allen,Philadelphia 76ers,PHI,50,PF,6-9,260,"February 4, 1989",us,R,Temple University,/players/a/allenla01.html
Tony Battie,Philadelphia 76ers,PHI,4,C,6-11,230,"February 11, 1976",us,13,Texas Tech University,/players/b/battito01.html
Craig Brackins,Philadelphia 76ers,PHI,33,PF,6-10,230,"October 9, 1987",us,1,Iowa State University,/players/b/brackcr01.html
Elton Brand,Philadelphia 76ers,PHI,42,C,6-8,275,"March 11, 1979",us,12,Duke University,/players/b/brandel01.html
Francisco Elson,Philadelphia 76ers,PHI,16,C,7-0,235,"February 28, 1976",nl,8,University of California,/players/e/elsonfr01.html
Spencer Hawes,Philadelphia 76ers,PHI,00,C,7-1,245,"April 28, 1988",us,4,University of Washington,/players/h/hawessp01.html
Jrue Holiday,Philadelphia 76ers,PHI,11,PG,6-4,205,"June 12, 1990",us,2,"University of California, Los Angeles",/players/h/holidjr01.html
Andre Iguodala,Philadelphia 76ers,PHI,9,SF,6-6,215,"January 28, 1984",us,7,University of Arizona,/players/i/iguodan01.html
Jodie Meeks,Philadelphia 76ers,PHI,20,SG,6-4,210,"August 21, 1987",us,2,University of Kentucky,/players/m/meeksjo01.html
Andres Nocioni,Philadelphia 76ers,PHI,5,SF,6-7,225,"November 30, 1979",ar,7,,/players/n/nocioan01.html
Xavier Silas,Philadelphia 76ers,PHI,25,SG,6-5,205,"January 22, 1988",us,R,Northern Illinois University,/players/s/silasxa01.html
Evan Turner,Philadelphia 76ers,PHI,12,SF,6-7,220,"October 27, 1988",us,1,Ohio State University,/players/t/turneev01.html
Nikola Vucevic,Philadelphia 76ers,PHI,8,C,7-0,260,"October 24, 1990",ch,R,University of Southern California,/players/v/vucevni01.html
Lou Williams,Philadelphia 76ers,PHI,23,PG,6-1,175,"October 27, 1986",us,6,,/players/w/willilo02.html
Sam Young,Philadelphia 76ers,PHI,7,SF,6-6,220,"June 1, 1985",us,2,University of Pittsburgh,/players/y/youngsa01.html
Thaddeus Young,Philadelphia 76ers,PHI,21,PF,6-8,221,"June 21, 1988",us,4,Georgia Institute of Technology,/players/y/youngth01.html
Shannon Brown,Phoenix Suns,PHO,26,SG,6-4,205,"November 29, 1985",us,5,Michigan State University,/players/b/brownsh01.html
Josh Childress,Phoenix Suns,PHO,1,SF,6-8,210,"June 20, 1983",us,5,Stanford University,/players/c/childjo01.html
Jared Dudley,Phoenix Suns,PHO,3,SG,6-7,225,"July 10, 1985",us,4,Boston College,/players/d/dudleja01.html
Channing Frye,Phoenix Suns,PHO,8,PF,6-11,255,"May 17, 1983",us,6,University of Arizona,/players/f/fryech01.html
Marcin Gortat,Phoenix Suns,PHO,4,C,6-11,240,"February 17, 1984",pl,4,,/players/g/gortama01.html
Grant Hill,Phoenix Suns,PHO,33,SF,6-8,225,"October 5, 1972",us,16,Duke University,/players/h/hillgr01.html
Robin Lopez,Phoenix Suns,PHO,15,C,7-0,255,"April 1, 1988",us,3,Stanford University,/players/l/lopezro01.html
Markieff Morris,Phoenix Suns,PHO,11,PF,6-10,245,"September 2, 1989",us,R,University of Kansas,/players/m/morrima02.html
Steve Nash,Phoenix Suns,PHO,13,PG,6-3,195,"February 7, 1974",za,15,Santa Clara University,/players/n/nashst01.html
Ronnie Price,Phoenix Suns,PHO,2,PG,6-2,190,"June 21, 1983",us,6,Utah Valley State College,/players/p/pricero01.html
Michael Redd,Phoenix Suns,PHO,22,SG,6-6,220,"August 24, 1979",us,11,Ohio State University,/players/r/reddmi01.html
Sebastian Telfair,Phoenix Suns,PHO,31,PG,6-0,165,"June 9, 1985",us,7,,/players/t/telfase01.html
Hakim Warrick,Phoenix Suns,PHO,21,PF,6-9,219,"July 8, 1982",us,6,Syracuse University,/players/w/warriha01.html
LaMarcus Aldridge,Portland Trail Blazers,POR,12,PF,6-11,260,"July 19, 1985",us,5,University of Texas at Austin,/players/a/aldrila01.html
Luke Babbitt,Portland Trail Blazers,POR,8,SF,6-9,225,"June 20, 1989",us,1,"University of Nevada, Reno",/players/b/babbilu01.html
Nicolas Batum,Portland Trail Blazers,POR,88,SF,6-8,200,"December 14, 1988",fr,3,,/players/b/batumni01.html
Marcus Camby,Portland Trail Blazers,POR,23,C,6-11,220,"March 22, 1974",us,15,University of Massachusetts Amherst,/players/c/cambyma01.html
Jamal Crawford,Portland Trail Blazers,POR,11,PG,6-5,200,"March 20, 1980",us,11,University of Michigan,/players/c/crawfja01.html
Raymond Felton,Portland Trail Blazers,POR,5,PG,6-1,205,"June 26, 1984",us,6,University of North Carolina,/players/f/feltora01.html
Jonny Flynn,Portland Trail Blazers,POR,3,PG,6-0,185,"February 6, 1989",us,2,Syracuse University,/players/f/flynnjo01.html
J.J. Hickson,Portland Trail Blazers,POR,21,PF,6-9,242,"September 4, 1988",us,3,North Carolina State University,/players/h/hicksjj01.html
Armon Johnson,Portland Trail Blazers,POR,1,PG,6-3,195,"February 23, 1989",us,1,"University of Nevada, Reno",/players/j/johnsar02.html
Chris Johnson,Portland Trail Blazers,POR,17,C,6-11,210,"July 15, 1985",us,1,Louisiana State University,/players/j/johnsch03.html
Wesley Matthews,Portland Trail Blazers,POR,2,SG,6-5,220,"October 14, 1986",us,2,Marquette University,/players/m/matthwe02.html
Joel Przybilla,Portland Trail Blazers,POR,10,C,7-1,255,"October 10, 1979",us,11,University of Minnesota,/players/p/przybjo01.html
Craig Smith,Portland Trail Blazers,POR,83,PF,6-7,250,"November 10, 1983",us,5,Boston College,/players/s/smithcr01.html
Nolan Smith,Portland Trail Blazers,POR,4,PG,6-2,185,"July 25, 1988",us,R,Duke University,/players/s/smithno01.html
Hasheem Thabeet,Portland Trail Blazers,POR,34,C,7-3,263,"February 16, 1987",tz,2,University of Connecticut,/players/t/thabeha01.html
Kurt Thomas,Portland Trail Blazers,POR,40,C,6-9,230,"October 4, 1972",us,16,Texas Christian University,/players/t/thomaku01.html
Gerald Wallace,Portland Trail Blazers,POR,3,SF,6-7,215,"July 23, 1982",us,10,University of Alabama,/players/w/wallage01.html
Elliot Williams,Portland Trail Blazers,POR,9,SG,6-5,190,"June 20, 1989",us,R,University of Memphis,/players/w/williel01.html
DeMarcus Cousins,Sacramento Kings,SAC,15,C,6-11,270,"August 13, 1990",us,1,University of Kentucky,/players/c/couside01.html
Tyreke Evans,Sacramento Kings,SAC,13,SG,6-6,220,"September 19, 1989",us,2,University of Memphis,/players/e/evansty01.html
Jimmer Fredette,Sacramento Kings,SAC,7,PG,6-2,195,"February 25, 1989",us,R,Brigham Young University,/players/f/fredeji01.html
Francisco Garcia,Sacramento Kings,SAC,32,SF,6-7,195,"December 31, 1981",do,6,University of Louisville,/players/g/garcifr01.html
Donte Greene,Sacramento Kings,SAC,20,PF,6-11,226,"February 21, 1988",de,3,Syracuse University,/players/g/greendo01.html
Chuck Hayes,Sacramento Kings,SAC,42,C,6-6,240,"June 11, 1983",us,6,University of Kentucky,/players/h/hayesch01.html
J.J. Hickson,Sacramento Kings,SAC,31,PF,6-9,242,"September 4, 1988",us,3,North Carolina State University,/players/h/hicksjj01.html
Tyler Honeycutt,Sacramento Kings,SAC,3,SF,6-8,188,"July 15, 1990",us,R,"University of California, Los Angeles",/players/h/honeyty01.html
Travis Outlaw,Sacramento Kings,SAC,25,SF,6-9,210,"September 18, 1984",us,8,,/players/o/outlatr01.html
John Salmons,Sacramento Kings,SAC,5,SF,6-7,210,"December 12, 1979",us,9,University of Miami,/players/s/salmojo01.html
Isaiah Thomas,Sacramento Kings,SAC,22,PG,5-9,185,"February 7, 1989",us,R,University of Washington,/players/t/thomais02.html
Jason Thompson,Sacramento Kings,SAC,34,PF,6-11,250,"July 21, 1986",us,3,Rider University,/players/t/thompja02.html
Marcus Thornton,Sacramento Kings,SAC,23,SG,6-4,205,"June 5, 1987",us,2,Louisiana State University,/players/t/thornma01.html
Hassan Whiteside,Sacramento Kings,SAC,33,C,7-0,265,"June 13, 1989",us,1,Marshall University,/players/w/whiteha01.html
Terrence Williams,Sacramento Kings,SAC,55,SG,6-6,220,"June 28, 1987",us,2,University of Louisville,/players/w/willite01.html
James Anderson,San Antonio Spurs,SAS,25,SG,6-6,213,"March 25, 1989",us,1,Oklahoma State University,/players/a/anderja01.html
DeJuan Blair,San Antonio Spurs,SAS,45,PF,6-7,270,"April 22, 1989",us,2,University of Pittsburgh,/players/b/blairde01.html
Matt Bonner,San Antonio Spurs,SAS,15,PF,6-10,235,"April 5, 1980",us,7,University of Florida,/players/b/bonnema01.html
Derrick Byars,San Antonio Spurs,SAS,34,PF,6-7,220,"April 25, 1984",us,R,Vanderbilt University,/players/b/byarsde01.html
Eric Dawson,San Antonio Spurs,SAS,23,C,6-9,250,"July 7, 1984",us,R,Midwestern State University,/players/d/dawsoer01.html
Justin Dentmon,San Antonio Spurs,SAS,1,PG,5-11,185,"September 5, 1985",us,R,University of Washington,/players/d/dentmju01.html
Boris Diaw,San Antonio Spurs,SAS,33,PF,6-8,250,"April 16, 1982",fr,8,,/players/d/diawbo01.html
Ike Diogu,San Antonio Spurs,SAS,1,PF,6-8,250,"September 11, 1983",us,5,Arizona State University,/players/d/dioguik01.html
Tim Duncan,San Antonio Spurs,SAS,21,C,6-11,250,"April 25, 1976",vi,14,Wake Forest University,/players/d/duncati01.html
T.J. Ford,San Antonio Spurs,SAS,11,PG,6-0,165,"March 24, 1983",us,7,University of Texas at Austin,/players/f/fordtj01.html
Manu Ginobili,San Antonio Spurs,SAS,20,SG,6-6,205,"July 28, 1977",ar,9,,/players/g/ginobma01.html
Danny Green,San Antonio Spurs,SAS,4,SG,6-6,215,"June 22, 1987",us,2,University of North Carolina,/players/g/greenda02.html
Stephen Jackson,San Antonio Spurs,SAS,3,SF,6-8,218,"April 5, 1978",us,11,Butler County Community College,/players/j/jacksst02.html
Richard Jefferson,San Antonio Spurs,SAS,24,SF,6-7,233,"June 21, 1980",us,10,University of Arizona,/players/j/jefferi01.html
Cory Joseph,San Antonio Spurs,SAS,5,PG,6-3,193,"August 20, 1991",ca,R,University of Texas at Austin,/players/j/josepco01.html
Kawhi Leonard,San Antonio Spurs,SAS,2,SF,6-7,230,"June 29, 1991",us,R,San Diego State University,/players/l/leonaka01.html
Patrick Mills,San Antonio Spurs,SAS,8,PG,6-0,185,"August 11, 1988",au,2,Saint Mary's College of California,/players/m/millspa02.html
Gary Neal,San Antonio Spurs,SAS,14,SG,6-4,210,"October 3, 1984",us,1,Towson University,/players/n/nealga01.html
Tony Parker,San Antonio Spurs,SAS,9,PG,6-2,185,"May 17, 1982",be,10,,/players/p/parketo01.html
Tiago Splitter,San Antonio Spurs,SAS,22,C,6-11,245,"January 1, 1985",br,1,,/players/s/splitti01.html
Malcolm Thomas,San Antonio Spurs,SAS,23,PF,6-9,225,"November 8, 1988",us,R,San Diego State University,/players/t/thomama01.html
Solomon Alabi,Toronto Raptors,TOR,50,C,7-1,251,"March 21, 1988",ng,1,Florida State University,/players/a/alabiso01.html
Alan Anderson,Toronto Raptors,TOR,6,SF,6-6,220,"October 16, 1982",us,2,Michigan State University,/players/a/anderal01.html
Leandro Barbosa,Toronto Raptors,TOR,20,SG,6-3,194,"November 28, 1982",br,8,,/players/b/barbole01.html
Andrea Bargnani,Toronto Raptors,TOR,7,C,7-0,245,"October 26, 1985",it,5,,/players/b/bargnan01.html
Jerryd Bayless,Toronto Raptors,TOR,5,PG,6-3,200,"August 20, 1988",us,3,University of Arizona,/players/b/bayleje01.html
Rasual Butler,Toronto Raptors,TOR,9,SF,6-7,215,"May 23, 1979",us,9,La Salle University,/players/b/butlera01.html
Jose Calderon,Toronto Raptors,TOR,8,PG,6-3,200,"September 28, 1981",es,6,,/players/c/caldejo01.html
Anthony Carter,Toronto Raptors,TOR,25,PG,6-1,190,"June 16, 1975",us,12,University of Hawaii,/players/c/cartean01.html
Ed Davis,Toronto Raptors,TOR,32,PF,6-10,240,"June 5, 1989",us,1,University of North Carolina,/players/d/davised01.html
Justin Dentmon,Toronto Raptors,TOR,1,PG,5-11,185,"September 5, 1985",us,R,University of Washington,/players/d/dentmju01.html
DeMar DeRozan,Toronto Raptors,TOR,10,SG,6-7,221,"August 7, 1989",us,2,University of Southern California,/players/d/derozde01.html
Gary Forbes,Toronto Raptors,TOR,3,SG,6-7,220,"February 25, 1985",pa,1,University of Massachusetts Amherst,/players/f/forbega01.html
Aaron Gray,Toronto Raptors,TOR,34,C,7-0,270,"December 7, 1984",us,4,University of Pittsburgh,/players/g/grayaa01.html
Amir Johnson,Toronto Raptors,TOR,15,PF,6-9,240,"May 1, 1987",us,6,,/players/j/johnsam01.html
James Johnson,Toronto Raptors,TOR,2,SF,6-9,250,"February 20, 1987",us,2,Wake Forest University,/players/j/johnsja01.html
Linas Kleiza,Toronto Raptors,TOR,11,SF,6-8,245,"January 3, 1985",lt,5,University of Missouri,/players/k/kleizli01.html
Jamaal Magloire,Toronto Raptors,TOR,21,C,6-11,259,"May 21, 1978",ca,11,University of Kentucky,/players/m/magloja01.html
Ben Uzoh,Toronto Raptors,TOR,18,PG,6-3,205,"March 19, 1988",us,1,University of Tulsa,/players/u/uzohbe01.html
Blake Ahearn,Utah Jazz,UTA,2,PG,6-2,190,"May 27, 1984",us,2,Missouri State University,/players/a/ahearbl01.html
Raja Bell,Utah Jazz,UTA,19,SG,6-5,204,"September 19, 1976",vi,11,Florida International University,/players/b/bellra01.html
Alec Burks,Utah Jazz,UTA,10,SG,6-6,214,"July 20, 1991",us,R,University of Colorado,/players/b/burksal01.html
DeMarre Carroll,Utah Jazz,UTA,3,SF,6-8,215,"July 27, 1986",us,2,University of Missouri,/players/c/carrode01.html
Jeremy Evans,Utah Jazz,UTA,40,SF,6-9,200,"October 24, 1987",us,1,Western Kentucky University,/players/e/evansje01.html
Derrick Favors,Utah Jazz,UTA,15,PF,6-10,265,"July 15, 1991",us,1,Georgia Institute of Technology,/players/f/favorde01.html
Devin Harris,Utah Jazz,UTA,5,PG,6-3,192,"February 27, 1983",us,7,University of Wisconsin,/players/h/harride01.html
Gordon Hayward,Utah Jazz,UTA,20,SF,6-8,226,"March 23, 1990",us,1,Butler University,/players/h/haywago01.html
Josh Howard,Utah Jazz,UTA,8,SF,6-7,210,"April 28, 1980",us,8,Wake Forest University,/players/h/howarjo01.html
Al Jefferson,Utah Jazz,UTA,25,C,6-10,289,"January 4, 1985",us,7,,/players/j/jeffeal01.html
Enes Kanter,Utah Jazz,UTA,0,C,6-11,245,"May 20, 1992",ch,R,,/players/k/kanteen01.html
C.J. Miles,Utah Jazz,UTA,34,SG,6-6,225,"April 18, 1987",us,6,,/players/m/milescj01.html
Paul Millsap,Utah Jazz,UTA,24,PF,6-8,246,"February 10, 1985",us,5,Louisiana Tech University,/players/m/millspa01.html
Jamaal Tinsley,Utah Jazz,UTA,6,PG,6-3,195,"February 28, 1978",us,8,Iowa State University,/players/t/tinslja01.html
Earl Watson,Utah Jazz,UTA,11,PG,6-1,195,"June 12, 1979",us,10,"University of California, Los Angeles",/players/w/watsoea01.html
Morris Almond,Washington Wizards,WAS,21,SG,6-6,225,"February 2, 1985",us,2,Rice University,/players/a/almonmo01.html
Andray Blatche,Washington Wizards,WAS,7,PF,6-11,235,"August 22, 1986",us,6,,/players/b/blatcan01.html
Trevor Booker,Washington Wizards,WAS,35,PF,6-8,228,"November 25, 1987",us,1,Clemson University,/players/b/booketr01.html
Brian Cook,Washington Wizards,WAS,43,PF,6-9,234,"December 4, 1980",us,8,University of Illinois at Urbana-Champaign,/players/c/cookbr01.html
Jordan Crawford,Washington Wizards,WAS,15,SG,6-4,195,"October 23, 1988",us,1,Xavier University,/players/c/crawfjo02.html
Maurice Evans,Washington Wizards,WAS,6,SF,6-5,220,"November 8, 1978",us,8,University of Texas at Austin,/players/e/evansma01.html
Nene Hilario,Washington Wizards,WAS,42,C,6-11,250,"September 13, 1982",br,9,,/players/h/hilarne01.html
Rashard Lewis,Washington Wizards,WAS,9,SF,6-10,215,"August 8, 1979",us,13,,/players/l/lewisra02.html
Shelvin Mack,Washington Wizards,WAS,22,PG,6-3,203,"April 22, 1990",us,R,Butler University,/players/m/macksh01.html
Cartier Martin,Washington Wizards,WAS,20,SF,6-7,220,"November 20, 1984",us,3,Kansas State University,/players/m/martica01.html
Roger Mason,Washington Wizards,WAS,8,SG,6-5,200,"September 10, 1980",us,7,University of Virginia,/players/m/masonro01.html
JaVale McGee,Washington Wizards,WAS,34,C,7-0,270,"January 19, 1988",us,3,"University of Nevada, Reno",/players/m/mcgeeja01.html
Hamady N'Diaye,Washington Wizards,WAS,55,C,7-0,235,"January 12, 1987",sn,1,Rutgers University,/players/n/ndiayha01.html
Kevin Seraphin,Washington Wizards,WAS,13,C,6-9,285,"December 7, 1989",gf,1,,/players/s/serapke01.html
Chris Singleton,Washington Wizards,WAS,31,SF,6-8,230,"November 21, 1989",us,R,Florida State University,/players/s/singlch01.html
James Singleton,Washington Wizards,WAS,3,PF,6-8,216,"July 20, 1981",us,4,Murray State University,/players/s/singlja01.html
Ronny Turiaf,Washington Wizards,WAS,21,C,6-10,249,"January 13, 1983",mq,6,Gonzaga University,/players/t/turiaro01.html
Edwin Ubiles,Washington Wizards,WAS,1,SF,6-6,204,"November 26, 1986",us,R,Siena College,/players/u/ubileed01.html
Jan Vesely,Washington Wizards,WAS,24,PF,6-11,240,"April 24, 1990",cz,R,,/players/v/veselja01.html
John Wall,Washington Wizards,WAS,2,PG,6-4,195,"September 6, 1990",us,1,University of Kentucky,/players/w/walljo01.html
Nick Young,Washington Wizards,WAS,1,SG,6-7,210,"June 1, 1985",us,4,University of Southern California,/players/y/youngni01.html
