name,team,short_team,number,pos,height,weight,birth_date,birth_country,years_experience,college_name,uri
Esteban Batista,Atlanta Hawks,ATL,11,PF,6-10,270,"September 2, 1983",uy,R,,/players/b/batises01.html
Josh Childress,Atlanta Hawks,ATL,1,SF,6-8,210,"June 20, 1983",us,1,Stanford University,/players/c/childjo01.html
Tony Delk,Atlanta Hawks,ATL,00,SG,6-1,189,"January 28, 1974",us,9,University of Kentucky,/players/d/delkto01.html
John Edwards,Atlanta Hawks,ATL,54,C,7-0,275,"July 31, 1981",us,1,Kent State University,/players/e/edwarjo01.html
Anthony Grundy,Atlanta Hawks,ATL,16,SG,6-3,180,"April 15, 1979",us,R,North Carolina State University,/players/g/grundan01.html
Al Harrington,Atlanta Hawks,ATL,3,PF,6-9,230,"February 17, 1980",us,7,,/players/h/harrial01.html
Royal Ivey,Atlanta Hawks,ATL,36,PG,6-3,200,"December 20, 1981",us,1,University of Texas at Austin,/players/i/iveyro01.html
Joe Johnson,Atlanta Hawks,ATL,2,SG,6-7,240,"June 29, 1981",us,4,University of Arkansas,/players/j/johnsjo02.html
Tyronn Lue,Atlanta Hawks,ATL,10,PG,6-0,175,"May 3, 1977",us,7,University of Nebraska,/players/l/luety01.html
Zaza Pachulia,Atlanta Hawks,ATL,27,C,6-11,270,"February 10, 1984",ge,2,,/players/p/pachuza01.html
Donta Smith,Atlanta Hawks,ATL,15,SG,6-7,215,"November 27, 1983",us,1,Southeastern Illinois College,/players/s/smithdo04.html
Josh Smith,Atlanta Hawks,ATL,5,SF,6-9,225,"December 5, 1985",us,1,,/players/s/smithjo03.html
Salim Stoudamire,Atlanta Hawks,ATL,20,SG,6-1,179,"October 11, 1982",us,R,University of Arizona,/players/s/stoudsa01.html
John Thomas,Atlanta Hawks,ATL,12,C,6-9,265,"September 8, 1975",us,4,University of Minnesota,/players/t/thomajo02.html
Marvin Williams,Atlanta Hawks,ATL,24,PF,6-9,237,"June 19, 1986",us,R,University of North Carolina,/players/w/willima02.html
Tony Allen,Boston Celtics,BOS,42,PG,6-4,213,"January 11, 1982",us,1,Oklahoma State University,/players/a/allento01.html
Marcus Banks,Boston Celtics,BOS,11,PG,6-2,200,"November 19, 1981",us,2,"University of Nevada, Las Vegas",/players/b/banksma01.html
Mark Blount,Boston Celtics,BOS,30,C,7-0,230,"November 30, 1975",us,5,University of Pittsburgh,/players/b/blounma01.html
Ricky Davis,Boston Celtics,BOS,12,SG,6-6,195,"September 23, 1979",us,7,University of Iowa,/players/d/davisri01.html
Dan Dickau,Boston Celtics,BOS,20,PG,6-0,190,"September 16, 1978",us,3,Gonzaga University,/players/d/dickada01.html
Ryan Gomes,Boston Celtics,BOS,4,PF,6-7,250,"September 1, 1982",us,R,Providence College,/players/g/gomesry01.html
Gerald Green,Boston Celtics,BOS,5,SG,6-7,205,"January 26, 1986",us,R,,/players/g/greenge01.html
Orien Greene,Boston Celtics,BOS,0,PG,6-4,208,"February 4, 1982",us,R,University of Louisiana at Lafayette,/players/g/greenor01.html
Al Jefferson,Boston Celtics,BOS,7,PF,6-10,289,"January 4, 1985",us,1,,/players/j/jeffeal01.html
Dwayne Jones,Boston Celtics,BOS,27,PF,6-11,250,"June 9, 1983",us,R,Saint Joseph's University,/players/j/jonesdw02.html
Raef LaFrentz,Boston Celtics,BOS,45,PF,6-11,240,"May 29, 1976",us,7,University of Kansas,/players/l/lafrera01.html
Michael Olowokandi,Boston Celtics,BOS,41,C,7-0,269,"April 3, 1975",ng,7,University of the Pacific,/players/o/olowomi01.html
Kendrick Perkins,Boston Celtics,BOS,43,C,6-10,270,"November 10, 1984",us,2,,/players/p/perkike01.html
Paul Pierce,Boston Celtics,BOS,34,SF,6-7,235,"October 13, 1977",us,7,University of Kansas,/players/p/piercpa01.html
Justin Reed,Boston Celtics,BOS,9,SF,6-8,240,"January 16, 1982",us,1,University of Mississippi,/players/r/reedju01.html
Brian Scalabrine,Boston Celtics,BOS,44,PF,6-9,241,"March 18, 1978",us,4,University of Southern California,/players/s/scalabr01.html
Wally Szczerbiak,Boston Celtics,BOS,55,SF,6-7,244,"March 5, 1977",es,6,Miami University,/players/s/szczewa02.html
Delonte West,Boston Celtics,BOS,13,PG,6-4,180,"July 26, 1983",us,1,Saint Joseph's University,/players/w/westde01.html
Vince Carter,Brooklyn Nets,NJN,15,SG,6-6,220,"January 26, 1977",us,7,University of North Carolina,/players/c/cartevi01.html
Jason Collins,Brooklyn Nets,NJN,35,C,7-0,255,"December 2, 1978",us,4,Stanford University,/players/c/collija04.html
Marc Jackson,Brooklyn Nets,NJN,44,C,6-10,270,"January 16, 1975",us,5,Temple University,/players/j/jacksma02.html
Richard Jefferson,Brooklyn Nets,NJN,24,SF,6-7,233,"June 21, 1980",us,4,University of Arizona,/players/j/jefferi01.html
Linton Johnson,Brooklyn Nets,NJN,43,SF,6-8,205,"June 13, 1980",us,2,Tulane University,/players/j/johnsli01.html
Jason Kidd,Brooklyn Nets,NJN,5,PG,6-4,205,"March 23, 1973",us,11,University of California,/players/k/kiddja01.html
Nenad Krstic,Brooklyn Nets,NJN,12,PF,7-0,240,"July 25, 1983",rs,1,,/players/k/krstine01.html
Jeff McInnis,Brooklyn Nets,NJN,0,SG,6-4,190,"October 22, 1974",us,8,University of North Carolina,/players/m/mcinnje01.html
Lamond Murray,Brooklyn Nets,NJN,31,SF,6-7,236,"April 20, 1973",us,10,University of California,/players/m/murrala01.html
Bostjan Nachbar,Brooklyn Nets,NJN,7,SF,6-9,221,"July 3, 1980",si,3,,/players/n/nachbbo01.html
Scott Padgett,Brooklyn Nets,NJN,34,PF,6-9,240,"April 19, 1976",us,6,University of Kentucky,/players/p/padgesc01.html
Zoran Planinic,Brooklyn Nets,NJN,10,PG,6-7,195,"September 12, 1982",ba,2,,/players/p/planizo01.html
Clifford Robinson,Brooklyn Nets,NJN,30,PF,6-10,225,"December 16, 1966",us,16,University of Connecticut,/players/r/robincl02.html
John Thomas,Brooklyn Nets,NJN,41,C,6-9,265,"September 8, 1975",us,4,University of Minnesota,/players/t/thomajo02.html
Jacque Vaughn,Brooklyn Nets,NJN,11,SG,6-1,190,"February 11, 1975",us,8,University of Kansas,/players/v/vaughja01.html
Antoine Wright,Brooklyn Nets,NJN,21,SG,6-7,210,"February 6, 1984",us,R,Texas A&M University,/players/w/wrighan01.html
Derrick Zimmerman,Brooklyn Nets,NJN,2,PG,6-3,195,"December 2, 1981",us,R,Mississippi State University,/players/z/zimmede01.html
Alan Anderson,Charlotte Hornets,CHA,15,SF,6-6,220,"October 16, 1982",us,R,Michigan State University,/players/a/anderal01.html
Lonny Baxter,Charlotte Hornets,CHA,35,PF,6-8,260,"January 27, 1979",us,3,University of Maryland,/players/b/baxtelo01.html
Keith Bogans,Charlotte Hornets,CHA,10,SG,6-5,215,"May 12, 1980",us,2,University of Kentucky,/players/b/boganke01.html
Primoz Brezec,Charlotte Hornets,CHA,7,C,7-2,252,"October 2, 1979",si,4,,/players/b/brezepr01.html
Kevin Burleson,Charlotte Hornets,CHA,12,PG,6-3,205,"April 9, 1979",us,R,University of Minnesota,/players/b/burleke01.html
Matt Carroll,Charlotte Hornets,CHA,13,SG,6-6,212,"August 28, 1980",us,2,University of Notre Dame,/players/c/carroma01.html
Melvin Ely,Charlotte Hornets,CHA,2,PF,6-10,260,"May 2, 1978",us,3,"California State University, Fresno",/players/e/elyme01.html
Raymond Felton,Charlotte Hornets,CHA,20,PG,6-1,205,"June 26, 1984",us,R,University of North Carolina,/players/f/feltora01.html
Jumaine Jones,Charlotte Hornets,CHA,33,PF,6-8,218,"February 10, 1979",us,6,University of Georgia,/players/j/jonesju01.html
Brevin Knight,Charlotte Hornets,CHA,22,PG,5-10,173,"November 8, 1975",us,8,Stanford University,/players/k/knighbr01.html
Sean May,Charlotte Hornets,CHA,42,PF,6-9,266,"April 4, 1984",us,R,University of North Carolina,/players/m/mayse01.html
Emeka Okafor,Charlotte Hornets,CHA,50,PF,6-10,252,"September 28, 1982",us,1,University of Connecticut,/players/o/okafoem01.html
Bernard Robinson,Charlotte Hornets,CHA,21,SF,6-6,210,"December 26, 1980",us,1,University of Michigan,/players/r/robinbe01.html
Kareem Rush,Charlotte Hornets,CHA,4,SG,6-6,215,"October 30, 1980",us,3,University of Missouri,/players/r/rushka01.html
Jake Voskuhl,Charlotte Hornets,CHA,43,C,6-11,245,"November 1, 1977",us,5,University of Connecticut,/players/v/voskuja01.html
Gerald Wallace,Charlotte Hornets,CHA,3,SF,6-7,215,"July 23, 1982",us,4,University of Alabama,/players/w/wallage01.html
Malik Allen,Chicago Bulls,CHI,35,PF,6-10,255,"June 27, 1978",us,4,Villanova University,/players/a/allenma01.html
Eddie Basden,Chicago Bulls,CHI,13,SF,6-5,215,"February 15, 1983",us,R,University of North Carolina at Charlotte,/players/b/basdeed01.html
Tyson Chandler,Chicago Bulls,CHI,3,C,7-1,240,"October 2, 1982",us,4,,/players/c/chandty01.html
Luol Deng,Chicago Bulls,CHI,9,SF,6-9,220,"April 16, 1985",ss,1,Duke University,/players/d/denglu01.html
Chris Duhon,Chicago Bulls,CHI,21,PG,6-1,185,"August 31, 1982",us,1,Duke University,/players/d/duhonch01.html
Ben Gordon,Chicago Bulls,CHI,7,SG,6-3,200,"April 4, 1983",gb,1,University of Connecticut,/players/g/gordobe01.html
Stephen Graham,Chicago Bulls,CHI,1,SG,6-6,215,"June 11, 1982",us,R,Oklahoma State University,/players/g/grahast01.html
Othella Harrington,Chicago Bulls,CHI,24,C,6-9,235,"January 31, 1974",us,9,Georgetown University,/players/h/harriot01.html
Kirk Hinrich,Chicago Bulls,CHI,12,PG,6-4,190,"January 2, 1981",us,2,University of Kansas,/players/h/hinriki01.html
Randy Holcomb,Chicago Bulls,CHI,6,SF,6-9,225,"August 8, 1979",us,R,San Diego State University,/players/h/holcora01.html
Randy Livingston,Chicago Bulls,CHI,1,PG,6-4,209,"April 2, 1975",us,9,Louisiana State University,/players/l/livinra01.html
Andres Nocioni,Chicago Bulls,CHI,5,PF,6-7,225,"November 30, 1979",ar,1,,/players/n/nocioan01.html
Jannero Pargo,Chicago Bulls,CHI,15,PG,6-1,175,"October 22, 1979",us,3,University of Arkansas,/players/p/pargoja01.html
Eric Piatkowski,Chicago Bulls,CHI,52,SG,6-7,215,"September 30, 1970",us,11,University of Nebraska,/players/p/piatker01.html
Luke Schenscher,Chicago Bulls,CHI,45,C,7-1,255,"December 31, 1982",au,R,Georgia Institute of Technology,/players/s/schenlu01.html
Darius Songaila,Chicago Bulls,CHI,25,PF,6-9,248,"February 14, 1978",lt,2,Wake Forest University,/players/s/songada01.html
Mike Sweetney,Chicago Bulls,CHI,50,C,6-8,275,"October 25, 1982",us,2,Georgetown University,/players/s/sweetmi01.html
James Thomas,Chicago Bulls,CHI,30,PF,6-8,235,"November 22, 1980",us,1,University of Texas at Austin,/players/t/thomaja02.html
Tim Thomas,Chicago Bulls,CHI,2,SF,6-10,230,"February 26, 1977",us,8,Villanova University,/players/t/thomati01.html
Martynas Andriuskevicius,Cleveland Cavaliers,CLE,15,C,7-2,240,"March 12, 1986",lt,R,,/players/a/andrima01.html
Drew Gooden,Cleveland Cavaliers,CLE,90,PF,6-10,250,"September 24, 1981",us,3,University of Kansas,/players/g/goodedr01.html
Stephen Graham,Cleveland Cavaliers,CLE,1,SG,6-6,215,"June 11, 1982",us,R,Oklahoma State University,/players/g/grahast01.html
Zendon Hamilton,Cleveland Cavaliers,CLE,31,C,6-11,250,"April 27, 1975",us,5,St. John's University,/players/h/hamilze01.html
Alan Henderson,Cleveland Cavaliers,CLE,44,C,6-9,235,"December 2, 1972",us,10,Indiana University,/players/h/hendeal01.html
Larry Hughes,Cleveland Cavaliers,CLE,32,SG,6-5,184,"January 23, 1979",us,7,Saint Louis University,/players/h/hughela01.html
Zydrunas Ilgauskas,Cleveland Cavaliers,CLE,11,C,7-3,238,"June 5, 1975",lt,7,,/players/i/ilgauzy01.html
Luke Jackson,Cleveland Cavaliers,CLE,33,SF,6-7,215,"November 6, 1981",us,1,University of Oregon,/players/j/jackslu02.html
LeBron James,Cleveland Cavaliers,CLE,23,SF,6-8,250,"December 30, 1984",us,2,,/players/j/jamesle01.html
Damon Jones,Cleveland Cavaliers,CLE,19,PG,6-3,185,"August 25, 1976",us,7,University of Houston,/players/j/jonesda01.html
Donyell Marshall,Cleveland Cavaliers,CLE,24,PF,6-9,218,"May 18, 1973",us,11,University of Connecticut,/players/m/marshdo01.html
Ronald Murray,Cleveland Cavaliers,CLE,2,SG,6-4,190,"July 29, 1979",us,3,Shaw University,/players/m/murraro01.html
Ira Newble,Cleveland Cavaliers,CLE,14,SG,6-7,220,"January 20, 1975",us,5,Miami University,/players/n/newblir01.html
Sasha Pavlovic,Cleveland Cavaliers,CLE,3,SG,6-8,220,"November 15, 1983",me,2,,/players/p/pavloal01.html
Eric Snow,Cleveland Cavaliers,CLE,20,PG,6-3,190,"April 24, 1973",us,10,Michigan State University,/players/s/snower01.html
Anderson Varejao,Cleveland Cavaliers,CLE,17,C,6-10,273,"September 28, 1982",br,1,,/players/v/varejan01.html
Mike Wilks,Cleveland Cavaliers,CLE,29,PG,5-10,185,"May 7, 1979",us,3,Rice University,/players/w/wilksmi01.html
Darrell Armstrong,Dallas Mavericks,DAL,10,PG,6-0,170,"June 22, 1968",us,11,Fayetteville State University,/players/a/armstda01.html
Doug Christie,Dallas Mavericks,DAL,13,SG,6-6,200,"May 9, 1970",us,13,Pepperdine University,/players/c/chrisdo01.html
Erick Dampier,Dallas Mavericks,DAL,25,C,6-11,265,"July 14, 1975",us,9,Mississippi State University,/players/d/dampier01.html
Marquis Daniels,Dallas Mavericks,DAL,6,SG,6-6,200,"January 7, 1981",us,2,Auburn University,/players/d/daniema01.html
DeSagana Diop,Dallas Mavericks,DAL,7,C,7-0,300,"January 30, 1982",sn,4,,/players/d/diopde01.html
Adrian Griffin,Dallas Mavericks,DAL,44,SG,6-5,217,"July 4, 1974",us,6,Seton Hall University,/players/g/griffad01.html
Devin Harris,Dallas Mavericks,DAL,34,PG,6-3,192,"February 27, 1983",us,1,University of Wisconsin,/players/h/harride01.html
Josh Howard,Dallas Mavericks,DAL,5,SF,6-7,210,"April 28, 1980",us,2,Wake Forest University,/players/h/howarjo01.html
Didier Ilunga-Mbenga,Dallas Mavericks,DAL,28,C,7-0,245,"December 30, 1980",cd,1,,/players/m/mbengdj01.html
Rawle Marshall,Dallas Mavericks,DAL,1,SF,6-9,190,"February 20, 1982",gy,R,Oakland University,/players/m/marshra01.html
Dirk Nowitzki,Dallas Mavericks,DAL,41,PF,7-0,245,"June 19, 1978",de,7,,/players/n/nowitdi01.html
Pavel Podkolzin,Dallas Mavericks,DAL,24,C,7-5,260,"January 15, 1985",ru,1,,/players/p/podkopa01.html
Josh Powell,Dallas Mavericks,DAL,33,PF,6-9,225,"January 25, 1983",us,R,North Carolina State University,/players/p/poweljo01.html
Jerry Stackhouse,Dallas Mavericks,DAL,42,SG,6-6,218,"November 5, 1974",us,10,University of North Carolina,/players/s/stackje01.html
Jason Terry,Dallas Mavericks,DAL,31,PG,6-2,185,"September 15, 1977",us,6,University of Arizona,/players/t/terryja01.html
Keith Van Horn,Dallas Mavericks,DAL,2,SF,6-10,220,"October 23, 1975",us,8,University of Utah,/players/v/vanhoke01.html
Carmelo Anthony,Denver Nuggets,DEN,15,SF,6-8,240,"May 29, 1984",us,2,Syracuse University,/players/a/anthoca01.html
Earl Boykins,Denver Nuggets,DEN,11,PG,5-5,135,"June 2, 1976",us,7,Eastern Michigan University,/players/b/boykiea01.html
Greg Buckner,Denver Nuggets,DEN,7,SG,6-4,210,"September 16, 1976",us,6,Clemson University,/players/b/buckngr01.html
Marcus Camby,Denver Nuggets,DEN,23,C,6-11,220,"March 22, 1974",us,9,University of Massachusetts Amherst,/players/c/cambyma01.html
Howard Eisley,Denver Nuggets,DEN,10,PG,6-2,177,"December 4, 1972",us,11,Boston College,/players/e/eisleho01.html
Francisco Elson,Denver Nuggets,DEN,56,C,7-0,235,"February 28, 1976",nl,2,University of California,/players/e/elsonfr01.html
Reggie Evans,Denver Nuggets,DEN,30,PF,6-8,245,"May 18, 1980",us,3,University of Iowa,/players/e/evansre01.html
Nene Hilario,Denver Nuggets,DEN,31,PF,6-11,250,"September 13, 1982",br,3,,/players/h/hilarne01.html
Julius Hodge,Denver Nuggets,DEN,32,SG,6-7,210,"November 18, 1983",us,R,North Carolina State University,/players/h/hodgeju01.html
DerMarr Johnson,Denver Nuggets,DEN,3,SG,6-9,201,"May 5, 1980",us,4,University of Cincinnati,/players/j/johnsde03.html
Linas Kleiza,Denver Nuggets,DEN,43,PF,6-8,245,"January 3, 1985",lt,R,University of Missouri,/players/k/kleizli01.html
Voshon Lenard,Denver Nuggets,DEN,1,SG,6-4,205,"May 14, 1973",us,10,University of Minnesota,/players/l/lenarvo01.html
Kenyon Martin,Denver Nuggets,DEN,6,PF,6-9,234,"December 30, 1977",us,5,University of Cincinnati,/players/m/martike01.html
Andre Miller,Denver Nuggets,DEN,24,PG,6-3,200,"March 19, 1976",us,6,University of Utah,/players/m/millean02.html
Eduardo Najera,Denver Nuggets,DEN,21,PF,6-8,240,"July 11, 1976",mx,5,University of Oklahoma,/players/n/najered01.html
Ruben Patterson,Denver Nuggets,DEN,22,SG,6-5,224,"July 31, 1975",us,7,University of Cincinnati,/players/p/patteru01.html
Bryon Russell,Denver Nuggets,DEN,9,SF,6-7,225,"December 31, 1970",us,12,"California State University, Long Beach",/players/r/russebr01.html
Charles Smith,Denver Nuggets,DEN,5,SG,6-4,194,"August 22, 1975",us,4,University of New Mexico,/players/s/smithch04.html
Earl Watson,Denver Nuggets,DEN,8,PG,6-1,195,"June 12, 1979",us,4,"University of California, Los Angeles",/players/w/watsoea01.html
Alex Acker,Detroit Pistons,DET,6,SG,6-5,185,"January 21, 1983",us,R,Pepperdine University,/players/a/ackeral01.html
Carlos Arroyo,Detroit Pistons,DET,30,PG,6-2,202,"July 30, 1979",pr,4,Florida International University,/players/a/arroyca01.html
Chauncey Billups,Detroit Pistons,DET,1,PG,6-3,202,"September 25, 1976",us,8,University of Colorado,/players/b/billuch01.html
Kelvin Cato,Detroit Pistons,DET,13,C,6-11,255,"August 26, 1974",us,8,Iowa State University,/players/c/catoke01.html
Dale Davis,Detroit Pistons,DET,34,C,6-11,230,"March 25, 1969",us,14,Clemson University,/players/d/davisda01.html
Carlos Delfino,Detroit Pistons,DET,20,SG,6-6,230,"August 29, 1982",ar,1,,/players/d/delfica01.html
Tony Delk,Detroit Pistons,DET,00,PG,6-1,189,"January 28, 1974",us,9,University of Kentucky,/players/d/delkto01.html
Maurice Evans,Detroit Pistons,DET,5,SG,6-5,220,"November 8, 1978",us,2,University of Texas at Austin,/players/e/evansma01.html
Richard Hamilton,Detroit Pistons,DET,32,SG,6-6,185,"February 14, 1978",us,6,University of Connecticut,/players/h/hamilri01.html
Lindsey Hunter,Detroit Pistons,DET,10,PG,6-2,170,"December 3, 1970",us,12,Jackson State University,/players/h/hunteli01.html
Amir Johnson,Detroit Pistons,DET,25,SF,6-9,240,"May 1, 1987",us,R,,/players/j/johnsam01.html
Jason Maxiell,Detroit Pistons,DET,54,PF,6-7,260,"February 18, 1983",us,R,University of Cincinnati,/players/m/maxieja01.html
Antonio McDyess,Detroit Pistons,DET,24,PF,6-9,220,"September 7, 1974",us,9,University of Alabama,/players/m/mcdyean01.html
Darko Milicic,Detroit Pistons,DET,31,C,7-0,250,"June 20, 1985",rs,2,,/players/m/milicda01.html
Tayshaun Prince,Detroit Pistons,DET,22,SF,6-9,212,"February 28, 1980",us,3,University of Kentucky,/players/p/princta01.html
Ben Wallace,Detroit Pistons,DET,3,C,6-9,240,"September 10, 1974",us,9,Virginia Union University,/players/w/wallabe01.html
Rasheed Wallace,Detroit Pistons,DET,36,PF,6-10,225,"September 17, 1974",us,10,University of North Carolina,/players/w/wallara01.html
Andris Biedrins,Golden State Warriors,GSW,15,C,6-11,240,"April 2, 1986",lv,1,,/players/b/biedran01.html
Will Bynum,Golden State Warriors,GSW,3,PG,6-0,185,"January 4, 1983",us,R,Georgia Institute of Technology,/players/b/bynumwi01.html
Zarko Cabarkapa,Golden State Warriors,GSW,11,PF,6-11,235,"May 21, 1981",rs,2,,/players/c/cabarza01.html
Calbert Cheaney,Golden State Warriors,GSW,40,SF,6-7,209,"July 17, 1971",us,12,Indiana University,/players/c/cheanca01.html
Baron Davis,Golden State Warriors,GSW,5,PG,6-3,209,"April 13, 1979",us,6,"University of California, Los Angeles",/players/d/davisba01.html
Ike Diogu,Golden State Warriors,GSW,9,PF,6-8,250,"September 11, 1983",us,R,Arizona State University,/players/d/dioguik01.html
Mike Dunleavy,Golden State Warriors,GSW,34,SF,6-9,230,"September 15, 1980",us,3,Duke University,/players/d/dunlemi02.html
Monta Ellis,Golden State Warriors,GSW,8,SG,6-3,185,"October 26, 1985",us,R,,/players/e/ellismo01.html
Derek Fisher,Golden State Warriors,GSW,4,PG,6-1,200,"August 9, 1974",us,9,University of Arkansas at Little Rock,/players/f/fishede01.html
Adonal Foyle,Golden State Warriors,GSW,31,C,6-10,250,"March 9, 1975",vc,8,Colgate University,/players/f/foylead01.html
Aaron Miles,Golden State Warriors,GSW,0,PG,6-1,175,"April 13, 1983",us,R,University of Kansas,/players/m/milesaa01.html
Troy Murphy,Golden State Warriors,GSW,1,PF,6-11,245,"May 2, 1980",us,4,University of Notre Dame,/players/m/murphtr01.html
Mickael Pietrus,Golden State Warriors,GSW,2,SF,6-6,215,"February 7, 1982",gp,2,,/players/p/pietrmi01.html
Jason Richardson,Golden State Warriors,GSW,23,SG,6-6,220,"January 20, 1981",us,4,Michigan State University,/players/r/richaja01.html
Chris Taft,Golden State Warriors,GSW,21,C,6-10,260,"March 10, 1985",us,R,University of Pittsburgh,/players/t/taftch01.html
Rafer Alston,Houston Rockets,HOU,12,PG,6-2,171,"July 24, 1976",us,6,"California State University, Fresno",/players/a/alstora01.html
Derek Anderson,Houston Rockets,HOU,8,SG,6-5,194,"July 18, 1974",us,8,University of Kentucky,/players/a/anderde01.html
Jon Barry,Houston Rockets,HOU,20,SG,6-4,195,"July 25, 1969",us,13,Georgia Institute of Technology,/players/b/barryjo01.html
Lonny Baxter,Houston Rockets,HOU,35,C,6-8,260,"January 27, 1979",us,3,University of Maryland,/players/b/baxtelo01.html
Keith Bogans,Houston Rockets,HOU,10,SF,6-5,215,"May 12, 1980",us,2,University of Kentucky,/players/b/boganke01.html
Ryan Bowen,Houston Rockets,HOU,40,SF,6-7,215,"November 20, 1975",us,6,University of Iowa,/players/b/bowenry01.html
Rick Brunson,Houston Rockets,HOU,9,PG,6-4,190,"June 14, 1972",us,8,Temple University,/players/b/brunsri01.html
Josh Davis,Houston Rockets,HOU,18,PF,6-8,235,"August 10, 1980",us,2,University of Wyoming,/players/d/davisjo02.html
Richie Frahm,Houston Rockets,HOU,14,SG,6-5,210,"August 14, 1977",us,2,Gonzaga University,/players/f/frahmri01.html
Stephen Graham,Houston Rockets,HOU,9,SG,6-6,215,"June 11, 1982",us,R,Oklahoma State University,/players/g/grahast01.html
Chuck Hayes,Houston Rockets,HOU,44,PF,6-6,240,"June 11, 1983",us,R,University of Kentucky,/players/h/hayesch01.html
Luther Head,Houston Rockets,HOU,2,SG,6-3,185,"November 26, 1982",us,R,University of Illinois at Urbana-Champaign,/players/h/headlu01.html
Juwan Howard,Houston Rockets,HOU,5,PF,6-9,240,"February 7, 1973",us,11,University of Michigan,/players/h/howarju01.html
Maciej Lampe,Houston Rockets,HOU,15,C,6-11,275,"February 5, 1985",pl,2,,/players/l/lampema01.html
John Lucas III,Houston Rockets,HOU,15,PG,5-11,166,"November 21, 1982",us,R,Oklahoma State University,/players/l/lucasjo02.html
Tracy McGrady,Houston Rockets,HOU,1,SF,6-8,210,"May 24, 1979",us,8,,/players/m/mcgratr01.html
Yao Ming,Houston Rockets,HOU,11,C,7-6,310,"September 12, 1980",cn,3,,/players/m/mingya01.html
Dikembe Mutombo,Houston Rockets,HOU,55,C,7-2,245,"June 25, 1966",cd,14,Georgetown University,/players/m/mutomdi01.html
Moochie Norris,Houston Rockets,HOU,25,PG,6-1,175,"July 27, 1973",us,8,University of West Florida,/players/n/norrimo01.html
Stromile Swift,Houston Rockets,HOU,4,C,6-9,225,"November 21, 1979",us,5,Louisiana State University,/players/s/swiftst01.html
David Wesley,Houston Rockets,HOU,7,SG,6-0,190,"November 14, 1970",us,12,Baylor University,/players/w/wesleda01.html
Jonathan Bender,Indiana Pacers,IND,24,SF,6-11,202,"January 30, 1981",us,6,,/players/b/bendejo01.html
Austin Croshere,Indiana Pacers,IND,44,PF,6-9,235,"May 1, 1975",us,8,Providence College,/players/c/croshau01.html
Jeff Foster,Indiana Pacers,IND,10,C,6-11,236,"January 16, 1977",us,6,Texas State University,/players/f/fosteje01.html
Eddie Gill,Indiana Pacers,IND,4,PG,6-0,190,"August 16, 1978",us,4,Weber State University,/players/g/gilled01.html
Danny Granger,Indiana Pacers,IND,33,SF,6-9,222,"April 20, 1983",us,R,University of New Mexico,/players/g/grangda01.html
David Harrison,Indiana Pacers,IND,13,C,7-0,280,"August 15, 1982",us,1,University of Colorado,/players/h/harrida01.html
Stephen Jackson,Indiana Pacers,IND,1,SG,6-8,218,"April 5, 1978",us,5,Butler County Community College,/players/j/jacksst02.html
Sarunas Jasikevicius,Indiana Pacers,IND,3,PG,6-4,195,"March 5, 1976",lt,R,University of Maryland,/players/j/jasiksa01.html
Anthony Johnson,Indiana Pacers,IND,8,PG,6-3,190,"October 2, 1974",us,8,College of Charleston,/players/j/johnsan02.html
Fred Jones,Indiana Pacers,IND,20,SG,6-4,210,"March 11, 1979",us,3,University of Oregon,/players/j/jonesfr01.html
Jermaine O'Neal,Indiana Pacers,IND,7,PF,6-11,226,"October 13, 1978",us,9,,/players/o/onealje01.html
Scot Pollard,Indiana Pacers,IND,62,C,6-11,265,"February 12, 1975",us,8,University of Kansas,/players/p/pollasc01.html
Peja Stojakovic,Indiana Pacers,IND,16,SF,6-9,220,"June 9, 1977",hr,7,,/players/s/stojape01.html
Jamaal Tinsley,Indiana Pacers,IND,11,PG,6-3,195,"February 28, 1978",us,4,Iowa State University,/players/t/tinslja01.html
Samaki Walker,Indiana Pacers,IND,52,PF,6-9,240,"February 25, 1976",us,9,University of Louisville,/players/w/walkesa01.html
Metta World Peace,Indiana Pacers,IND,15,SF,6-6,260,"November 13, 1979",us,6,St. John's University,/players/a/artesro01.html
Vin Baker,Los Angeles Clippers,LAC,34,C,6-11,232,"November 23, 1971",us,12,University of Hartford,/players/b/bakervi01.html
Elton Brand,Los Angeles Clippers,LAC,42,PF,6-8,275,"March 11, 1979",us,6,Duke University,/players/b/brandel01.html
Sam Cassell,Los Angeles Clippers,LAC,19,PG,6-3,185,"November 18, 1969",us,12,Florida State University,/players/c/cassesa01.html
Howard Eisley,Los Angeles Clippers,LAC,10,PG,6-2,177,"December 4, 1972",us,11,Boston College,/players/e/eisleho01.html
Daniel Ewing,Los Angeles Clippers,LAC,3,SG,6-3,185,"March 26, 1983",us,R,Duke University,/players/e/ewingda01.html
Anthony Goldwire,Los Angeles Clippers,LAC,4,PG,6-1,182,"September 6, 1971",us,7,University of Houston,/players/g/goldwan01.html
Chris Kaman,Los Angeles Clippers,LAC,35,C,7-0,265,"April 28, 1982",us,2,Central Michigan University,/players/k/kamanch01.html
Yaroslav Korolev,Los Angeles Clippers,LAC,8,SF,6-9,203,"May 7, 1987",ru,R,,/players/k/korolya01.html
Shaun Livingston,Los Angeles Clippers,LAC,14,PG,6-7,192,"September 11, 1985",us,1,,/players/l/livinsh01.html
Corey Maggette,Los Angeles Clippers,LAC,50,SF,6-6,218,"November 12, 1979",us,6,Duke University,/players/m/maggeco01.html
Walter McCarty,Los Angeles Clippers,LAC,0,SF,6-10,230,"February 1, 1974",us,9,University of Kentucky,/players/m/mccarwa01.html
Cuttino Mobley,Los Angeles Clippers,LAC,5,SF,6-4,190,"September 1, 1975",us,7,University of Rhode Island,/players/m/moblecu01.html
Boniface N'Dong,Los Angeles Clippers,LAC,22,C,7-0,198,"March 9, 1977",sn,R,,/players/n/ndongbo01.html
Vladimir Radmanovic,Los Angeles Clippers,LAC,7,PF,6-10,227,"November 19, 1980",ba,4,,/players/r/radmavl01.html
Zeljko Rebraca,Los Angeles Clippers,LAC,11,C,7-0,257,"April 9, 1972",rs,4,,/players/r/rebraze01.html
Quinton Ross,Los Angeles Clippers,LAC,13,SG,6-6,195,"April 30, 1981",us,1,Southern Methodist University,/players/r/rossqu01.html
James Singleton,Los Angeles Clippers,LAC,15,SF,6-8,216,"July 20, 1981",us,R,Murray State University,/players/s/singlja01.html
Chris Wilcox,Los Angeles Clippers,LAC,54,C,6-10,221,"September 3, 1982",us,3,University of Maryland,/players/w/wilcoch01.html
Kwame Brown,Los Angeles Lakers,LAL,54,C,6-11,270,"March 10, 1982",us,4,,/players/b/brownkw01.html
Kobe Bryant,Los Angeles Lakers,LAL,8,SG,6-6,212,"August 23, 1978",us,9,,/players/b/bryanko01.html
Andrew Bynum,Los Angeles Lakers,LAL,17,C,7-0,285,"October 27, 1987",us,R,,/players/b/bynuman01.html
Brian Cook,Los Angeles Lakers,LAL,43,PF,6-9,234,"December 4, 1980",us,2,University of Illinois at Urbana-Champaign,/players/c/cookbr01.html
Devean George,Los Angeles Lakers,LAL,3,SF,6-8,220,"August 29, 1977",us,6,Augsburg College,/players/g/georgde01.html
Devin Green,Los Angeles Lakers,LAL,11,SG,6-7,210,"October 25, 1982",us,R,Hampton University,/players/g/greende01.html
Jim Jackson,Los Angeles Lakers,LAL,24,SF,6-6,220,"October 14, 1970",us,13,Ohio State University,/players/j/jacksji01.html
Aaron McKie,Los Angeles Lakers,LAL,2,PG,6-5,209,"October 2, 1972",us,11,Temple University,/players/m/mckieaa01.html
Stanislav Medvedenko,Los Angeles Lakers,LAL,14,PF,6-10,250,"April 4, 1979",ua,5,,/players/m/medvest01.html
Chris Mihm,Los Angeles Lakers,LAL,31,C,7-0,265,"July 16, 1979",us,5,University of Texas at Austin,/players/m/mihmch01.html
Lamar Odom,Los Angeles Lakers,LAL,7,PF,6-10,220,"November 6, 1979",us,6,University of Rhode Island,/players/o/odomla01.html
Smush Parker,Los Angeles Lakers,LAL,1,PG,6-4,190,"June 1, 1981",us,2,Fordham University,/players/p/parkesm01.html
Laron Profit,Los Angeles Lakers,LAL,9,SG,6-5,204,"August 5, 1977",us,3,University of Maryland,/players/p/profila01.html
Ronny Turiaf,Los Angeles Lakers,LAL,21,C,6-10,249,"January 13, 1983",mq,R,Gonzaga University,/players/t/turiaro01.html
Sasha Vujacic,Los Angeles Lakers,LAL,18,PG,6-7,195,"March 8, 1984",si,1,,/players/v/vujacsa01.html
Von Wafer,Los Angeles Lakers,LAL,23,SG,6-5,210,"July 21, 1985",us,R,Florida State University,/players/w/wafervo01.html
Luke Walton,Los Angeles Lakers,LAL,4,SF,6-8,235,"March 28, 1980",us,2,University of Arizona,/players/w/waltolu01.html
Chucky Atkins,Memphis Grizzlies,MEM,32,PG,5-11,160,"August 14, 1974",us,6,University of South Florida,/players/a/atkinch01.html
Shane Battier,Memphis Grizzlies,MEM,31,SF,6-8,220,"September 9, 1978",us,4,Duke University,/players/b/battish01.html
Antonio Burks,Memphis Grizzlies,MEM,1,PG,6-1,200,"February 25, 1980",us,1,University of Memphis,/players/b/burksan01.html
Brian Cardinal,Memphis Grizzlies,MEM,35,PF,6-8,245,"May 2, 1977",us,5,Purdue University,/players/c/cardibr01.html
Pau Gasol,Memphis Grizzlies,MEM,16,PF,7-0,250,"July 6, 1980",es,4,,/players/g/gasolpa01.html
Bobby Jackson,Memphis Grizzlies,MEM,24,PG,6-1,185,"March 13, 1973",us,8,University of Minnesota,/players/j/jacksbo01.html
Dahntay Jones,Memphis Grizzlies,MEM,30,SF,6-6,225,"December 27, 1980",us,2,Duke University,/players/j/jonesda02.html
Eddie Jones,Memphis Grizzlies,MEM,6,SG,6-6,190,"October 20, 1971",us,11,Temple University,/players/j/jonesed02.html
Mike Miller,Memphis Grizzlies,MEM,33,SG,6-8,218,"February 19, 1980",us,5,University of Florida,/players/m/millemi01.html
Anthony Roberson,Memphis Grizzlies,MEM,3,PG,6-2,180,"February 14, 1983",us,R,University of Florida,/players/r/roberan02.html
Lawrence Roberts,Memphis Grizzlies,MEM,44,C,6-9,240,"October 20, 1982",us,R,Mississippi State University,/players/r/roberla01.html
Damon Stoudamire,Memphis Grizzlies,MEM,20,PG,5-10,171,"September 3, 1973",us,10,University of Arizona,/players/s/stoudda01.html
John Thomas,Memphis Grizzlies,MEM,25,C,6-9,265,"September 8, 1975",us,4,University of Minnesota,/players/t/thomajo02.html
Jake Tsakalidis,Memphis Grizzlies,MEM,12,C,7-2,285,"June 10, 1979",ge,5,,/players/t/tsakaja01.html
Hakim Warrick,Memphis Grizzlies,MEM,21,PF,6-9,219,"July 8, 1982",us,R,Syracuse University,/players/w/warriha01.html
Lorenzen Wright,Memphis Grizzlies,MEM,42,C,6-11,225,"November 4, 1975",us,9,University of Memphis,/players/w/wrighlo02.html
Derek Anderson,Miami Heat,MIA,5,SG,6-5,194,"July 18, 1974",us,8,University of Kentucky,/players/a/anderde01.html
Shandon Anderson,Miami Heat,MIA,49,SF,6-6,208,"December 31, 1973",us,9,University of Georgia,/players/a/andersh01.html
Earl Barron,Miami Heat,MIA,30,C,7-0,250,"August 14, 1981",us,R,University of Memphis,/players/b/barroea01.html
Michael Doleac,Miami Heat,MIA,51,C,6-11,262,"June 15, 1977",us,7,University of Utah,/players/d/doleami01.html
Gerald Fitch,Miami Heat,MIA,4,PG,6-3,188,"August 12, 1982",us,R,University of Kentucky,/players/f/fitchge01.html
Udonis Haslem,Miami Heat,MIA,40,PF,6-8,235,"June 9, 1980",us,2,University of Florida,/players/h/hasleud01.html
Jason Kapono,Miami Heat,MIA,24,SF,6-8,213,"February 4, 1981",us,2,"University of California, Los Angeles",/players/k/kaponja01.html
Alonzo Mourning,Miami Heat,MIA,33,C,6-10,240,"February 8, 1970",us,12,Georgetown University,/players/m/mournal01.html
Shaquille O'Neal,Miami Heat,MIA,32,C,7-1,325,"March 6, 1972",us,13,Louisiana State University,/players/o/onealsh01.html
Gary Payton,Miami Heat,MIA,20,PG,6-4,180,"July 23, 1968",us,15,Oregon State University,/players/p/paytoga01.html
James Posey,Miami Heat,MIA,42,SF,6-8,215,"January 13, 1977",us,6,Xavier University,/players/p/poseyja01.html
Wayne Simien,Miami Heat,MIA,25,PF,6-9,255,"March 9, 1983",us,R,University of Kansas,/players/s/simiewa01.html
Dwyane Wade,Miami Heat,MIA,3,SG,6-4,220,"January 17, 1982",us,2,Marquette University,/players/w/wadedw01.html
Antoine Walker,Miami Heat,MIA,8,PF,6-8,224,"August 12, 1976",us,9,University of Kentucky,/players/w/walkean02.html
Matt Walsh,Miami Heat,MIA,44,SG,6-6,205,"December 2, 1982",us,R,University of Florida,/players/w/walshma01.html
Jason Williams,Miami Heat,MIA,55,PG,6-1,190,"November 18, 1975",us,7,University of Florida,/players/w/willija02.html
Dorell Wright,Miami Heat,MIA,1,SF,6-9,205,"December 2, 1985",us,1,,/players/w/wrighdo01.html
Charlie Bell,Milwaukee Bucks,MIL,42,SG,6-3,200,"March 12, 1979",us,1,Michigan State University,/players/b/bellch01.html
Andrew Bogut,Milwaukee Bucks,MIL,6,PF,7-0,260,"November 28, 1984",au,R,University of Utah,/players/b/bogutan01.html
Josh Davis,Milwaukee Bucks,MIL,5,PF,6-8,235,"August 10, 1980",us,2,University of Wyoming,/players/d/davisjo02.html
T.J. Ford,Milwaukee Bucks,MIL,11,PG,6-0,165,"March 24, 1983",us,1,University of Texas at Austin,/players/f/fordtj01.html
Dan Gadzuric,Milwaukee Bucks,MIL,50,C,6-11,240,"February 2, 1978",nl,3,"University of California, Los Angeles",/players/g/gadzuda01.html
Reece Gaines,Milwaukee Bucks,MIL,34,PG,6-6,205,"January 7, 1981",us,2,University of Louisville,/players/g/gainere01.html
Jermaine Jackson,Milwaukee Bucks,MIL,5,PG,6-4,204,"June 7, 1976",us,4,University of Detroit Mercy,/players/j/jacksje01.html
Ervin Johnson,Milwaukee Bucks,MIL,40,C,6-11,245,"December 21, 1967",us,12,University of New Orleans,/players/j/johnser02.html
Toni Kukoc,Milwaukee Bucks,MIL,7,PF,6-10,192,"September 18, 1968",hr,12,,/players/k/kukocto01.html
Jamaal Magloire,Milwaukee Bucks,MIL,20,C,6-11,259,"May 21, 1978",ca,5,University of Kentucky,/players/m/magloja01.html
Michael Redd,Milwaukee Bucks,MIL,22,SG,6-6,220,"August 24, 1979",us,5,Ohio State University,/players/r/reddmi01.html
Bobby Simmons,Milwaukee Bucks,MIL,21,SF,6-7,210,"June 2, 1980",us,4,DePaul University,/players/s/simmobo01.html
Joe Smith,Milwaukee Bucks,MIL,8,PF,6-10,225,"July 26, 1975",us,10,University of Maryland,/players/s/smithjo02.html
Jiri Welsch,Milwaukee Bucks,MIL,44,SF,6-7,208,"January 27, 1980",cz,3,,/players/w/welscji01.html
Mo Williams,Milwaukee Bucks,MIL,25,PG,6-1,198,"December 19, 1982",us,2,University of Alabama,/players/w/willima01.html
Marcus Banks,Minnesota Timberwolves,MIN,3,PG,6-2,200,"November 19, 1981",us,2,"University of Nevada, Las Vegas",/players/b/banksma01.html
Mark Blount,Minnesota Timberwolves,MIN,30,C,7-0,230,"November 30, 1975",us,5,University of Pittsburgh,/players/b/blounma01.html
Anthony Carter,Minnesota Timberwolves,MIN,7,PG,6-1,190,"June 16, 1975",us,6,University of Hawaii,/players/c/cartean01.html
Ricky Davis,Minnesota Timberwolves,MIN,31,SF,6-6,195,"September 23, 1979",us,7,University of Iowa,/players/d/davisri01.html
Ronald Dupree,Minnesota Timberwolves,MIN,12,SF,6-7,209,"January 26, 1981",us,2,Louisiana State University,/players/d/duprero01.html
Richie Frahm,Minnesota Timberwolves,MIN,24,SG,6-5,210,"August 14, 1977",us,2,Gonzaga University,/players/f/frahmri01.html
Kevin Garnett,Minnesota Timberwolves,MIN,21,PF,6-11,240,"May 19, 1976",us,10,,/players/g/garneke01.html
Eddie Griffin,Minnesota Timberwolves,MIN,41,C,6-10,220,"May 30, 1982",us,3,Seton Hall University,/players/g/griffed01.html
Trenton Hassell,Minnesota Timberwolves,MIN,23,SG,6-5,200,"March 4, 1979",us,4,Austin Peay State University,/players/h/hassetr01.html
Troy Hudson,Minnesota Timberwolves,MIN,16,PG,6-1,170,"March 13, 1976",us,8,Southern Illinois University,/players/h/hudsotr01.html
Marko Jaric,Minnesota Timberwolves,MIN,55,PG,6-7,198,"October 12, 1978",rs,3,,/players/j/jaricma01.html
Mark Madsen,Minnesota Timberwolves,MIN,35,C,6-9,240,"January 28, 1976",us,5,Stanford University,/players/m/madsema01.html
Rashad McCants,Minnesota Timberwolves,MIN,1,SG,6-4,207,"September 25, 1984",us,R,University of North Carolina,/players/m/mccanra01.html
Michael Olowokandi,Minnesota Timberwolves,MIN,34,C,7-0,269,"April 3, 1975",ng,7,University of the Pacific,/players/o/olowomi01.html
Justin Reed,Minnesota Timberwolves,MIN,9,SF,6-8,240,"January 16, 1982",us,1,University of Mississippi,/players/r/reedju01.html
Wally Szczerbiak,Minnesota Timberwolves,MIN,10,SF,6-7,244,"March 5, 1977",es,6,Miami University,/players/s/szczewa02.html
Nikoloz Tskitishvili,Minnesota Timberwolves,MIN,17,PF,7-0,225,"April 14, 1983",ge,3,,/players/t/tskitni01.html
Bracey Wright,Minnesota Timberwolves,MIN,6,SG,6-3,210,"July 1, 1984",us,R,Indiana University,/players/w/wrighbr02.html
Chris Andersen,New Orleans Pelicans,NOK,12,C,6-10,245,"July 7, 1978",us,4,Blinn College,/players/a/anderch01.html
Brandon Bass,New Orleans Pelicans,NOK,33,PF,6-8,250,"April 30, 1985",us,R,Louisiana State University,/players/b/bassbr01.html
P.J. Brown,New Orleans Pelicans,NOK,42,C,6-11,225,"October 14, 1969",us,12,Louisiana Tech University,/players/b/brownpj01.html
Rasual Butler,New Orleans Pelicans,NOK,45,SF,6-7,215,"May 23, 1979",us,3,La Salle University,/players/b/butlera01.html
Speedy Claxton,New Orleans Pelicans,NOK,5,PG,5-11,166,"May 8, 1978",us,4,Hofstra University,/players/c/claxtsp01.html
Marcus Fizer,New Orleans Pelicans,NOK,21,PF,6-9,262,"August 10, 1978",us,5,Iowa State University,/players/f/fizerma01.html
Marc Jackson,New Orleans Pelicans,NOK,44,C,6-10,270,"January 16, 1975",us,5,Temple University,/players/j/jacksma02.html
Linton Johnson,New Orleans Pelicans,NOK,43,SF,6-8,205,"June 13, 1980",us,2,Tulane University,/players/j/johnsli01.html
Maciej Lampe,New Orleans Pelicans,NOK,15,C,6-11,275,"February 5, 1985",pl,2,,/players/l/lampema01.html
Arvydas Macijauskas,New Orleans Pelicans,NOK,6,SG,6-4,214,"January 19, 1980",lt,R,,/players/m/macijar01.html
Desmond Mason,New Orleans Pelicans,NOK,24,SF,6-7,224,"October 11, 1977",us,5,Oklahoma State University,/players/m/masonde01.html
Bostjan Nachbar,New Orleans Pelicans,NOK,10,PF,6-9,221,"July 3, 1980",si,3,,/players/n/nachbbo01.html
Moochie Norris,New Orleans Pelicans,NOK,25,PG,6-1,175,"July 27, 1973",us,8,University of West Florida,/players/n/norrimo01.html
Chris Paul,New Orleans Pelicans,NOK,3,PG,6-0,175,"May 6, 1985",us,R,Wake Forest University,/players/p/paulch01.html
J.R. Smith,New Orleans Pelicans,NOK,23,SG,6-6,225,"September 9, 1985",us,1,,/players/s/smithjr01.html
Kirk Snyder,New Orleans Pelicans,NOK,1,SG,6-6,225,"June 5, 1983",us,1,"University of Nevada, Reno",/players/s/snydeki01.html
Jackson Vroman,New Orleans Pelicans,NOK,4,PF,6-10,220,"June 6, 1981",us,1,Iowa State University,/players/v/vromaja01.html
David West,New Orleans Pelicans,NOK,30,PF,6-9,250,"August 29, 1980",us,2,Xavier University,/players/w/westda01.html
Aaron Williams,New Orleans Pelicans,NOK,34,C,6-9,220,"October 2, 1971",us,11,Xavier University,/players/w/williaa01.html
Trevor Ariza,New York Knicks,NYK,21,SF,6-8,215,"June 30, 1985",us,1,"University of California, Los Angeles",/players/a/arizatr01.html
Matt Barnes,New York Knicks,NYK,9,SF,6-7,226,"March 9, 1980",us,2,"University of California, Los Angeles",/players/b/barnema02.html
Jackie Butler,New York Knicks,NYK,45,C,6-10,250,"March 10, 1985",us,1,,/players/b/butleja01.html
Jamal Crawford,New York Knicks,NYK,11,SG,6-5,200,"March 20, 1980",us,5,University of Michigan,/players/c/crawfja01.html
Eddy Curry,New York Knicks,NYK,34,C,7-0,295,"December 5, 1982",us,4,,/players/c/curryed01.html
Antonio Davis,New York Knicks,NYK,32,PF,6-9,215,"October 31, 1968",us,12,University of Texas at El Paso,/players/d/davisan01.html
Steve Francis,New York Knicks,NYK,1,SG,6-3,195,"February 21, 1977",us,6,University of Maryland,/players/f/francst01.html
Channing Frye,New York Knicks,NYK,7,C,6-11,255,"May 17, 1983",us,R,University of Arizona,/players/f/fryech01.html
Anfernee Hardaway,New York Knicks,NYK,1,SF,6-7,195,"July 18, 1971",us,12,University of Memphis,/players/h/hardaan01.html
Jerome James,New York Knicks,NYK,31,C,7-0,300,"November 17, 1975",us,5,Florida Agricultural and Mechanical University,/players/j/jamesje01.html
David Lee,New York Knicks,NYK,42,SF,6-9,245,"April 29, 1983",us,R,University of Florida,/players/l/leeda02.html
Stephon Marbury,New York Knicks,NYK,3,PG,6-2,180,"February 20, 1977",us,9,Georgia Institute of Technology,/players/m/marbust01.html
Quentin Richardson,New York Knicks,NYK,23,SF,6-6,223,"April 13, 1980",us,5,DePaul University,/players/r/richaqu01.html
Nate Robinson,New York Knicks,NYK,4,PG,5-9,180,"May 31, 1984",us,R,University of Washington,/players/r/robinna01.html
Jalen Rose,New York Knicks,NYK,5,SG,6-8,210,"January 30, 1973",us,11,University of Michigan,/players/r/roseja01.html
Malik Rose,New York Knicks,NYK,13,PF,6-7,250,"November 23, 1974",us,9,Drexel University,/players/r/rosema01.html
Maurice Taylor,New York Knicks,NYK,2,PF,6-9,260,"October 30, 1976",us,7,University of Michigan,/players/t/tayloma01.html
Ime Udoka,New York Knicks,NYK,8,SF,6-6,215,"August 9, 1977",us,1,Portland State University,/players/u/udokaim01.html
Qyntel Woods,New York Knicks,NYK,6,SF,6-8,221,"February 16, 1981",us,3,Northeast Mississippi Community College,/players/w/woodsqy01.html
Ray Allen,Oklahoma City Thunder,SEA,34,SG,6-5,205,"July 20, 1975",us,9,University of Connecticut,/players/a/allenra02.html
Rick Brunson,Oklahoma City Thunder,SEA,5,PG,6-4,190,"June 14, 1972",us,8,Temple University,/players/b/brunsri01.html
Mateen Cleaves,Oklahoma City Thunder,SEA,24,PG,6-2,205,"September 7, 1977",us,5,Michigan State University,/players/c/cleavma01.html
Nick Collison,Oklahoma City Thunder,SEA,4,PF,6-10,255,"October 26, 1980",us,1,University of Kansas,/players/c/collini01.html
Reggie Evans,Oklahoma City Thunder,SEA,30,PF,6-8,245,"May 18, 1980",us,3,University of Iowa,/players/e/evansre01.html
Noel Felix,Oklahoma City Thunder,SEA,16,SF,6-9,225,"October 4, 1981",us,R,"California State University, Fresno",/players/f/felixno01.html
Danny Fortson,Oklahoma City Thunder,SEA,21,C,6-7,260,"March 27, 1976",us,8,University of Cincinnati,/players/f/fortsda01.html
Rashard Lewis,Oklahoma City Thunder,SEA,7,SF,6-10,215,"August 8, 1979",us,7,,/players/l/lewisra02.html
Mikki Moore,Oklahoma City Thunder,SEA,33,C,6-11,225,"November 4, 1975",us,7,University of Nebraska,/players/m/mooremi01.html
Ronald Murray,Oklahoma City Thunder,SEA,22,SG,6-4,190,"July 29, 1979",us,3,Shaw University,/players/m/murraro01.html
Johan Petro,Oklahoma City Thunder,SEA,27,C,7-0,247,"January 27, 1986",fr,R,,/players/p/petrojo01.html
Vitaly Potapenko,Oklahoma City Thunder,SEA,9,C,6-10,280,"March 21, 1975",ua,9,Wright State University,/players/p/potapvi01.html
Vladimir Radmanovic,Oklahoma City Thunder,SEA,77,PF,6-10,227,"November 19, 1980",ba,4,,/players/r/radmavl01.html
Luke Ridnour,Oklahoma City Thunder,SEA,8,PG,6-2,175,"February 13, 1981",us,2,University of Oregon,/players/r/ridnolu01.html
Robert Swift,Oklahoma City Thunder,SEA,31,C,7-0,245,"December 3, 1985",us,1,,/players/s/swiftro01.html
Earl Watson,Oklahoma City Thunder,SEA,25,PG,6-1,195,"June 12, 1979",us,4,"University of California, Los Angeles",/players/w/watsoea01.html
Chris Wilcox,Oklahoma City Thunder,SEA,54,PF,6-10,221,"September 3, 1982",us,3,University of Maryland,/players/w/wilcoch01.html
Damien Wilkins,Oklahoma City Thunder,SEA,12,SF,6-6,225,"January 11, 1980",us,1,University of Georgia,/players/w/wilkida02.html
Mike Wilks,Oklahoma City Thunder,SEA,29,PG,5-10,185,"May 7, 1979",us,3,Rice University,/players/w/wilksmi01.html
Trevor Ariza,Orlando Magic,ORL,1,SF,6-8,215,"June 30, 1985",us,1,"University of California, Los Angeles",/players/a/arizatr01.html
Carlos Arroyo,Orlando Magic,ORL,30,SG,6-2,202,"July 30, 1979",pr,4,Florida International University,/players/a/arroyca01.html
Stacey Augmon,Orlando Magic,ORL,2,SF,6-8,205,"August 1, 1968",us,14,"University of Nevada, Las Vegas",/players/a/augmost01.html
Tony Battie,Orlando Magic,ORL,4,C,6-11,230,"February 11, 1976",us,8,Texas Tech University,/players/b/battito01.html
Kelvin Cato,Orlando Magic,ORL,13,C,6-11,255,"August 26, 1974",us,8,Iowa State University,/players/c/catoke01.html
Travis Diener,Orlando Magic,ORL,34,PG,6-1,175,"March 1, 1982",us,R,Marquette University,/players/d/dienetr01.html
Keyon Dooling,Orlando Magic,ORL,5,PG,6-3,196,"May 8, 1980",us,5,University of Missouri,/players/d/doolike01.html
Steve Francis,Orlando Magic,ORL,3,PG,6-3,195,"February 21, 1977",us,6,University of Maryland,/players/f/francst01.html
Pat Garrity,Orlando Magic,ORL,8,PF,6-9,238,"August 23, 1976",us,7,University of Notre Dame,/players/g/garripa01.html
Grant Hill,Orlando Magic,ORL,33,SF,6-8,225,"October 5, 1972",us,10,Duke University,/players/h/hillgr01.html
Dwight Howard,Orlando Magic,ORL,12,PF,6-11,265,"December 8, 1985",us,1,,/players/h/howardw01.html
Mario Kasun,Orlando Magic,ORL,41,C,7-1,260,"April 5, 1980",hr,1,,/players/k/kasunma01.html
Darko Milicic,Orlando Magic,ORL,31,C,7-0,250,"June 20, 1985",rs,2,,/players/m/milicda01.html
Terence Morris,Orlando Magic,ORL,40,SF,6-9,221,"January 11, 1979",us,2,University of Maryland,/players/m/morrite01.html
Jameer Nelson,Orlando Magic,ORL,14,PG,6-0,190,"February 9, 1982",us,1,Saint Joseph's University,/players/n/nelsoja01.html
Bo Outlaw,Orlando Magic,ORL,45,PF,6-8,210,"April 13, 1971",us,12,University of Houston,/players/o/outlabo01.html
DeShawn Stevenson,Orlando Magic,ORL,9,SG,6-5,210,"April 3, 1981",us,5,,/players/s/stevede01.html
Hedo Turkoglu,Orlando Magic,ORL,15,SF,6-10,220,"March 19, 1979",tr,5,,/players/t/turkohe01.html
Matt Barnes,Philadelphia 76ers,PHI,21,PF,6-7,226,"March 9, 1980",us,2,"University of California, Los Angeles",/players/b/barnema02.html
Michael Bradley,Philadelphia 76ers,PHI,5,PF,6-10,245,"April 18, 1979",us,4,Villanova University,/players/b/bradlmi01.html
Samuel Dalembert,Philadelphia 76ers,PHI,1,C,6-11,255,"May 10, 1981",ht,3,Seton Hall University,/players/d/dalemsa01.html
Deng Gai,Philadelphia 76ers,PHI,35,C,6-9,250,"March 22, 1982",ss,R,Fairfield University,/players/g/gaide01.html
Willie Green,Philadelphia 76ers,PHI,33,SG,6-4,200,"July 28, 1981",us,2,University of Detroit Mercy,/players/g/greenwi01.html
Zendon Hamilton,Philadelphia 76ers,PHI,31,C,6-11,250,"April 27, 1975",us,5,St. John's University,/players/h/hamilze01.html
Steven Hunter,Philadelphia 76ers,PHI,45,C,7-0,220,"October 31, 1981",us,4,DePaul University,/players/h/huntest01.html
Andre Iguodala,Philadelphia 76ers,PHI,9,SF,6-6,215,"January 28, 1984",us,1,University of Arizona,/players/i/iguodan01.html
Allen Iverson,Philadelphia 76ers,PHI,3,PG,6-0,165,"June 7, 1975",us,9,Georgetown University,/players/i/iversal01.html
Kyle Korver,Philadelphia 76ers,PHI,26,SF,6-7,212,"March 17, 1981",us,2,Creighton University,/players/k/korveky01.html
Lee Nailon,Philadelphia 76ers,PHI,54,PF,6-9,238,"February 22, 1975",us,5,Texas Christian University,/players/n/nailole01.html
Kevin Ollie,Philadelphia 76ers,PHI,12,SG,6-4,195,"December 27, 1972",us,8,University of Connecticut,/players/o/ollieke01.html
Shavlik Randolph,Philadelphia 76ers,PHI,42,PF,6-10,240,"November 24, 1983",us,R,Duke University,/players/r/randosh01.html
John Salmons,Philadelphia 76ers,PHI,7,SG,6-7,210,"December 12, 1979",us,3,University of Miami,/players/s/salmojo01.html
James Thomas,Philadelphia 76ers,PHI,30,PF,6-8,235,"November 22, 1980",us,1,University of Texas at Austin,/players/t/thomaja02.html
Chris Webber,Philadelphia 76ers,PHI,4,PF,6-9,245,"March 1, 1973",us,12,University of Michigan,/players/w/webbech01.html
Lou Williams,Philadelphia 76ers,PHI,23,PG,6-1,175,"October 27, 1986",us,R,,/players/w/willilo02.html
Leandro Barbosa,Phoenix Suns,PHO,10,SG,6-3,194,"November 28, 1982",br,2,,/players/b/barbole01.html
Andre Barrett,Phoenix Suns,PHO,12,PG,5-10,172,"February 21, 1982",us,1,Seton Hall University,/players/b/barrean01.html
Raja Bell,Phoenix Suns,PHO,19,SG,6-5,204,"September 19, 1976",vi,5,Florida International University,/players/b/bellra01.html
Pat Burke,Phoenix Suns,PHO,11,C,6-11,250,"December 14, 1973",ie,1,Auburn University,/players/b/burkepa01.html
Josh Davis,Phoenix Suns,PHO,15,PF,6-8,235,"August 10, 1980",us,2,University of Wyoming,/players/d/davisjo02.html
Boris Diaw,Phoenix Suns,PHO,3,PF,6-8,250,"April 16, 1982",fr,2,,/players/d/diawbo01.html
Sharrod Ford,Phoenix Suns,PHO,23,PF,6-9,225,"January 9, 1982",us,R,Clemson University,/players/f/fordsh02.html
Brian Grant,Phoenix Suns,PHO,55,C,6-9,254,"March 5, 1972",us,11,Xavier University,/players/g/grantbr01.html
Eddie House,Phoenix Suns,PHO,50,PG,6-1,180,"May 14, 1978",us,5,Arizona State University,/players/h/houseed01.html
Jim Jackson,Phoenix Suns,PHO,21,SF,6-6,220,"October 14, 1970",us,13,Ohio State University,/players/j/jacksji01.html
James Jones,Phoenix Suns,PHO,22,SF,6-8,218,"October 4, 1980",us,2,University of Miami,/players/j/jonesja02.html
Shawn Marion,Phoenix Suns,PHO,31,PF,6-7,220,"May 7, 1978",us,6,"University of Nevada, Las Vegas",/players/m/mariosh01.html
Steve Nash,Phoenix Suns,PHO,13,PG,6-3,195,"February 7, 1974",za,9,Santa Clara University,/players/n/nashst01.html
Amar'e Stoudemire,Phoenix Suns,PHO,32,C,6-10,245,"November 16, 1982",us,3,,/players/s/stoudam01.html
Kurt Thomas,Phoenix Suns,PHO,40,C,6-9,230,"October 4, 1972",us,10,Texas Christian University,/players/t/thomaku01.html
Tim Thomas,Phoenix Suns,PHO,2,PF,6-10,230,"February 26, 1977",us,8,Villanova University,/players/t/thomati01.html
Dijon Thompson,Phoenix Suns,PHO,1,SG,6-7,195,"February 23, 1983",us,R,"University of California, Los Angeles",/players/t/thompdi01.html
Nikoloz Tskitishvili,Phoenix Suns,PHO,15,SF,7-0,225,"April 14, 1983",ge,3,,/players/t/tskitni01.html
Steve Blake,Portland Trail Blazers,POR,2,PG,6-3,172,"February 26, 1980",us,2,University of Maryland,/players/b/blakest01.html
Juan Dixon,Portland Trail Blazers,POR,3,SG,6-3,164,"October 9, 1978",us,3,University of Maryland,/players/d/dixonju01.html
Jarrett Jack,Portland Trail Blazers,POR,1,SG,6-3,200,"October 28, 1983",us,R,Georgia Institute of Technology,/players/j/jackja01.html
Viktor Khryapa,Portland Trail Blazers,POR,38,SF,6-9,210,"August 3, 1982",ua,1,,/players/k/khryavi01.html
Voshon Lenard,Portland Trail Blazers,POR,0,SG,6-4,205,"May 14, 1973",us,10,University of Minnesota,/players/l/lenarvo01.html
Darius Miles,Portland Trail Blazers,POR,23,SF,6-9,210,"October 9, 1981",us,5,,/players/m/milesda01.html
Sergei Monia,Portland Trail Blazers,POR,12,SF,6-8,220,"April 15, 1983",ru,R,,/players/m/moniase01.html
Travis Outlaw,Portland Trail Blazers,POR,25,PF,6-9,210,"September 18, 1984",us,2,,/players/o/outlatr01.html
Ruben Patterson,Portland Trail Blazers,POR,21,SF,6-5,224,"July 31, 1975",us,7,University of Cincinnati,/players/p/patteru01.html
Joel Przybilla,Portland Trail Blazers,POR,10,C,7-1,255,"October 10, 1979",us,5,University of Minnesota,/players/p/przybjo01.html
Zach Randolph,Portland Trail Blazers,POR,50,PF,6-9,260,"July 16, 1981",us,4,Michigan State University,/players/r/randoza01.html
Theo Ratliff,Portland Trail Blazers,POR,42,C,6-10,225,"April 17, 1973",us,10,University of Wyoming,/players/r/ratlith01.html
Ha Seung-Jin,Portland Trail Blazers,POR,5,C,7-3,305,"August 4, 1985",kr,1,,/players/s/seungha01.html
Brian Skinner,Portland Trail Blazers,POR,54,C,6-9,255,"May 19, 1976",us,7,Baylor University,/players/s/skinnbr01.html
Charles Smith,Portland Trail Blazers,POR,7,SG,6-4,194,"August 22, 1975",us,4,University of New Mexico,/players/s/smithch04.html
Sebastian Telfair,Portland Trail Blazers,POR,31,PG,6-0,165,"June 9, 1985",us,1,,/players/t/telfase01.html
Martell Webster,Portland Trail Blazers,POR,8,SF,6-7,230,"December 4, 1986",us,R,,/players/w/webstma02.html
Shareef Abdur-Rahim,Sacramento Kings,SAC,3,PF,6-9,225,"December 11, 1976",us,9,University of California,/players/a/abdursh01.html
Mike Bibby,Sacramento Kings,SAC,10,PG,6-1,190,"May 13, 1978",us,7,University of Arizona,/players/b/bibbymi01.html
Francisco Garcia,Sacramento Kings,SAC,32,SF,6-7,195,"December 31, 1981",do,R,University of Louisville,/players/g/garcifr01.html
Jason Hart,Sacramento Kings,SAC,5,PG,6-3,185,"April 29, 1978",us,4,Syracuse University,/players/h/hartja01.html
Kevin Martin,Sacramento Kings,SAC,23,SG,6-7,199,"February 1, 1983",us,1,Western Carolina University,/players/m/martike02.html
Brad Miller,Sacramento Kings,SAC,52,C,6-11,244,"April 12, 1976",us,7,Purdue University,/players/m/millebr01.html
Sergei Monia,Sacramento Kings,SAC,15,SF,6-8,220,"April 15, 1983",ru,R,,/players/m/moniase01.html
Vitaly Potapenko,Sacramento Kings,SAC,20,C,6-10,280,"March 21, 1975",ua,9,Wright State University,/players/p/potapvi01.html
Ronnie Price,Sacramento Kings,SAC,7,PG,6-2,190,"June 21, 1983",us,R,Utah Valley State College,/players/p/pricero01.html
Jamal Sampson,Sacramento Kings,SAC,31,PF,6-11,235,"May 15, 1983",us,3,University of California,/players/s/sampsja01.html
Brian Skinner,Sacramento Kings,SAC,54,PF,6-9,255,"May 19, 1976",us,7,Baylor University,/players/s/skinnbr01.html
Peja Stojakovic,Sacramento Kings,SAC,16,SF,6-9,220,"June 9, 1977",hr,7,,/players/s/stojape01.html
Kenny Thomas,Sacramento Kings,SAC,9,PF,6-7,261,"July 25, 1977",us,6,University of New Mexico,/players/t/thomake01.html
Bonzi Wells,Sacramento Kings,SAC,42,SG,6-5,210,"September 28, 1976",us,7,Ball State University,/players/w/wellsbo01.html
Corliss Williamson,Sacramento Kings,SAC,34,SF,6-7,245,"December 4, 1973",us,10,University of Arkansas,/players/w/willico02.html
Metta World Peace,Sacramento Kings,SAC,93,SF,6-6,260,"November 13, 1979",us,6,St. John's University,/players/a/artesro01.html
Brent Barry,San Antonio Spurs,SAS,17,SG,6-6,185,"December 31, 1971",us,10,Oregon State University,/players/b/barrybr01.html
Bruce Bowen,San Antonio Spurs,SAS,12,SF,6-7,185,"June 14, 1971",us,9,"California State University, Fullerton",/players/b/bowenbr01.html
Tim Duncan,San Antonio Spurs,SAS,21,PF,6-11,250,"April 25, 1976",vi,8,Wake Forest University,/players/d/duncati01.html
Michael Finley,San Antonio Spurs,SAS,4,SG,6-7,215,"March 6, 1973",us,10,University of Wisconsin,/players/f/finlemi01.html
Manu Ginobili,San Antonio Spurs,SAS,20,SG,6-6,205,"July 28, 1977",ar,3,,/players/g/ginobma01.html
Robert Horry,San Antonio Spurs,SAS,5,PF,6-9,220,"August 25, 1970",us,13,University of Alabama,/players/h/horryro01.html
Sean Marks,San Antonio Spurs,SAS,40,PF,6-10,250,"August 23, 1975",nz,5,University of California,/players/m/marksse01.html
Nazr Mohammed,San Antonio Spurs,SAS,2,C,6-10,221,"September 5, 1977",us,7,University of Kentucky,/players/m/mohamna01.html
Rasho Nesterovic,San Antonio Spurs,SAS,8,C,7-0,248,"May 30, 1976",si,7,,/players/n/nestera01.html
Fabricio Oberto,San Antonio Spurs,SAS,7,C,6-10,245,"March 21, 1975",ar,R,,/players/o/obertfa01.html
Tony Parker,San Antonio Spurs,SAS,9,PG,6-2,185,"May 17, 1982",be,4,,/players/p/parketo01.html
Melvin Sanders,San Antonio Spurs,SAS,34,SG,6-5,210,"January 3, 1981",us,R,Oklahoma State University,/players/s/sandeme01.html
Alex Scales,San Antonio Spurs,SAS,25,SG,6-4,185,"July 3, 1978",us,R,University of Oregon,/players/s/scaleal01.html
Beno Udrih,San Antonio Spurs,SAS,14,PG,6-3,205,"July 5, 1982",si,1,,/players/u/udrihbe01.html
Nick Van Exel,San Antonio Spurs,SAS,31,PG,6-1,170,"November 27, 1971",us,12,University of Cincinnati,/players/v/vanexni01.html
Rafael Araujo,Toronto Raptors,TOR,55,C,6-11,280,"August 12, 1980",br,1,Brigham Young University,/players/a/araujra01.html
Andre Barrett,Toronto Raptors,TOR,12,PG,5-10,172,"February 21, 1982",us,1,Seton Hall University,/players/b/barrean01.html
Matt Bonner,Toronto Raptors,TOR,16,PF,6-10,235,"April 5, 1980",us,1,University of Florida,/players/b/bonnema01.html
Chris Bosh,Toronto Raptors,TOR,4,C,6-11,235,"March 24, 1984",us,2,Georgia Institute of Technology,/players/b/boshch01.html
Jose Calderon,Toronto Raptors,TOR,8,SG,6-3,200,"September 28, 1981",es,R,,/players/c/caldejo01.html
Antonio Davis,Toronto Raptors,TOR,33,C,6-9,215,"October 31, 1968",us,12,University of Texas at El Paso,/players/d/davisan01.html
Joey Graham,Toronto Raptors,TOR,14,SF,6-7,225,"June 11, 1982",us,R,Oklahoma State University,/players/g/grahajo01.html
Mike James,Toronto Raptors,TOR,13,PG,6-2,188,"June 23, 1975",us,4,Duquesne University,/players/j/jamesmi01.html
Darrick Martin,Toronto Raptors,TOR,2,PG,5-11,170,"March 6, 1971",us,10,"University of California, Los Angeles",/players/m/martida01.html
Morris Peterson,Toronto Raptors,TOR,24,SG,6-7,218,"August 26, 1977",us,5,Michigan State University,/players/p/petermo01.html
Jalen Rose,Toronto Raptors,TOR,5,SF,6-8,210,"January 30, 1973",us,11,University of Michigan,/players/r/roseja01.html
Pape Sow,Toronto Raptors,TOR,9,C,6-10,250,"November 22, 1981",sn,1,"California State University, Fullerton",/players/s/sowpa01.html
Charlie Villanueva,Toronto Raptors,TOR,31,PF,6-11,232,"August 24, 1984",us,R,University of Connecticut,/players/v/villach01.html
Aaron Williams,Toronto Raptors,TOR,34,C,6-9,220,"October 2, 1971",us,11,Xavier University,/players/w/williaa01.html
Alvin Williams,Toronto Raptors,TOR,20,PG,6-5,185,"August 6, 1974",us,7,Villanova University,/players/w/willial02.html
Eric Williams,Toronto Raptors,TOR,17,SF,6-8,220,"July 17, 1972",us,10,Providence College,/players/w/willier01.html
Loren Woods,Toronto Raptors,TOR,3,C,7-1,245,"June 21, 1978",us,4,University of Arizona,/players/w/woodslo01.html
Carlos Boozer,Utah Jazz,UTA,5,PF,6-9,258,"November 20, 1981",de,3,Duke University,/players/b/boozeca01.html
Devin Brown,Utah Jazz,UTA,23,SG,6-5,220,"December 30, 1978",us,3,University of Texas at San Antonio,/players/b/brownde02.html
Jarron Collins,Utah Jazz,UTA,31,C,6-11,255,"December 2, 1978",us,4,Stanford University,/players/c/collija03.html
Gordan Giricek,Utah Jazz,UTA,10,SG,6-6,210,"June 20, 1977",hr,3,,/players/g/giricgo01.html
Matt Harpring,Utah Jazz,UTA,15,SF,6-7,231,"May 31, 1976",us,7,Georgia Institute of Technology,/players/h/harprma01.html
Kris Humphries,Utah Jazz,UTA,43,PF,6-9,235,"February 6, 1985",us,1,University of Minnesota,/players/h/humphkr01.html
Andrei Kirilenko,Utah Jazz,UTA,47,SF,6-9,220,"February 18, 1981",ru,4,,/players/k/kirilan01.html
Keith McLeod,Utah Jazz,UTA,25,PG,6-2,188,"November 5, 1979",us,2,Bowling Green State University,/players/m/mcleoke01.html
C.J. Miles,Utah Jazz,UTA,34,PG,6-6,225,"April 18, 1987",us,R,,/players/m/milescj01.html
Mehmet Okur,Utah Jazz,UTA,13,PF,6-11,249,"May 26, 1979",tr,3,,/players/o/okurme01.html
Greg Ostertag,Utah Jazz,UTA,00,C,7-2,280,"March 6, 1973",us,10,University of Kansas,/players/o/ostergr01.html
Andre Owens,Utah Jazz,UTA,30,PG,6-4,200,"October 31, 1980",us,R,University of Houston,/players/o/owensan01.html
Milt Palacio,Utah Jazz,UTA,3,PG,6-3,195,"February 7, 1978",us,6,Colorado State University,/players/p/palacmi01.html
Robert Whaley,Utah Jazz,UTA,54,C,6-10,260,"April 16, 1982",us,R,Walsh University,/players/w/whalero01.html
Deron Williams,Utah Jazz,UTA,8,PG,6-3,200,"June 26, 1984",us,R,University of Illinois at Urbana-Champaign,/players/w/willide01.html
Gilbert Arenas,Washington Wizards,WAS,0,PG,6-3,191,"January 6, 1982",us,4,University of Arizona,/players/a/arenagi01.html
Chucky Atkins,Washington Wizards,WAS,7,SG,5-11,160,"August 14, 1974",us,6,University of South Florida,/players/a/atkinch01.html
Andray Blatche,Washington Wizards,WAS,32,PF,6-11,235,"August 22, 1986",us,R,,/players/b/blatcan01.html
Calvin Booth,Washington Wizards,WAS,52,C,6-11,230,"May 7, 1976",us,6,Pennsylvania State University,/players/b/boothca01.html
Caron Butler,Washington Wizards,WAS,3,SF,6-7,228,"March 13, 1980",us,3,University of Connecticut,/players/b/butleca01.html
Antonio Daniels,Washington Wizards,WAS,6,SG,6-4,195,"March 19, 1975",us,8,Bowling Green State University,/players/d/daniean01.html
Jarvis Hayes,Washington Wizards,WAS,24,SG,6-7,220,"August 9, 1981",us,2,University of Georgia,/players/h/hayesja01.html
Brendan Haywood,Washington Wizards,WAS,33,C,7-0,268,"November 27, 1979",us,4,University of North Carolina,/players/h/haywobr01.html
Antawn Jamison,Washington Wizards,WAS,4,SF,6-8,223,"June 12, 1976",us,7,University of North Carolina,/players/j/jamisan01.html
Jared Jeffries,Washington Wizards,WAS,1,PF,6-11,230,"November 25, 1981",us,3,Indiana University,/players/j/jeffrja01.html
Michael Ruffin,Washington Wizards,WAS,51,C,6-9,246,"January 21, 1977",us,5,University of Tulsa,/players/r/ruffimi01.html
Awvee Storey,Washington Wizards,WAS,35,SF,6-6,222,"April 18, 1977",us,1,Arizona State University,/players/s/storeaw01.html
Donell Taylor,Washington Wizards,WAS,21,SG,6-6,180,"July 26, 1982",us,R,University of Alabama at Birmingham,/players/t/taylodo01.html
Billy Thomas,Washington Wizards,WAS,12,SG,6-4,208,"December 23, 1975",us,1,University of Kansas,/players/t/thomabi01.html
Etan Thomas,Washington Wizards,WAS,36,C,6-9,256,"April 1, 1978",us,4,Syracuse University,/players/t/thomaet01.html
