name,team,short_team,number,pos,height,weight,birth_date,birth_country,years_experience,college_name,uri
Kenny Anderson,Atlanta Hawks,ATL,12,PG,6-0,168,"October 9, 1970",us,13,Georgia Institute of Technology,/players/a/anderke01.html
Jon Barry,Atlanta Hawks,ATL,20,SG,6-4,195,"July 25, 1969",us,12,Georgia Institute of Technology,/players/b/barryjo01.html
Josh Childress,Atlanta Hawks,ATL,1,SG,6-8,210,"June 20, 1983",us,R,Stanford University,/players/c/childjo01.html
Jason Collier,Atlanta Hawks,ATL,40,C,7-0,260,"September 8, 1977",us,4,Georgia Institute of Technology,/players/c/collija02.html
Tony Delk,Atlanta Hawks,ATL,00,SG,6-1,189,"January 28, 1974",us,8,University of Kentucky,/players/d/delkto01.html
Boris Diaw,Atlanta Hawks,ATL,13,SG,6-8,250,"April 16, 1982",fr,1,,/players/d/diawbo01.html
Predrag Drobnjak,Atlanta Hawks,ATL,14,C,6-11,270,"October 27, 1975",me,3,,/players/d/drobnpr01.html
Obinna Ekezie,Atlanta Hawks,ATL,54,C,6-9,270,"August 22, 1975",ng,3,University of Maryland,/players/e/ekeziob01.html
Tom Gugliotta,Atlanta Hawks,ATL,7,PF,6-10,240,"December 19, 1969",us,12,North Carolina State University,/players/g/guglito01.html
Al Harrington,Atlanta Hawks,ATL,3,SF,6-9,230,"February 17, 1980",us,6,,/players/h/harrial01.html
Royal Ivey,Atlanta Hawks,ATL,36,PG,6-3,200,"December 20, 1981",us,R,University of Texas at Austin,/players/i/iveyro01.html
Tyronn Lue,Atlanta Hawks,ATL,10,PG,6-0,175,"May 3, 1977",us,6,University of Nebraska,/players/l/luety01.html
Jelani McCoy,Atlanta Hawks,ATL,34,C,6-10,245,"December 6, 1977",us,6,"University of California, Los Angeles",/players/m/mccoyje01.html
Anthony Miller,Atlanta Hawks,ATL,2,PF,6-9,225,"October 22, 1971",us,7,Michigan State University,/players/m/millean01.html
Donta Smith,Atlanta Hawks,ATL,15,SG,6-7,215,"November 27, 1983",us,R,Southeastern Illinois College,/players/s/smithdo04.html
Josh Smith,Atlanta Hawks,ATL,5,SF,6-9,225,"December 5, 1985",us,R,,/players/s/smithjo03.html
Michael Stewart,Atlanta Hawks,ATL,44,PF,6-10,230,"April 25, 1975",fr,7,University of California,/players/s/stewami01.html
James Thomas,Atlanta Hawks,ATL,6,PF,6-8,235,"November 22, 1980",us,R,University of Texas at Austin,/players/t/thomaja02.html
Antoine Walker,Atlanta Hawks,ATL,8,PF,6-8,224,"August 12, 1976",us,8,University of Kentucky,/players/w/walkean02.html
Kevin Willis,Atlanta Hawks,ATL,42,C,7-0,220,"September 6, 1962",us,19,Michigan State University,/players/w/willike02.html
Tony Allen,Boston Celtics,BOS,42,SG,6-4,213,"January 11, 1982",us,R,Oklahoma State University,/players/a/allento01.html
Marcus Banks,Boston Celtics,BOS,11,PG,6-2,200,"November 19, 1981",us,1,"University of Nevada, Las Vegas",/players/b/banksma01.html
Mark Blount,Boston Celtics,BOS,30,C,7-0,230,"November 30, 1975",us,4,University of Pittsburgh,/players/b/blounma01.html
Ricky Davis,Boston Celtics,BOS,12,SG,6-6,195,"September 23, 1979",us,6,University of Iowa,/players/d/davisri01.html
Tom Gugliotta,Boston Celtics,BOS,7,PF,6-10,240,"December 19, 1969",us,12,North Carolina State University,/players/g/guglito01.html
Al Jefferson,Boston Celtics,BOS,7-8,PF,6-10,289,"January 4, 1985",us,R,,/players/j/jeffeal01.html
Raef LaFrentz,Boston Celtics,BOS,45,PF,6-11,240,"May 29, 1976",us,6,University of Kansas,/players/l/lafrera01.html
Walter McCarty,Boston Celtics,BOS,0,PF,6-10,230,"February 1, 1974",us,8,University of Kentucky,/players/m/mccarwa01.html
Gary Payton,Boston Celtics,BOS,20,PG,6-4,180,"July 23, 1968",us,14,Oregon State University,/players/p/paytoga01.html
Kendrick Perkins,Boston Celtics,BOS,43,C,6-10,270,"November 10, 1984",us,1,,/players/p/perkike01.html
Paul Pierce,Boston Celtics,BOS,34,SF,6-7,235,"October 13, 1977",us,6,University of Kansas,/players/p/piercpa01.html
Justin Reed,Boston Celtics,BOS,9,SF,6-8,240,"January 16, 1982",us,R,University of Mississippi,/players/r/reedju01.html
Antoine Walker,Boston Celtics,BOS,88,PF,6-8,224,"August 12, 1976",us,8,University of Kentucky,/players/w/walkean02.html
Jiri Welsch,Boston Celtics,BOS,44,SG,6-7,208,"January 27, 1980",cz,2,,/players/w/welscji01.html
Delonte West,Boston Celtics,BOS,13,SG,6-4,180,"July 26, 1983",us,R,Saint Joseph's University,/players/w/westde01.html
Travis Best,Brooklyn Nets,NJN,6,PG,5-11,182,"July 12, 1972",us,9,Georgia Institute of Technology,/players/b/besttr01.html
Rodney Buford,Brooklyn Nets,NJN,2,SF,6-5,189,"November 2, 1977",us,4,Creighton University,/players/b/buforro01.html
Elden Campbell,Brooklyn Nets,NJN,41,C,6-11,215,"July 23, 1968",us,14,Clemson University,/players/c/campbel01.html
Vince Carter,Brooklyn Nets,NJN,15,SF,6-6,220,"January 26, 1977",us,6,University of North Carolina,/players/c/cartevi01.html
Jason Collins,Brooklyn Nets,NJN,35,C,7-0,255,"December 2, 1978",us,3,Stanford University,/players/c/collija04.html
Kaniel Dickens,Brooklyn Nets,NJN,28,SF,6-8,215,"July 21, 1978",us,1,University of Idaho,/players/d/dickeka01.html
Donnell Harvey,Brooklyn Nets,NJN,44,PF,6-8,220,"August 26, 1980",us,4,University of Florida,/players/h/harvedo01.html
Richard Jefferson,Brooklyn Nets,NJN,24,SF,6-7,233,"June 21, 1980",us,3,University of Arizona,/players/j/jefferi01.html
Jason Kidd,Brooklyn Nets,NJN,5,PG,6-4,205,"March 23, 1973",us,10,University of California,/players/k/kiddja01.html
Nenad Krstic,Brooklyn Nets,NJN,12,PF,7-0,240,"July 25, 1983",rs,R,,/players/k/krstine01.html
Ron Mercer,Brooklyn Nets,NJN,1,SF,6-7,210,"May 18, 1976",us,7,University of Kentucky,/players/m/mercero01.html
Jerome Moiso,Brooklyn Nets,NJN,7,C,6-10,235,"June 15, 1978",fr,4,"University of California, Los Angeles",/players/m/moisoje01.html
Alonzo Mourning,Brooklyn Nets,NJN,33,PF,6-10,240,"February 8, 1970",us,11,Georgetown University,/players/m/mournal01.html
Zoran Planinic,Brooklyn Nets,NJN,10,PG,6-7,195,"September 12, 1982",ba,1,,/players/p/planizo01.html
Clifford Robinson,Brooklyn Nets,NJN,30,PF,6-10,225,"December 16, 1966",us,15,University of Connecticut,/players/r/robincl02.html
Brian Scalabrine,Brooklyn Nets,NJN,21,PF,6-9,241,"March 18, 1978",us,3,University of Southern California,/players/s/scalabr01.html
Jabari Smith,Brooklyn Nets,NJN,55,PF,6-11,250,"February 12, 1977",us,3,Louisiana State University,/players/s/smithja01.html
Awvee Storey,Brooklyn Nets,NJN,26,SG,6-6,222,"April 18, 1977",us,R,Arizona State University,/players/s/storeaw01.html
Billy Thomas,Brooklyn Nets,NJN,20,SF,6-4,208,"December 23, 1975",us,R,University of Kansas,/players/t/thomabi01.html
Jacque Vaughn,Brooklyn Nets,NJN,11,SG,6-1,190,"February 11, 1975",us,7,University of Kansas,/players/v/vaughja01.html
Aaron Williams,Brooklyn Nets,NJN,34,C,6-9,220,"October 2, 1971",us,10,Xavier University,/players/w/williaa01.html
Eric Williams,Brooklyn Nets,NJN,17,SG,6-8,220,"July 17, 1972",us,9,Providence College,/players/w/willier01.html
Cory Alexander,Charlotte Hornets,CHA,12,SG,6-1,185,"June 22, 1973",us,6,University of Virginia,/players/a/alexaco01.html
Malik Allen,Charlotte Hornets,CHA,35,PF,6-10,255,"June 27, 1978",us,3,Villanova University,/players/a/allenma01.html
Keith Bogans,Charlotte Hornets,CHA,10,SG,6-5,215,"May 12, 1980",us,1,University of Kentucky,/players/b/boganke01.html
Primoz Brezec,Charlotte Hornets,CHA,7,C,7-2,252,"October 2, 1979",si,3,,/players/b/brezepr01.html
Matt Carroll,Charlotte Hornets,CHA,13,SG,6-6,212,"August 28, 1980",us,1,University of Notre Dame,/players/c/carroma01.html
Melvin Ely,Charlotte Hornets,CHA,2,PF,6-10,260,"May 2, 1978",us,2,"California State University, Fresno",/players/e/elyme01.html
Jason Hart,Charlotte Hornets,CHA,1,PG,6-3,185,"April 29, 1978",us,3,Syracuse University,/players/h/hartja01.html
Eddie House,Charlotte Hornets,CHA,5,SG,6-1,180,"May 14, 1978",us,4,Arizona State University,/players/h/houseed01.html
Jason Kapono,Charlotte Hornets,CHA,24,SF,6-8,213,"February 4, 1981",us,1,"University of California, Los Angeles",/players/k/kaponja01.html
Brevin Knight,Charlotte Hornets,CHA,22,PG,5-10,173,"November 8, 1975",us,7,Stanford University,/players/k/knighbr01.html
Emeka Okafor,Charlotte Hornets,CHA,50,PF,6-10,252,"September 28, 1982",us,R,University of Connecticut,/players/o/okafoem01.html
Bernard Robinson,Charlotte Hornets,CHA,21,SG,6-6,210,"December 26, 1980",us,R,University of Michigan,/players/r/robinbe01.html
Kareem Rush,Charlotte Hornets,CHA,4,SG,6-6,215,"October 30, 1980",us,2,University of Missouri,/players/r/rushka01.html
Jamal Sampson,Charlotte Hornets,CHA,31,PF,6-11,235,"May 15, 1983",us,2,University of California,/players/s/sampsja01.html
Tamar Slay,Charlotte Hornets,CHA,32,SG,6-8,215,"April 2, 1980",us,2,Marshall University,/players/s/slayta01.html
Steve Smith,Charlotte Hornets,CHA,8,SG,6-7,200,"March 31, 1969",us,13,Michigan State University,/players/s/smithst01.html
Theron Smith,Charlotte Hornets,CHA,0,SF,6-8,225,"October 3, 1980",us,1,Ball State University,/players/s/smithth01.html
Gerald Wallace,Charlotte Hornets,CHA,3,SF,6-7,215,"July 23, 1982",us,3,University of Alabama,/players/w/wallage01.html
Jahidi White,Charlotte Hornets,CHA,55,C,6-9,290,"February 19, 1976",us,6,Georgetown University,/players/w/whiteja01.html
Tyson Chandler,Chicago Bulls,CHI,3,C,7-1,240,"October 2, 1982",us,3,,/players/c/chandty01.html
Eddy Curry,Chicago Bulls,CHI,2,C,7-0,295,"December 5, 1982",us,3,,/players/c/curryed01.html
Antonio Davis,Chicago Bulls,CHI,34,PF,6-9,215,"October 31, 1968",us,11,University of Texas at El Paso,/players/d/davisan01.html
Luol Deng,Chicago Bulls,CHI,9,SF,6-9,220,"April 16, 1985",ss,R,Duke University,/players/d/denglu01.html
Chris Duhon,Chicago Bulls,CHI,21,PG,6-1,185,"August 31, 1982",us,R,Duke University,/players/d/duhonch01.html
Lawrence Funderburke,Chicago Bulls,CHI,51,PF,6-9,230,"December 15, 1970",us,6,Ohio State University,/players/f/fundela01.html
Ben Gordon,Chicago Bulls,CHI,7,SG,6-3,200,"April 4, 1983",gb,R,University of Connecticut,/players/g/gordobe01.html
Adrian Griffin,Chicago Bulls,CHI,44,SF,6-5,217,"July 4, 1974",us,5,Seton Hall University,/players/g/griffad01.html
Othella Harrington,Chicago Bulls,CHI,24,PF,6-9,235,"January 31, 1974",us,8,Georgetown University,/players/h/harriot01.html
Kirk Hinrich,Chicago Bulls,CHI,12,PG,6-4,190,"January 2, 1981",us,1,University of Kansas,/players/h/hinriki01.html
Andres Nocioni,Chicago Bulls,CHI,5,SF,6-7,225,"November 30, 1979",ar,R,,/players/n/nocioan01.html
Jannero Pargo,Chicago Bulls,CHI,15,PG,6-1,175,"October 22, 1979",us,2,University of Arkansas,/players/p/pargoja01.html
Eric Piatkowski,Chicago Bulls,CHI,52,SG,6-7,215,"September 30, 1970",us,10,University of Nebraska,/players/p/piatker01.html
Jared Reiner,Chicago Bulls,CHI,35,C,6-11,255,"April 8, 1982",us,R,University of Iowa,/players/r/reineja01.html
Frank Williams,Chicago Bulls,CHI,30,SG,6-3,212,"February 25, 1980",us,2,University of Illinois at Urbana-Champaign,/players/w/willifr02.html
DeSagana Diop,Cleveland Cavaliers,CLE,52,C,7-0,300,"January 30, 1982",sn,3,,/players/d/diopde01.html
Drew Gooden,Cleveland Cavaliers,CLE,90,PF,6-10,250,"September 24, 1981",us,2,University of Kansas,/players/g/goodedr01.html
Lucious Harris,Cleveland Cavaliers,CLE,12,SG,6-5,190,"December 18, 1970",us,11,"California State University, Long Beach",/players/h/harrilu01.html
Zydrunas Ilgauskas,Cleveland Cavaliers,CLE,11,C,7-3,238,"June 5, 1975",lt,6,,/players/i/ilgauzy01.html
Luke Jackson,Cleveland Cavaliers,CLE,33,SF,6-7,215,"November 6, 1981",us,R,University of Oregon,/players/j/jackslu02.html
LeBron James,Cleveland Cavaliers,CLE,23,SF,6-8,250,"December 30, 1984",us,1,,/players/j/jamesle01.html
Jeff McInnis,Cleveland Cavaliers,CLE,0,PG,6-4,190,"October 22, 1974",us,7,University of North Carolina,/players/m/mcinnje01.html
Jerome Moiso,Cleveland Cavaliers,CLE,6,PF,6-10,235,"June 15, 1978",fr,4,"University of California, Los Angeles",/players/m/moisoje01.html
Ira Newble,Cleveland Cavaliers,CLE,14,SG,6-7,220,"January 20, 1975",us,4,Miami University,/players/n/newblir01.html
Sasha Pavlovic,Cleveland Cavaliers,CLE,3,SG,6-8,220,"November 15, 1983",me,1,,/players/p/pavloal01.html
Eric Snow,Cleveland Cavaliers,CLE,20,SG,6-3,190,"April 24, 1973",us,9,Michigan State University,/players/s/snower01.html
Robert Traylor,Cleveland Cavaliers,CLE,32,C,6-8,284,"February 1, 1977",us,6,University of Michigan,/players/t/traylro01.html
Anderson Varejao,Cleveland Cavaliers,CLE,17,PF,6-10,273,"September 28, 1982",br,R,,/players/v/varejan01.html
Dajuan Wagner,Cleveland Cavaliers,CLE,2,SG,6-2,200,"February 4, 1983",us,2,University of Memphis,/players/w/wagneda02.html
Jiri Welsch,Cleveland Cavaliers,CLE,44,SF,6-7,208,"January 27, 1980",cz,2,,/players/w/welscji01.html
Scott Williams,Cleveland Cavaliers,CLE,47,C,6-10,230,"March 21, 1968",us,14,University of North Carolina,/players/w/willisc01.html
Darrell Armstrong,Dallas Mavericks,DAL,10,PG,6-0,170,"June 22, 1968",us,10,Fayetteville State University,/players/a/armstda01.html
Calvin Booth,Dallas Mavericks,DAL,52,C,6-11,230,"May 7, 1976",us,5,Pennsylvania State University,/players/b/boothca01.html
Shawn Bradley,Dallas Mavericks,DAL,44,C,7-6,235,"March 22, 1972",de,11,Brigham Young University,/players/b/bradlsh01.html
Erick Dampier,Dallas Mavericks,DAL,25,C,6-11,265,"July 14, 1975",us,8,Mississippi State University,/players/d/dampier01.html
Marquis Daniels,Dallas Mavericks,DAL,6,SG,6-6,200,"January 7, 1981",us,1,Auburn University,/players/d/daniema01.html
Dan Dickau,Dallas Mavericks,DAL,21,PG,6-0,190,"September 16, 1978",us,2,Gonzaga University,/players/d/dickada01.html
Michael Finley,Dallas Mavericks,DAL,4,SG,6-7,215,"March 6, 1973",us,9,University of Wisconsin,/players/f/finlemi01.html
Devin Harris,Dallas Mavericks,DAL,34,PG,6-3,192,"February 27, 1983",us,R,University of Wisconsin,/players/h/harride01.html
Alan Henderson,Dallas Mavericks,DAL,50,PF,6-9,235,"December 2, 1972",us,9,Indiana University,/players/h/hendeal01.html
Josh Howard,Dallas Mavericks,DAL,5,SF,6-7,210,"April 28, 1980",us,1,Wake Forest University,/players/h/howarjo01.html
Didier Ilunga-Mbenga,Dallas Mavericks,DAL,28,C,7-0,245,"December 30, 1980",cd,R,,/players/m/mbengdj01.html
Dirk Nowitzki,Dallas Mavericks,DAL,41,PF,7-0,245,"June 19, 1978",de,6,,/players/n/nowitdi01.html
Pavel Podkolzin,Dallas Mavericks,DAL,24,C,7-5,260,"January 15, 1985",ru,R,,/players/p/podkopa01.html
Jerry Stackhouse,Dallas Mavericks,DAL,42,SG,6-6,218,"November 5, 1974",us,9,University of North Carolina,/players/s/stackje01.html
Jason Terry,Dallas Mavericks,DAL,31,PG,6-2,185,"September 15, 1977",us,5,University of Arizona,/players/t/terryja01.html
Keith Van Horn,Dallas Mavericks,DAL,2,PF,6-10,220,"October 23, 1975",us,7,University of Utah,/players/v/vanhoke01.html
Carmelo Anthony,Denver Nuggets,DEN,15,SF,6-8,240,"May 29, 1984",us,1,Syracuse University,/players/a/anthoca01.html
Earl Boykins,Denver Nuggets,DEN,11,PG,5-5,135,"June 2, 1976",us,6,Eastern Michigan University,/players/b/boykiea01.html
Greg Buckner,Denver Nuggets,DEN,7,SG,6-4,210,"September 16, 1976",us,5,Clemson University,/players/b/buckngr01.html
Marcus Camby,Denver Nuggets,DEN,23,C,6-11,220,"March 22, 1974",us,8,University of Massachusetts Amherst,/players/c/cambyma01.html
Francisco Elson,Denver Nuggets,DEN,56,C,7-0,235,"February 28, 1976",nl,1,University of California,/players/e/elsonfr01.html
Luis Flores,Denver Nuggets,DEN,12,PG,6-2,200,"April 11, 1981",do,R,Manhattan College,/players/f/florelu01.html
Nene Hilario,Denver Nuggets,DEN,31,C,6-11,250,"September 13, 1982",br,2,,/players/h/hilarne01.html
DerMarr Johnson,Denver Nuggets,DEN,3,SG,6-9,201,"May 5, 1980",us,3,University of Cincinnati,/players/j/johnsde03.html
Voshon Lenard,Denver Nuggets,DEN,1,SG,6-4,205,"May 14, 1973",us,9,University of Minnesota,/players/l/lenarvo01.html
Kenyon Martin,Denver Nuggets,DEN,6,PF,6-9,234,"December 30, 1977",us,4,University of Cincinnati,/players/m/martike01.html
Andre Miller,Denver Nuggets,DEN,24,PG,6-3,200,"March 19, 1976",us,5,University of Utah,/players/m/millean02.html
Eduardo Najera,Denver Nuggets,DEN,21,PF,6-8,240,"July 11, 1976",mx,4,University of Oklahoma,/players/n/najered01.html
Wesley Person,Denver Nuggets,DEN,10,SF,6-6,195,"March 28, 1971",us,10,Auburn University,/players/p/persowe01.html
Mark Pope,Denver Nuggets,DEN,41,PF,6-10,235,"September 11, 1972",us,5,University of Kentucky,/players/p/popema01.html
Bryon Russell,Denver Nuggets,DEN,9,SF,6-7,225,"December 31, 1970",us,11,"California State University, Long Beach",/players/r/russebr01.html
Nikoloz Tskitishvili,Denver Nuggets,DEN,22,PF,7-0,225,"April 14, 1983",ge,2,,/players/t/tskitni01.html
Rodney White,Denver Nuggets,DEN,5,SF,6-9,238,"June 28, 1980",us,3,University of North Carolina at Charlotte,/players/w/whitero02.html
Carlos Arroyo,Detroit Pistons,DET,30,PG,6-2,202,"July 30, 1979",pr,3,Florida International University,/players/a/arroyca01.html
Chauncey Billups,Detroit Pistons,DET,1,PG,6-3,202,"September 25, 1976",us,7,University of Colorado,/players/b/billuch01.html
Elden Campbell,Detroit Pistons,DET,41,C,6-11,215,"July 23, 1968",us,14,Clemson University,/players/c/campbel01.html
Derrick Coleman,Detroit Pistons,DET,44,C,6-10,230,"June 21, 1967",us,14,Syracuse University,/players/c/colemde01.html
Carlos Delfino,Detroit Pistons,DET,20,SG,6-6,230,"August 29, 1982",ar,R,,/players/d/delfica01.html
Ronald Dupree,Detroit Pistons,DET,12,SF,6-7,209,"January 26, 1981",us,1,Louisiana State University,/players/d/duprero01.html
Anthony Goldwire,Detroit Pistons,DET,7,PG,6-1,182,"September 6, 1971",us,6,University of Houston,/players/g/goldwan01.html
Darvin Ham,Detroit Pistons,DET,8,SF,6-7,220,"July 23, 1973",us,7,Texas Tech University,/players/h/hamda01.html
Richard Hamilton,Detroit Pistons,DET,32,SG,6-6,185,"February 14, 1978",us,5,University of Connecticut,/players/h/hamilri01.html
Lindsey Hunter,Detroit Pistons,DET,10,SG,6-2,170,"December 3, 1970",us,11,Jackson State University,/players/h/hunteli01.html
Horace Jenkins,Detroit Pistons,DET,5,PG,6-1,180,"October 14, 1974",us,R,William Paterson University,/players/j/jenkiho01.html
Antonio McDyess,Detroit Pistons,DET,24,PF,6-9,220,"September 7, 1974",us,8,University of Alabama,/players/m/mcdyean01.html
Darko Milicic,Detroit Pistons,DET,31,C,7-0,250,"June 20, 1985",rs,1,,/players/m/milicda01.html
Smush Parker,Detroit Pistons,DET,7,PG,6-4,190,"June 1, 1981",us,1,Fordham University,/players/p/parkesm01.html
Tayshaun Prince,Detroit Pistons,DET,22,SF,6-9,212,"February 28, 1980",us,2,University of Kentucky,/players/p/princta01.html
Ben Wallace,Detroit Pistons,DET,3,C,6-9,240,"September 10, 1974",us,8,Virginia Union University,/players/w/wallabe01.html
Rasheed Wallace,Detroit Pistons,DET,36,PF,6-10,225,"September 17, 1974",us,9,University of North Carolina,/players/w/wallara01.html
Andris Biedrins,Golden State Warriors,GSW,15,C,6-11,240,"April 2, 1986",lv,R,,/players/b/biedran01.html
Zarko Cabarkapa,Golden State Warriors,GSW,11,PF,6-11,235,"May 21, 1981",rs,1,,/players/c/cabarza01.html
Calbert Cheaney,Golden State Warriors,GSW,40,SG,6-7,209,"July 17, 1971",us,11,Indiana University,/players/c/cheanca01.html
Speedy Claxton,Golden State Warriors,GSW,10,PG,5-11,166,"May 8, 1978",us,3,Hofstra University,/players/c/claxtsp01.html
Baron Davis,Golden State Warriors,GSW,5,PG,6-3,209,"April 13, 1979",us,5,"University of California, Los Angeles",/players/d/davisba01.html
Dale Davis,Golden State Warriors,GSW,32,C,6-11,230,"March 25, 1969",us,13,Clemson University,/players/d/davisda01.html
Mike Dunleavy,Golden State Warriors,GSW,34,SF,6-9,230,"September 15, 1980",us,2,Duke University,/players/d/dunlemi02.html
Derek Fisher,Golden State Warriors,GSW,4,PG,6-1,200,"August 9, 1974",us,8,University of Arkansas at Little Rock,/players/f/fishede01.html
Luis Flores,Golden State Warriors,GSW,6,PG,6-2,200,"April 11, 1981",do,R,Manhattan College,/players/f/florelu01.html
Adonal Foyle,Golden State Warriors,GSW,31,C,6-10,250,"March 9, 1975",vc,7,Colgate University,/players/f/foylead01.html
Troy Murphy,Golden State Warriors,GSW,1,PF,6-11,245,"May 2, 1980",us,3,University of Notre Dame,/players/m/murphtr01.html
Eduardo Najera,Golden State Warriors,GSW,21,PF,6-8,240,"July 11, 1976",mx,4,University of Oklahoma,/players/n/najered01.html
Mickael Pietrus,Golden State Warriors,GSW,2,SF,6-6,215,"February 7, 1982",gp,1,,/players/p/pietrmi01.html
Jason Richardson,Golden State Warriors,GSW,23,SG,6-6,220,"January 20, 1981",us,3,Michigan State University,/players/r/richaja01.html
Clifford Robinson,Golden State Warriors,GSW,3,C,6-10,225,"December 16, 1966",us,15,University of Connecticut,/players/r/robincl02.html
Ansu Sesay,Golden State Warriors,GSW,5,SF,6-9,225,"July 29, 1976",us,3,University of Mississippi,/players/s/sesayan01.html
Nikoloz Tskitishvili,Golden State Warriors,GSW,20,PF,7-0,225,"April 14, 1983",ge,2,,/players/t/tskitni01.html
Rodney White,Golden State Warriors,GSW,3,SF,6-9,238,"June 28, 1980",us,3,University of North Carolina at Charlotte,/players/w/whitero02.html
Vin Baker,Houston Rockets,HOU,42,C,6-11,232,"November 23, 1971",us,11,University of Hartford,/players/b/bakervi01.html
Andre Barrett,Houston Rockets,HOU,12,PG,5-10,172,"February 21, 1982",us,R,Seton Hall University,/players/b/barrean01.html
Jon Barry,Houston Rockets,HOU,20,SG,6-4,195,"July 25, 1969",us,12,Georgia Institute of Technology,/players/b/barryjo01.html
Ryan Bowen,Houston Rockets,HOU,40,SF,6-7,215,"November 20, 1975",us,5,University of Iowa,/players/b/bowenry01.html
Torraye Braggs,Houston Rockets,HOU,32,PF,6-8,245,"May 15, 1976",us,1,Xavier University,/players/b/braggto01.html
Reece Gaines,Houston Rockets,HOU,4,PG,6-6,205,"January 7, 1981",us,1,University of Louisville,/players/g/gainere01.html
Juwan Howard,Houston Rockets,HOU,5,PF,6-9,240,"February 7, 1973",us,10,University of Michigan,/players/h/howarju01.html
Jim Jackson,Houston Rockets,HOU,21,SF,6-6,220,"October 14, 1970",us,12,Ohio State University,/players/j/jacksji01.html
Mike James,Houston Rockets,HOU,13,PG,6-2,188,"June 23, 1975",us,3,Duquesne University,/players/j/jamesmi01.html
Brandin Knight,Houston Rockets,HOU,10,PG,6-0,180,"December 16, 1981",us,R,University of Pittsburgh,/players/k/knighbr02.html
Tyronn Lue,Houston Rockets,HOU,10,PG,6-0,175,"May 3, 1977",us,6,University of Nebraska,/players/l/luety01.html
Tracy McGrady,Houston Rockets,HOU,1,SF,6-8,210,"May 24, 1979",us,7,,/players/m/mcgratr01.html
Yao Ming,Houston Rockets,HOU,11,C,7-6,310,"September 12, 1980",cn,2,,/players/m/mingya01.html
Dikembe Mutombo,Houston Rockets,HOU,55,C,7-2,245,"June 25, 1966",cd,13,Georgetown University,/players/m/mutomdi01.html
Bostjan Nachbar,Houston Rockets,HOU,9,SF,6-9,221,"July 3, 1980",si,2,,/players/n/nachbbo01.html
Moochie Norris,Houston Rockets,HOU,25,PG,6-1,175,"July 27, 1973",us,7,University of West Florida,/players/n/norrimo01.html
Scott Padgett,Houston Rockets,HOU,35,PF,6-9,240,"April 19, 1976",us,5,University of Kentucky,/players/p/padgesc01.html
Rod Strickland,Houston Rockets,HOU,31,PG,6-3,175,"July 11, 1966",us,16,DePaul University,/players/s/stricro02.html
Bob Sura,Houston Rockets,HOU,3,PG,6-5,200,"March 25, 1973",us,9,Florida State University,/players/s/surabo01.html
Maurice Taylor,Houston Rockets,HOU,2,PF,6-9,260,"October 30, 1976",us,6,University of Michigan,/players/t/tayloma01.html
Charlie Ward,Houston Rockets,HOU,17,PG,6-2,190,"October 12, 1970",us,10,Florida State University,/players/w/wardch01.html
Clarence Weatherspoon,Houston Rockets,HOU,30,PF,6-6,240,"September 8, 1970",us,12,University of Southern Mississippi,/players/w/weathcl01.html
David Wesley,Houston Rockets,HOU,7,SG,6-0,190,"November 14, 1970",us,11,Baylor University,/players/w/wesleda01.html
Jonathan Bender,Indiana Pacers,IND,24,SF,6-11,202,"January 30, 1981",us,5,,/players/b/bendejo01.html
Austin Croshere,Indiana Pacers,IND,44,PF,6-9,235,"May 1, 1975",us,7,Providence College,/players/c/croshau01.html
Michael Curry,Indiana Pacers,IND,12,SF,6-5,210,"August 22, 1968",us,10,Georgia Southern University,/players/c/currymi01.html
Dale Davis,Indiana Pacers,IND,32,C,6-11,230,"March 25, 1969",us,13,Clemson University,/players/d/davisda01.html
John Edwards,Indiana Pacers,IND,54,C,7-0,275,"July 31, 1981",us,R,Kent State University,/players/e/edwarjo01.html
Jeff Foster,Indiana Pacers,IND,10,C,6-11,236,"January 16, 1977",us,5,Texas State University,/players/f/fosteje01.html
Tremaine Fowlkes,Indiana Pacers,IND,3,SF,6-8,220,"April 11, 1976",us,3,"California State University, Fresno",/players/f/fowlktr01.html
Eddie Gill,Indiana Pacers,IND,4,PG,6-0,190,"August 16, 1978",us,3,Weber State University,/players/g/gilled01.html
Marcus Haislip,Indiana Pacers,IND,2,PF,6-10,230,"December 22, 1980",us,2,University of Tennessee,/players/h/haislma01.html
David Harrison,Indiana Pacers,IND,13,C,7-0,280,"August 15, 1982",us,R,University of Colorado,/players/h/harrida01.html
Stephen Jackson,Indiana Pacers,IND,1,SF,6-8,218,"April 5, 1978",us,4,Butler County Community College,/players/j/jacksst02.html
Britton Johnsen,Indiana Pacers,IND,32,SF,6-10,210,"July 8, 1979",us,1,University of Utah,/players/j/johnsbr01.html
Anthony Johnson,Indiana Pacers,IND,8,PG,6-3,190,"October 2, 1974",us,7,College of Charleston,/players/j/johnsan02.html
Fred Jones,Indiana Pacers,IND,20,SG,6-4,210,"March 11, 1979",us,2,University of Oregon,/players/j/jonesfr01.html
James Jones,Indiana Pacers,IND,33,SF,6-8,218,"October 4, 1980",us,1,University of Miami,/players/j/jonesja02.html
Reggie Miller,Indiana Pacers,IND,31,SG,6-7,185,"August 24, 1965",us,17,"University of California, Los Angeles",/players/m/millere01.html
Jermaine O'Neal,Indiana Pacers,IND,7,PF,6-11,226,"October 13, 1978",us,8,,/players/o/onealje01.html
Scot Pollard,Indiana Pacers,IND,62,C,6-11,265,"February 12, 1975",us,7,University of Kansas,/players/p/pollasc01.html
Jamaal Tinsley,Indiana Pacers,IND,11,PG,6-3,195,"February 28, 1978",us,3,Iowa State University,/players/t/tinslja01.html
Metta World Peace,Indiana Pacers,IND,91,SF,6-6,260,"November 13, 1979",us,5,St. John's University,/players/a/artesro01.html
Kenny Anderson,Los Angeles Clippers,LAC,7,PG,6-0,168,"October 9, 1970",us,13,Georgia Institute of Technology,/players/a/anderke01.html
Maurice Baker,Los Angeles Clippers,LAC,4,PG,6-1,175,"July 28, 1979",us,R,Oklahoma State University,/players/b/bakerma01.html
Elton Brand,Los Angeles Clippers,LAC,42,PF,6-8,275,"March 11, 1979",us,5,Duke University,/players/b/brandel01.html
Rick Brunson,Los Angeles Clippers,LAC,9,PG,6-4,190,"June 14, 1972",us,7,Temple University,/players/b/brunsri01.html
Lionel Chalmers,Los Angeles Clippers,LAC,0,PG,6-0,180,"November 10, 1980",us,R,Xavier University,/players/c/chalmli01.html
Marko Jaric,Los Angeles Clippers,LAC,20,PG,6-7,198,"October 12, 1978",rs,2,,/players/j/jaricma01.html
Chris Kaman,Los Angeles Clippers,LAC,35,C,7-0,265,"April 28, 1982",us,1,Central Michigan University,/players/k/kamanch01.html
Kerry Kittles,Los Angeles Clippers,LAC,30,SG,6-5,179,"June 12, 1974",us,7,Villanova University,/players/k/kittlke01.html
Shaun Livingston,Los Angeles Clippers,LAC,14,PG,6-7,192,"September 11, 1985",us,R,,/players/l/livinsh01.html
Corey Maggette,Los Angeles Clippers,LAC,50,SG,6-6,218,"November 12, 1979",us,5,Duke University,/players/m/maggeco01.html
Darrick Martin,Los Angeles Clippers,LAC,15,PG,5-11,170,"March 6, 1971",us,9,"University of California, Los Angeles",/players/m/martida01.html
Mikki Moore,Los Angeles Clippers,LAC,33,PF,6-11,225,"November 4, 1975",us,6,University of Nebraska,/players/m/mooremi01.html
Mamadou N'Diaye,Los Angeles Clippers,LAC,34,C,7-0,255,"June 16, 1975",sn,4,Auburn University,/players/n/ndiayma02.html
Kirk Penney,Los Angeles Clippers,LAC,22,SG,6-5,220,"November 23, 1980",nz,1,University of Wisconsin,/players/p/penneki01.html
Zeljko Rebraca,Los Angeles Clippers,LAC,11,C,7-0,257,"April 9, 1972",rs,3,,/players/r/rebraze01.html
Quinton Ross,Los Angeles Clippers,LAC,13,SG,6-6,195,"April 30, 1981",us,R,Southern Methodist University,/players/r/rossqu01.html
Bobby Simmons,Los Angeles Clippers,LAC,21,SF,6-7,210,"June 2, 1980",us,3,DePaul University,/players/s/simmobo01.html
Chris Wilcox,Los Angeles Clippers,LAC,54,C,6-10,221,"September 3, 1982",us,2,University of Maryland,/players/w/wilcoch01.html
Chucky Atkins,Los Angeles Lakers,LAL,9,PG,5-11,160,"August 14, 1974",us,5,University of South Florida,/players/a/atkinch01.html
Tony Bobbitt,Los Angeles Lakers,LAL,15,SG,6-4,190,"October 22, 1979",us,R,University of Cincinnati,/players/b/bobbito01.html
Tierre Brown,Los Angeles Lakers,LAL,5,PG,6-2,189,"June 3, 1979",us,3,McNeese State University,/players/b/brownti01.html
Kobe Bryant,Los Angeles Lakers,LAL,8,SG,6-6,212,"August 23, 1978",us,8,,/players/b/bryanko01.html
Caron Butler,Los Angeles Lakers,LAL,1,SF,6-7,228,"March 13, 1980",us,2,University of Connecticut,/players/b/butleca01.html
Brian Cook,Los Angeles Lakers,LAL,43,C,6-9,234,"December 4, 1980",us,1,University of Illinois at Urbana-Champaign,/players/c/cookbr01.html
Vlade Divac,Los Angeles Lakers,LAL,12,C,7-1,243,"February 3, 1968",rs,15,,/players/d/divacvl01.html
Devean George,Los Angeles Lakers,LAL,3,SF,6-8,220,"August 29, 1977",us,5,Augsburg College,/players/g/georgde01.html
Brian Grant,Los Angeles Lakers,LAL,55,C,6-9,254,"March 5, 1972",us,10,Xavier University,/players/g/grantbr01.html
Jumaine Jones,Los Angeles Lakers,LAL,20,SF,6-8,218,"February 10, 1979",us,5,University of Georgia,/players/j/jonesju01.html
Stanislav Medvedenko,Los Angeles Lakers,LAL,14,PF,6-10,250,"April 4, 1979",ua,4,,/players/m/medvest01.html
Chris Mihm,Los Angeles Lakers,LAL,31,C,7-0,265,"July 16, 1979",us,4,University of Texas at Austin,/players/m/mihmch01.html
Lamar Odom,Los Angeles Lakers,LAL,7,PF,6-10,220,"November 6, 1979",us,5,University of Rhode Island,/players/o/odomla01.html
Kareem Rush,Los Angeles Lakers,LAL,21,SG,6-6,215,"October 30, 1980",us,2,University of Missouri,/players/r/rushka01.html
Sasha Vujacic,Los Angeles Lakers,LAL,18,SG,6-7,195,"March 8, 1984",si,R,,/players/v/vujacsa01.html
Luke Walton,Los Angeles Lakers,LAL,4,SF,6-8,235,"March 28, 1980",us,1,University of Arizona,/players/w/waltolu01.html
Shane Battier,Memphis Grizzlies,MEM,31,SG,6-8,220,"September 9, 1978",us,3,Duke University,/players/b/battish01.html
Antonio Burks,Memphis Grizzlies,MEM,1,PG,6-1,200,"February 25, 1980",us,R,University of Memphis,/players/b/burksan01.html
Brian Cardinal,Memphis Grizzlies,MEM,35,PF,6-8,245,"May 2, 1977",us,4,Purdue University,/players/c/cardibr01.html
Andre Emmett,Memphis Grizzlies,MEM,14,SG,6-5,230,"August 27, 1982",us,R,Texas Tech University,/players/e/emmetan01.html
Pau Gasol,Memphis Grizzlies,MEM,16,PF,7-0,250,"July 6, 1980",es,3,,/players/g/gasolpa01.html
Ryan Humphrey,Memphis Grizzlies,MEM,40,SF,6-8,235,"July 24, 1979",us,2,University of Notre Dame,/players/h/humphry01.html
Dahntay Jones,Memphis Grizzlies,MEM,30,SG,6-6,225,"December 27, 1980",us,1,Duke University,/players/j/jonesda02.html
Mike Miller,Memphis Grizzlies,MEM,33,SF,6-8,218,"February 19, 1980",us,4,University of Florida,/players/m/millemi01.html
James Posey,Memphis Grizzlies,MEM,41,SF,6-8,215,"January 13, 1977",us,5,Xavier University,/players/p/poseyja01.html
Stromile Swift,Memphis Grizzlies,MEM,4,PF,6-9,225,"November 21, 1979",us,4,Louisiana State University,/players/s/swiftst01.html
Jake Tsakalidis,Memphis Grizzlies,MEM,12,C,7-2,285,"June 10, 1979",ge,4,,/players/t/tsakaja01.html
Earl Watson,Memphis Grizzlies,MEM,25,PG,6-1,195,"June 12, 1979",us,3,"University of California, Los Angeles",/players/w/watsoea01.html
Bonzi Wells,Memphis Grizzlies,MEM,6,SG,6-5,210,"September 28, 1976",us,6,Ball State University,/players/w/wellsbo01.html
Jason Williams,Memphis Grizzlies,MEM,2,PG,6-1,190,"November 18, 1975",us,6,University of Florida,/players/w/willija02.html
Lorenzen Wright,Memphis Grizzlies,MEM,42,C,6-11,225,"November 4, 1975",us,8,University of Memphis,/players/w/wrighlo02.html
Malik Allen,Miami Heat,MIA,35,PF,6-10,255,"June 27, 1978",us,3,Villanova University,/players/a/allenma01.html
Shandon Anderson,Miami Heat,MIA,49,SF,6-6,208,"December 31, 1973",us,8,University of Georgia,/players/a/andersh01.html
Rasual Butler,Miami Heat,MIA,45,SF,6-7,215,"May 23, 1979",us,2,La Salle University,/players/b/butlera01.html
Michael Doleac,Miami Heat,MIA,51,C,6-11,262,"June 15, 1977",us,6,University of Utah,/players/d/doleami01.html
Keyon Dooling,Miami Heat,MIA,5,PG,6-3,196,"May 8, 1980",us,4,University of Missouri,/players/d/doolike01.html
Udonis Haslem,Miami Heat,MIA,40,PF,6-8,235,"June 9, 1980",us,1,University of Florida,/players/h/hasleud01.html
Damon Jones,Miami Heat,MIA,19,PG,6-3,185,"August 25, 1976",us,6,University of Houston,/players/j/jonesda01.html
Eddie Jones,Miami Heat,MIA,6,SF,6-6,190,"October 20, 1971",us,10,Temple University,/players/j/jonesed02.html
Christian Laettner,Miami Heat,MIA,44,PF,6-11,235,"August 17, 1969",us,12,Duke University,/players/l/laettch01.html
Alonzo Mourning,Miami Heat,MIA,33,C,6-10,240,"February 8, 1970",us,11,Georgetown University,/players/m/mournal01.html
Shaquille O'Neal,Miami Heat,MIA,32,C,7-1,325,"March 6, 1972",us,12,Louisiana State University,/players/o/onealsh01.html
Wesley Person,Miami Heat,MIA,7,SF,6-6,195,"March 28, 1971",us,10,Auburn University,/players/p/persowe01.html
Steve Smith,Miami Heat,MIA,8,SG,6-7,200,"March 31, 1969",us,13,Michigan State University,/players/s/smithst01.html
Dwyane Wade,Miami Heat,MIA,3,SG,6-4,220,"January 17, 1982",us,1,Marquette University,/players/w/wadedw01.html
Qyntel Woods,Miami Heat,MIA,24,SF,6-8,221,"February 16, 1981",us,2,Northeast Mississippi Community College,/players/w/woodsqy01.html
Dorell Wright,Miami Heat,MIA,1,SF,6-9,205,"December 2, 1985",us,R,,/players/w/wrighdo01.html
Wang Zhizhi,Miami Heat,MIA,15,C,7-0,255,"July 8, 1977",cn,4,,/players/z/zhizhwa01.html
Calvin Booth,Milwaukee Bucks,MIL,52,C,6-11,230,"May 7, 1976",us,5,Pennsylvania State University,/players/b/boothca01.html
Marcus Fizer,Milwaukee Bucks,MIL,21,PF,6-9,262,"August 10, 1978",us,4,Iowa State University,/players/f/fizerma01.html
Dan Gadzuric,Milwaukee Bucks,MIL,50,C,6-11,240,"February 2, 1978",nl,2,"University of California, Los Angeles",/players/g/gadzuda01.html
Reece Gaines,Milwaukee Bucks,MIL,34,PG,6-6,205,"January 7, 1981",us,1,University of Louisville,/players/g/gainere01.html
Kendall Gill,Milwaukee Bucks,MIL,12,SG,6-5,195,"May 25, 1968",us,14,University of Illinois at Urbana-Champaign,/players/g/gillke01.html
Anthony Goldwire,Milwaukee Bucks,MIL,5,PG,6-1,182,"September 6, 1971",us,6,University of Houston,/players/g/goldwan01.html
Zendon Hamilton,Milwaukee Bucks,MIL,31,C,6-11,250,"April 27, 1975",us,4,St. John's University,/players/h/hamilze01.html
Eddie House,Milwaukee Bucks,MIL,5,SG,6-1,180,"May 14, 1978",us,4,Arizona State University,/players/h/houseed01.html
Mike James,Milwaukee Bucks,MIL,13,PG,6-2,188,"June 23, 1975",us,3,Duquesne University,/players/j/jamesmi01.html
Toni Kukoc,Milwaukee Bucks,MIL,7,SF,6-10,192,"September 18, 1968",hr,11,,/players/k/kukocto01.html
Desmond Mason,Milwaukee Bucks,MIL,24,SF,6-7,224,"October 11, 1977",us,4,Oklahoma State University,/players/m/masonde01.html
Zaza Pachulia,Milwaukee Bucks,MIL,27,C,6-11,270,"February 10, 1984",ge,1,,/players/p/pachuza01.html
Michael Redd,Milwaukee Bucks,MIL,22,SG,6-6,220,"August 24, 1979",us,4,Ohio State University,/players/r/reddmi01.html
Daniel Santiago,Milwaukee Bucks,MIL,15,C,7-1,256,"June 24, 1976",us,3,Saint Vincent College,/players/s/santida01.html
Joe Smith,Milwaukee Bucks,MIL,8,PF,6-10,225,"July 26, 1975",us,9,University of Maryland,/players/s/smithjo02.html
Erick Strickland,Milwaukee Bucks,MIL,20,SG,6-3,210,"November 25, 1973",us,8,University of Nebraska,/players/s/stricer01.html
Keith Van Horn,Milwaukee Bucks,MIL,44,SF,6-10,220,"October 23, 1975",us,7,University of Utah,/players/v/vanhoke01.html
Mo Williams,Milwaukee Bucks,MIL,25,PG,6-1,198,"December 19, 1982",us,1,University of Alabama,/players/w/willima01.html
Anthony Carter,Minnesota Timberwolves,MIN,7,PG,6-1,190,"June 16, 1975",us,5,University of Hawaii,/players/c/cartean01.html
Sam Cassell,Minnesota Timberwolves,MIN,19,PG,6-3,185,"November 18, 1969",us,11,Florida State University,/players/c/cassesa01.html
Ndudi Ebi,Minnesota Timberwolves,MIN,44,SG,6-9,200,"June 18, 1984",gb,1,,/players/e/ebind01.html
Kevin Garnett,Minnesota Timberwolves,MIN,21,PF,6-11,240,"May 19, 1976",us,9,,/players/g/garneke01.html
Eddie Griffin,Minnesota Timberwolves,MIN,41,PF,6-10,220,"May 30, 1982",us,2,Seton Hall University,/players/g/griffed01.html
Trenton Hassell,Minnesota Timberwolves,MIN,23,SG,6-5,200,"March 4, 1979",us,3,Austin Peay State University,/players/h/hassetr01.html
Fred Hoiberg,Minnesota Timberwolves,MIN,32,SG,6-4,203,"October 15, 1972",us,9,Iowa State University,/players/h/hoibefr01.html
Troy Hudson,Minnesota Timberwolves,MIN,16,PG,6-1,170,"March 13, 1976",us,7,Southern Illinois University,/players/h/hudsotr01.html
Ervin Johnson,Minnesota Timberwolves,MIN,40,C,6-11,245,"December 21, 1967",us,11,University of New Orleans,/players/j/johnser02.html
Mark Madsen,Minnesota Timberwolves,MIN,35,C,6-9,240,"January 28, 1976",us,4,Stanford University,/players/m/madsema01.html
Michael Olowokandi,Minnesota Timberwolves,MIN,34,C,7-0,269,"April 3, 1975",ng,6,University of the Pacific,/players/o/olowomi01.html
Latrell Sprewell,Minnesota Timberwolves,MIN,8,SF,6-5,190,"September 8, 1970",us,12,University of Alabama,/players/s/sprewla01.html
Wally Szczerbiak,Minnesota Timberwolves,MIN,10,SF,6-7,244,"March 5, 1977",es,5,Miami University,/players/s/szczewa02.html
John Thomas,Minnesota Timberwolves,MIN,12,C,6-9,265,"September 8, 1975",us,3,University of Minnesota,/players/t/thomajo02.html
Chris Andersen,New Orleans Pelicans,NOH,12,C,6-10,245,"July 7, 1978",us,3,Blinn College,/players/a/anderch01.html
Darrell Armstrong,New Orleans Pelicans,NOH,10,PG,6-0,170,"June 22, 1968",us,10,Fayetteville State University,/players/a/armstda01.html
Lonny Baxter,New Orleans Pelicans,NOH,3,PF,6-8,260,"January 27, 1979",us,2,University of Maryland,/players/b/baxtelo01.html
P.J. Brown,New Orleans Pelicans,NOH,42,PF,6-11,225,"October 14, 1969",us,11,Louisiana Tech University,/players/b/brownpj01.html
Speedy Claxton,New Orleans Pelicans,NOH,5,PG,5-11,166,"May 8, 1978",us,3,Hofstra University,/players/c/claxtsp01.html
Baron Davis,New Orleans Pelicans,NOH,1,PG,6-3,209,"April 13, 1979",us,5,"University of California, Los Angeles",/players/d/davisba01.html
Dan Dickau,New Orleans Pelicans,NOH,2,PG,6-0,190,"September 16, 1978",us,2,Gonzaga University,/players/d/dickada01.html
Corsley Edwards,New Orleans Pelicans,NOH,34,C,6-9,275,"March 5, 1979",us,R,Central Connecticut State University,/players/e/edwarco01.html
Matt Freije,New Orleans Pelicans,NOH,35,PF,6-10,240,"October 2, 1981",us,R,Vanderbilt University,/players/f/freijma01.html
Alex Garcia,New Orleans Pelicans,NOH,20,SG,6-3,220,"March 4, 1980",br,1,,/players/g/garcial01.html
Junior Harrington,New Orleans Pelicans,NOH,6,SG,6-4,180,"October 2, 1980",us,1,Wingate University,/players/h/harriju01.html
Casey Jacobsen,New Orleans Pelicans,NOH,32,SG,6-6,215,"March 19, 1981",us,2,Stanford University,/players/j/jacobca01.html
Maciej Lampe,New Orleans Pelicans,NOH,15,C,6-11,275,"February 5, 1985",pl,1,,/players/l/lampema01.html
George Lynch,New Orleans Pelicans,NOH,9,SF,6-8,218,"September 3, 1970",us,11,University of North Carolina,/players/l/lynchge01.html
Jamaal Magloire,New Orleans Pelicans,NOH,21,C,6-11,259,"May 21, 1978",ca,4,University of Kentucky,/players/m/magloja01.html
Bostjan Nachbar,New Orleans Pelicans,NOH,10,PF,6-9,221,"July 3, 1980",si,2,,/players/n/nachbbo01.html
Lee Nailon,New Orleans Pelicans,NOH,33,SF,6-9,238,"February 22, 1975",us,4,Texas Christian University,/players/n/nailole01.html
Rodney Rogers,New Orleans Pelicans,NOH,54,SF,6-7,235,"June 20, 1971",us,11,Wake Forest University,/players/r/rogerro01.html
J.R. Smith,New Orleans Pelicans,NOH,23,SG,6-6,225,"September 9, 1985",us,R,,/players/s/smithjr01.html
Jackson Vroman,New Orleans Pelicans,NOH,4,C,6-10,220,"June 6, 1981",us,R,Iowa State University,/players/v/vromaja01.html
David Wesley,New Orleans Pelicans,NOH,4,SG,6-0,190,"November 14, 1970",us,11,Baylor University,/players/w/wesleda01.html
David West,New Orleans Pelicans,NOH,30,SF,6-9,250,"August 29, 1980",us,1,Xavier University,/players/w/westda01.html
Shandon Anderson,New York Knicks,NYK,49,SG,6-6,208,"December 31, 1973",us,8,University of Georgia,/players/a/andersh01.html
Trevor Ariza,New York Knicks,NYK,21,SF,6-8,215,"June 30, 1985",us,R,"University of California, Los Angeles",/players/a/arizatr01.html
Vin Baker,New York Knicks,NYK,42,PF,6-11,232,"November 23, 1971",us,11,University of Hartford,/players/b/bakervi01.html
Jamison Brewer,New York Knicks,NYK,2,PG,6-4,184,"November 19, 1980",us,3,Auburn University,/players/b/breweja01.html
Jackie Butler,New York Knicks,NYK,45,C,6-10,250,"March 10, 1985",us,R,,/players/b/butleja01.html
Jamal Crawford,New York Knicks,NYK,11,SG,6-5,200,"March 20, 1980",us,4,University of Michigan,/players/c/crawfja01.html
Anfernee Hardaway,New York Knicks,NYK,1,SF,6-7,195,"July 18, 1971",us,11,University of Memphis,/players/h/hardaan01.html
Allan Houston,New York Knicks,NYK,20,SG,6-6,200,"April 20, 1971",us,11,University of Tennessee,/players/h/houstal01.html
Jermaine Jackson,New York Knicks,NYK,8,SG,6-4,204,"June 7, 1976",us,3,University of Detroit Mercy,/players/j/jacksje01.html
Stephon Marbury,New York Knicks,NYK,3,PG,6-2,180,"February 20, 1977",us,8,Georgia Institute of Technology,/players/m/marbust01.html
Nazr Mohammed,New York Knicks,NYK,13,C,6-10,221,"September 5, 1977",us,6,University of Kentucky,/players/m/mohamna01.html
Moochie Norris,New York Knicks,NYK,25,PG,6-1,175,"July 27, 1973",us,7,University of West Florida,/players/n/norrimo01.html
Malik Rose,New York Knicks,NYK,13,PF,6-7,250,"November 23, 1974",us,8,Drexel University,/players/r/rosema01.html
Bruno Sundov,New York Knicks,NYK,14,C,7-2,220,"February 10, 1980",hr,6,,/players/s/sundobr01.html
Mike Sweetney,New York Knicks,NYK,50,C,6-8,275,"October 25, 1982",us,1,Georgetown University,/players/s/sweetmi01.html
Maurice Taylor,New York Knicks,NYK,2,C,6-9,260,"October 30, 1976",us,6,University of Michigan,/players/t/tayloma01.html
Kurt Thomas,New York Knicks,NYK,40,PF,6-9,230,"October 4, 1972",us,9,Texas Christian University,/players/t/thomaku01.html
Tim Thomas,New York Knicks,NYK,5,SF,6-10,230,"February 26, 1977",us,7,Villanova University,/players/t/thomati01.html
Jerome Williams,New York Knicks,NYK,31,SF,6-9,206,"May 10, 1973",us,8,Georgetown University,/players/w/willije01.html
Ray Allen,Oklahoma City Thunder,SEA,34,SG,6-5,205,"July 20, 1975",us,8,University of Connecticut,/players/a/allenra02.html
Mateen Cleaves,Oklahoma City Thunder,SEA,24,PG,6-2,205,"September 7, 1977",us,4,Michigan State University,/players/c/cleavma01.html
Nick Collison,Oklahoma City Thunder,SEA,4,C,6-10,255,"October 26, 1980",us,R,University of Kansas,/players/c/collini01.html
Antonio Daniels,Oklahoma City Thunder,SEA,33,PG,6-4,195,"March 19, 1975",us,7,Bowling Green State University,/players/d/daniean01.html
Reggie Evans,Oklahoma City Thunder,SEA,30,PF,6-8,245,"May 18, 1980",us,2,University of Iowa,/players/e/evansre01.html
Danny Fortson,Oklahoma City Thunder,SEA,21,C,6-7,260,"March 27, 1976",us,7,University of Cincinnati,/players/f/fortsda01.html
Jerome James,Oklahoma City Thunder,SEA,13,C,7-0,300,"November 17, 1975",us,4,Florida Agricultural and Mechanical University,/players/j/jamesje01.html
Ibo Kutluay,Oklahoma City Thunder,SEA,11,SG,6-6,200,"July 1, 1974",tr,R,,/players/k/kutluib01.html
Rashard Lewis,Oklahoma City Thunder,SEA,7,SF,6-10,215,"August 8, 1979",us,6,,/players/l/lewisra02.html
Ronald Murray,Oklahoma City Thunder,SEA,22,SG,6-4,190,"July 29, 1979",us,2,Shaw University,/players/m/murraro01.html
Vitaly Potapenko,Oklahoma City Thunder,SEA,9,C,6-10,280,"March 21, 1975",ua,8,Wright State University,/players/p/potapvi01.html
Vladimir Radmanovic,Oklahoma City Thunder,SEA,77,PF,6-10,227,"November 19, 1980",ba,3,,/players/r/radmavl01.html
Luke Ridnour,Oklahoma City Thunder,SEA,8,PG,6-2,175,"February 13, 1981",us,1,University of Oregon,/players/r/ridnolu01.html
Robert Swift,Oklahoma City Thunder,SEA,31,C,7-0,245,"December 3, 1985",us,R,,/players/s/swiftro01.html
Damien Wilkins,Oklahoma City Thunder,SEA,12,SF,6-6,225,"January 11, 1980",us,R,University of Georgia,/players/w/wilkida02.html
Stacey Augmon,Orlando Magic,ORL,2,SF,6-8,205,"August 1, 1968",us,13,"University of Nevada, Las Vegas",/players/a/augmost01.html
Andre Barrett,Orlando Magic,ORL,11,PG,5-10,172,"February 21, 1982",us,R,Seton Hall University,/players/b/barrean01.html
Tony Battie,Orlando Magic,ORL,4,C,6-11,230,"February 11, 1976",us,7,Texas Tech University,/players/b/battito01.html
Michael Bradley,Orlando Magic,ORL,7,PF,6-10,245,"April 18, 1979",us,3,Villanova University,/players/b/bradlmi01.html
Kelvin Cato,Orlando Magic,ORL,13,C,6-11,255,"August 26, 1974",us,7,Iowa State University,/players/c/catoke01.html
Doug Christie,Orlando Magic,ORL,1,SG,6-6,200,"May 9, 1970",us,12,Pepperdine University,/players/c/chrisdo01.html
Andrew DeClercq,Orlando Magic,ORL,55,C,6-10,230,"February 1, 1973",us,9,University of Florida,/players/d/declean01.html
Steve Francis,Orlando Magic,ORL,3,PG,6-3,195,"February 21, 1977",us,5,University of Maryland,/players/f/francst01.html
Pat Garrity,Orlando Magic,ORL,8,PF,6-9,238,"August 23, 1976",us,6,University of Notre Dame,/players/g/garripa01.html
Grant Hill,Orlando Magic,ORL,33,SF,6-8,225,"October 5, 1972",us,9,Duke University,/players/h/hillgr01.html
Dwight Howard,Orlando Magic,ORL,12,PF,6-11,265,"December 8, 1985",us,R,,/players/h/howardw01.html
Brandon Hunter,Orlando Magic,ORL,34,PF,6-7,260,"November 24, 1980",us,1,Ohio University,/players/h/huntebr01.html
Mark Jones,Orlando Magic,ORL,7,SF,6-6,215,"May 25, 1975",us,R,University of Central Florida,/players/j/jonesma03.html
Mario Kasun,Orlando Magic,ORL,41,C,7-1,260,"April 5, 1980",hr,R,,/players/k/kasunma01.html
Cuttino Mobley,Orlando Magic,ORL,5,SG,6-4,190,"September 1, 1975",us,6,University of Rhode Island,/players/m/moblecu01.html
Jameer Nelson,Orlando Magic,ORL,14,PG,6-0,190,"February 9, 1982",us,R,Saint Joseph's University,/players/n/nelsoja01.html
DeShawn Stevenson,Orlando Magic,ORL,9,SG,6-5,210,"April 3, 1981",us,4,,/players/s/stevede01.html
Hedo Turkoglu,Orlando Magic,ORL,15,SF,6-10,220,"March 19, 1979",tr,4,,/players/t/turkohe01.html
Michael Bradley,Philadelphia 76ers,PHI,31,PF,6-10,245,"April 18, 1979",us,3,Villanova University,/players/b/bradlmi01.html
Kedrick Brown,Philadelphia 76ers,PHI,5,SF,6-7,222,"March 18, 1981",us,3,Okaloosa-Walton Community College,/players/b/brownke01.html
Samuel Dalembert,Philadelphia 76ers,PHI,1,C,6-11,255,"May 10, 1981",ht,2,Seton Hall University,/players/d/dalemsa01.html
Josh Davis,Philadelphia 76ers,PHI,23,PF,6-8,235,"August 10, 1980",us,1,University of Wyoming,/players/d/davisjo02.html
Willie Green,Philadelphia 76ers,PHI,33,SG,6-4,200,"July 28, 1981",us,1,University of Detroit Mercy,/players/g/greenwi01.html
Andre Iguodala,Philadelphia 76ers,PHI,4-9,SG,6-6,215,"January 28, 1984",us,R,University of Arizona,/players/i/iguodan01.html
Allen Iverson,Philadelphia 76ers,PHI,3,PG,6-0,165,"June 7, 1975",us,8,Georgetown University,/players/i/iversal01.html
Marc Jackson,Philadelphia 76ers,PHI,25,C,6-10,270,"January 16, 1975",us,4,Temple University,/players/j/jacksma02.html
Kyle Korver,Philadelphia 76ers,PHI,26,SF,6-7,212,"March 17, 1981",us,1,Creighton University,/players/k/korveky01.html
Aaron McKie,Philadelphia 76ers,PHI,8,SG,6-5,209,"October 2, 1972",us,10,Temple University,/players/m/mckieaa01.html
Kevin Ollie,Philadelphia 76ers,PHI,12,PG,6-4,195,"December 27, 1972",us,7,University of Connecticut,/players/o/ollieke01.html
Rodney Rogers,Philadelphia 76ers,PHI,54,PF,6-7,235,"June 20, 1971",us,11,Wake Forest University,/players/r/rogerro01.html
John Salmons,Philadelphia 76ers,PHI,7,SG,6-7,210,"December 12, 1979",us,2,University of Miami,/players/s/salmojo01.html
Brian Skinner,Philadelphia 76ers,PHI,54,PF,6-9,255,"May 19, 1976",us,6,Baylor University,/players/s/skinnbr01.html
Kenny Thomas,Philadelphia 76ers,PHI,9,PF,6-7,261,"July 25, 1977",us,5,University of New Mexico,/players/t/thomake01.html
Chris Webber,Philadelphia 76ers,PHI,4,PF,6-9,245,"March 1, 1973",us,11,University of Michigan,/players/w/webbech01.html
Corliss Williamson,Philadelphia 76ers,PHI,14,PF,6-7,245,"December 4, 1973",us,9,University of Arkansas,/players/w/willico02.html
Leandro Barbosa,Phoenix Suns,PHO,10,PG,6-3,194,"November 28, 1982",br,1,,/players/b/barbole01.html
Zarko Cabarkapa,Phoenix Suns,PHO,11,PF,6-11,235,"May 21, 1981",rs,1,,/players/c/cabarza01.html
Steven Hunter,Phoenix Suns,PHO,45,C,7-0,220,"October 31, 1981",us,3,DePaul University,/players/h/huntest01.html
Jim Jackson,Phoenix Suns,PHO,21,SF,6-6,220,"October 14, 1970",us,12,Ohio State University,/players/j/jacksji01.html
Casey Jacobsen,Phoenix Suns,PHO,23,SF,6-6,215,"March 19, 1981",us,2,Stanford University,/players/j/jacobca01.html
Joe Johnson,Phoenix Suns,PHO,2,SF,6-7,240,"June 29, 1981",us,3,University of Arkansas,/players/j/johnsjo02.html
Maciej Lampe,Phoenix Suns,PHO,30,C,6-11,275,"February 5, 1985",pl,1,,/players/l/lampema01.html
Shawn Marion,Phoenix Suns,PHO,31,PF,6-7,220,"May 7, 1978",us,5,"University of Nevada, Las Vegas",/players/m/mariosh01.html
Walter McCarty,Phoenix Suns,PHO,0,PF,6-10,230,"February 1, 1974",us,8,University of Kentucky,/players/m/mccarwa01.html
Steve Nash,Phoenix Suns,PHO,13,PG,6-3,195,"February 7, 1974",za,8,Santa Clara University,/players/n/nashst01.html
Bo Outlaw,Phoenix Suns,PHO,46,PF,6-8,210,"April 13, 1971",us,11,University of Houston,/players/o/outlabo01.html
Smush Parker,Phoenix Suns,PHO,1,PG,6-4,190,"June 1, 1981",us,1,Fordham University,/players/p/parkesm01.html
Quentin Richardson,Phoenix Suns,PHO,3,SG,6-6,223,"April 13, 1980",us,4,DePaul University,/players/r/richaqu01.html
Paul Shirley,Phoenix Suns,PHO,17,PF,6-10,230,"December 23, 1977",us,2,Iowa State University,/players/s/shirlpa01.html
Amar'e Stoudemire,Phoenix Suns,PHO,32,C,6-10,245,"November 16, 1982",us,2,,/players/s/stoudam01.html
Yuta Tabuse,Phoenix Suns,PHO,1,PG,5-9,165,"October 5, 1980",jp,R,Brigham Young University Hawaii,/players/t/tabusyu01.html
Jake Voskuhl,Phoenix Suns,PHO,43,C,6-11,245,"November 1, 1977",us,4,University of Connecticut,/players/v/voskuja01.html
Jackson Vroman,Phoenix Suns,PHO,4,PF,6-10,220,"June 6, 1981",us,R,Iowa State University,/players/v/vromaja01.html
Shareef Abdur-Rahim,Portland Trail Blazers,POR,33,PF,6-9,225,"December 11, 1976",us,8,University of California,/players/a/abdursh01.html
Derek Anderson,Portland Trail Blazers,POR,1,SG,6-5,194,"July 18, 1974",us,7,University of Kentucky,/players/a/anderde01.html
Maurice Baker,Portland Trail Blazers,POR,4,PG,6-1,175,"July 28, 1979",us,R,Oklahoma State University,/players/b/bakerma01.html
Geno Carlisle,Portland Trail Blazers,POR,4,SG,6-3,180,"August 13, 1976",us,R,University of California,/players/c/carlige01.html
Richie Frahm,Portland Trail Blazers,POR,14,SG,6-5,210,"August 14, 1977",us,1,Gonzaga University,/players/f/frahmri01.html
Viktor Khryapa,Portland Trail Blazers,POR,38,SF,6-9,210,"August 3, 1982",ua,R,,/players/k/khryavi01.html
Darius Miles,Portland Trail Blazers,POR,23,SF,6-9,210,"October 9, 1981",us,4,,/players/m/milesda01.html
Travis Outlaw,Portland Trail Blazers,POR,25,SF,6-9,210,"September 18, 1984",us,1,,/players/o/outlatr01.html
Ruben Patterson,Portland Trail Blazers,POR,21,SF,6-5,224,"July 31, 1975",us,6,University of Cincinnati,/players/p/patteru01.html
Joel Przybilla,Portland Trail Blazers,POR,10,C,7-1,255,"October 10, 1979",us,4,University of Minnesota,/players/p/przybjo01.html
Zach Randolph,Portland Trail Blazers,POR,50,PF,6-9,260,"July 16, 1981",us,3,Michigan State University,/players/r/randoza01.html
Theo Ratliff,Portland Trail Blazers,POR,42,C,6-10,225,"April 17, 1973",us,9,University of Wyoming,/players/r/ratlith01.html
Ha Seung-Jin,Portland Trail Blazers,POR,5,C,7-3,305,"August 4, 1985",kr,R,,/players/s/seungha01.html
Damon Stoudamire,Portland Trail Blazers,POR,3,PG,5-10,171,"September 3, 1973",us,9,University of Arizona,/players/s/stoudda01.html
Sebastian Telfair,Portland Trail Blazers,POR,31,PG,6-0,165,"June 9, 1985",us,R,,/players/t/telfase01.html
James Thomas,Portland Trail Blazers,POR,12,PF,6-8,235,"November 22, 1980",us,R,University of Texas at Austin,/players/t/thomaja02.html
Nick Van Exel,Portland Trail Blazers,POR,19,SG,6-1,170,"November 27, 1971",us,11,University of Cincinnati,/players/v/vanexni01.html
Matt Barnes,Sacramento Kings,SAC,9,SF,6-7,226,"March 9, 1980",us,1,"University of California, Los Angeles",/players/b/barnema02.html
Mike Bibby,Sacramento Kings,SAC,10,PG,6-1,190,"May 13, 1978",us,6,University of Arizona,/players/b/bibbymi01.html
Michael Bradley,Sacramento Kings,SAC,33,PF,6-10,245,"April 18, 1979",us,3,Villanova University,/players/b/bradlmi01.html
Doug Christie,Sacramento Kings,SAC,13,SG,6-6,200,"May 9, 1970",us,12,Pepperdine University,/players/c/chrisdo01.html
Erik Daniels,Sacramento Kings,SAC,15,SF,6-8,214,"April 1, 1982",us,R,University of Kentucky,/players/d/danieer01.html
Maurice Evans,Sacramento Kings,SAC,5,SG,6-5,220,"November 8, 1978",us,1,University of Texas at Austin,/players/e/evansma01.html
Eddie House,Sacramento Kings,SAC,50,PG,6-1,180,"May 14, 1978",us,4,Arizona State University,/players/h/houseed01.html
Bobby Jackson,Sacramento Kings,SAC,24,SG,6-1,185,"March 13, 1973",us,7,University of Minnesota,/players/j/jacksbo01.html
Kevin Martin,Sacramento Kings,SAC,23,PG,6-7,199,"February 1, 1983",us,R,Western Carolina University,/players/m/martike02.html
Brad Miller,Sacramento Kings,SAC,52,C,6-11,244,"April 12, 1976",us,6,Purdue University,/players/m/millebr01.html
Cuttino Mobley,Sacramento Kings,SAC,3,SG,6-4,190,"September 1, 1975",us,6,University of Rhode Island,/players/m/moblecu01.html
Greg Ostertag,Sacramento Kings,SAC,00,C,7-2,280,"March 6, 1973",us,9,University of Kansas,/players/o/ostergr01.html
Brian Skinner,Sacramento Kings,SAC,54,C,6-9,255,"May 19, 1976",us,6,Baylor University,/players/s/skinnbr01.html
Darius Songaila,Sacramento Kings,SAC,25,PF,6-9,248,"February 14, 1978",lt,1,Wake Forest University,/players/s/songada01.html
Peja Stojakovic,Sacramento Kings,SAC,16,SF,6-9,220,"June 9, 1977",hr,6,,/players/s/stojape01.html
Kenny Thomas,Sacramento Kings,SAC,9,PF,6-7,261,"July 25, 1977",us,5,University of New Mexico,/players/t/thomake01.html
Chris Webber,Sacramento Kings,SAC,4,PF,6-9,245,"March 1, 1973",us,11,University of Michigan,/players/w/webbech01.html
Corliss Williamson,Sacramento Kings,SAC,34,PF,6-7,245,"December 4, 1973",us,9,University of Arkansas,/players/w/willico02.html
Brent Barry,San Antonio Spurs,SAS,17,SG,6-6,185,"December 31, 1971",us,9,Oregon State University,/players/b/barrybr01.html
Bruce Bowen,San Antonio Spurs,SAS,12,SF,6-7,185,"June 14, 1971",us,8,"California State University, Fullerton",/players/b/bowenbr01.html
Devin Brown,San Antonio Spurs,SAS,23,SG,6-5,220,"December 30, 1978",us,2,University of Texas at San Antonio,/players/b/brownde02.html
Tim Duncan,San Antonio Spurs,SAS,21,PF,6-11,250,"April 25, 1976",vi,7,Wake Forest University,/players/d/duncati01.html
Manu Ginobili,San Antonio Spurs,SAS,20,SG,6-6,205,"July 28, 1977",ar,2,,/players/g/ginobma01.html
Dion Glover,San Antonio Spurs,SAS,1,SG,6-5,228,"October 22, 1978",us,5,Georgia Institute of Technology,/players/g/glovedi01.html
Robert Horry,San Antonio Spurs,SAS,5,PF,6-9,220,"August 25, 1970",us,12,University of Alabama,/players/h/horryro01.html
Linton Johnson,San Antonio Spurs,SAS,43,SF,6-8,205,"June 13, 1980",us,1,Tulane University,/players/j/johnsli01.html
Sean Marks,San Antonio Spurs,SAS,4,PF,6-10,250,"August 23, 1975",nz,4,University of California,/players/m/marksse01.html
Tony Massenburg,San Antonio Spurs,SAS,34,PF,6-9,220,"July 31, 1967",us,12,University of Maryland,/players/m/masseto01.html
Nazr Mohammed,San Antonio Spurs,SAS,2,C,6-10,221,"September 5, 1977",us,6,University of Kentucky,/players/m/mohamna01.html
Rasho Nesterovic,San Antonio Spurs,SAS,8,C,7-0,248,"May 30, 1976",si,6,,/players/n/nestera01.html
Tony Parker,San Antonio Spurs,SAS,9,PG,6-2,185,"May 17, 1982",be,3,,/players/p/parketo01.html
Glenn Robinson,San Antonio Spurs,SAS,3,SF,6-7,225,"January 10, 1973",us,10,Purdue University,/players/r/robingl01.html
Malik Rose,San Antonio Spurs,SAS,31,PF,6-7,250,"November 23, 1974",us,8,Drexel University,/players/r/rosema01.html
Beno Udrih,San Antonio Spurs,SAS,14,PG,6-3,205,"July 5, 1982",si,R,,/players/u/udrihbe01.html
Mike Wilks,San Antonio Spurs,SAS,11,PG,5-10,185,"May 7, 1979",us,2,Rice University,/players/w/wilksmi01.html
Rafer Alston,Toronto Raptors,TOR,11,PG,6-2,171,"July 24, 1976",us,5,"California State University, Fresno",/players/a/alstora01.html
Rafael Araujo,Toronto Raptors,TOR,55,C,6-11,280,"August 12, 1980",br,R,Brigham Young University,/players/a/araujra01.html
Matt Bonner,Toronto Raptors,TOR,16,C,6-10,235,"April 5, 1980",us,R,University of Florida,/players/b/bonnema01.html
Chris Bosh,Toronto Raptors,TOR,4,PF,6-11,235,"March 24, 1984",us,1,Georgia Institute of Technology,/players/b/boshch01.html
Vince Carter,Toronto Raptors,TOR,15,SG,6-6,220,"January 26, 1977",us,6,University of North Carolina,/players/c/cartevi01.html
Omar Cook,Toronto Raptors,TOR,1,PG,6-1,190,"January 28, 1982",us,1,St. John's University,/players/c/cookom01.html
Donyell Marshall,Toronto Raptors,TOR,42,PF,6-9,218,"May 18, 1973",us,10,University of Connecticut,/players/m/marshdo01.html
Jerome Moiso,Toronto Raptors,TOR,6,C,6-10,235,"June 15, 1978",fr,4,"University of California, Los Angeles",/players/m/moisoje01.html
Lamond Murray,Toronto Raptors,TOR,21,SF,6-7,236,"April 20, 1973",us,9,University of California,/players/m/murrala01.html
Milt Palacio,Toronto Raptors,TOR,10,PG,6-3,195,"February 7, 1978",us,5,Colorado State University,/players/p/palacmi01.html
Morris Peterson,Toronto Raptors,TOR,24,SG,6-7,218,"August 26, 1977",us,4,Michigan State University,/players/p/petermo01.html
Jalen Rose,Toronto Raptors,TOR,5,SF,6-8,210,"January 30, 1973",us,10,University of Michigan,/players/r/roseja01.html
Pape Sow,Toronto Raptors,TOR,9,C,6-10,250,"November 22, 1981",sn,R,"California State University, Fullerton",/players/s/sowpa01.html
Aaron Williams,Toronto Raptors,TOR,34,C,6-9,220,"October 2, 1971",us,10,Xavier University,/players/w/williaa01.html
Eric Williams,Toronto Raptors,TOR,17,SG,6-8,220,"July 17, 1972",us,9,Providence College,/players/w/willier01.html
Loren Woods,Toronto Raptors,TOR,3,C,7-1,245,"June 21, 1978",us,3,University of Arizona,/players/w/woodslo01.html
Carlos Arroyo,Utah Jazz,UTA,30,PG,6-2,202,"July 30, 1979",pr,3,Florida International University,/players/a/arroyca01.html
Raja Bell,Utah Jazz,UTA,19,SG,6-5,204,"September 19, 1976",vi,4,Florida International University,/players/b/bellra01.html
Carlos Boozer,Utah Jazz,UTA,5,PF,6-9,258,"November 20, 1981",de,2,Duke University,/players/b/boozeca01.html
Curtis Borchardt,Utah Jazz,UTA,22,C,7-0,240,"September 13, 1980",us,1,Stanford University,/players/b/borchcu01.html
Jarron Collins,Utah Jazz,UTA,31,C,6-11,255,"December 2, 1978",us,3,Stanford University,/players/c/collija03.html
Howard Eisley,Utah Jazz,UTA,6,PG,6-2,177,"December 4, 1972",us,10,Boston College,/players/e/eisleho01.html
Gordan Giricek,Utah Jazz,UTA,10,SG,6-6,210,"June 20, 1977",hr,2,,/players/g/giricgo01.html
Ben Handlogten,Utah Jazz,UTA,44,C,6-10,240,"November 16, 1973",us,1,Western Michigan University,/players/h/handlbe01.html
Matt Harpring,Utah Jazz,UTA,15,SF,6-7,231,"May 31, 1976",us,6,Georgia Institute of Technology,/players/h/harprma01.html
Kris Humphries,Utah Jazz,UTA,43,PF,6-9,235,"February 6, 1985",us,R,University of Minnesota,/players/h/humphkr01.html
Andrei Kirilenko,Utah Jazz,UTA,47,PF,6-9,220,"February 18, 1981",ru,3,,/players/k/kirilan01.html
Randy Livingston,Utah Jazz,UTA,2,PG,6-4,209,"April 2, 1975",us,8,Louisiana State University,/players/l/livinra01.html
Raul Lopez,Utah Jazz,UTA,24,PG,6-1,170,"April 15, 1980",es,1,,/players/l/lopezra01.html
Keith McLeod,Utah Jazz,UTA,25,PG,6-2,188,"November 5, 1979",us,1,Bowling Green State University,/players/m/mcleoke01.html
Mehmet Okur,Utah Jazz,UTA,13,C,6-11,249,"May 26, 1979",tr,2,,/players/o/okurme01.html
Aleksandar Radojevic,Utah Jazz,UTA,51,C,7-3,250,"August 8, 1976",me,1,Barton County Community College,/players/r/radojal01.html
Kirk Snyder,Utah Jazz,UTA,3,SG,6-6,225,"June 5, 1983",us,R,"University of Nevada, Reno",/players/s/snydeki01.html
Gilbert Arenas,Washington Wizards,WAS,0,PG,6-3,191,"January 6, 1982",us,3,University of Arizona,/players/a/arenagi01.html
Steve Blake,Washington Wizards,WAS,2,PG,6-3,172,"February 26, 1980",us,1,University of Maryland,/players/b/blakest01.html
Damone Brown,Washington Wizards,WAS,10,SF,6-9,200,"June 28, 1979",us,3,Syracuse University,/players/b/brownda02.html
Kwame Brown,Washington Wizards,WAS,5,PF,6-11,270,"March 10, 1982",us,3,,/players/b/brownkw01.html
Juan Dixon,Washington Wizards,WAS,3,SG,6-3,164,"October 9, 1978",us,2,University of Maryland,/players/d/dixonju01.html
Jarvis Hayes,Washington Wizards,WAS,24,SF,6-7,220,"August 9, 1981",us,1,University of Georgia,/players/h/hayesja01.html
Brendan Haywood,Washington Wizards,WAS,33,C,7-0,268,"November 27, 1979",us,3,University of North Carolina,/players/h/haywobr01.html
Larry Hughes,Washington Wizards,WAS,20,SG,6-5,184,"January 23, 1979",us,6,Saint Louis University,/players/h/hughela01.html
Antawn Jamison,Washington Wizards,WAS,4,PF,6-8,223,"June 12, 1976",us,6,University of North Carolina,/players/j/jamisan01.html
Jared Jeffries,Washington Wizards,WAS,1,SF,6-11,230,"November 25, 1981",us,2,Indiana University,/players/j/jeffrja01.html
Anthony Peeler,Washington Wizards,WAS,8,SG,6-4,208,"November 25, 1969",us,12,University of Missouri,/players/p/peelean01.html
Laron Profit,Washington Wizards,WAS,7,SF,6-5,204,"August 5, 1977",us,2,University of Maryland,/players/p/profila01.html
Peter John Ramos,Washington Wizards,WAS,34,C,7-3,275,"May 13, 1985",pr,R,,/players/r/ramospe01.html
Michael Ruffin,Washington Wizards,WAS,51,C,6-9,246,"January 21, 1977",us,4,University of Tulsa,/players/r/ruffimi01.html
Etan Thomas,Washington Wizards,WAS,36,C,6-9,256,"April 1, 1978",us,3,Syracuse University,/players/t/thomaet01.html
Samaki Walker,Washington Wizards,WAS,52,PF,6-9,240,"February 25, 1976",us,8,University of Louisville,/players/w/walkesa01.html
