name,team,short_team,number,pos,height,weight,birth_date,birth_country,years_experience,college_name,uri
Devin Harris,Atlanta Hawks,ATL,34,SG,6-3,192,"February 27, 1983",us,8,University of Wisconsin,/players/h/harride01.html
Al Horford,Atlanta Hawks,ATL,15,C,6-10,245,"June 3, 1986",do,5,University of Florida,/players/h/horfoal01.html
John Jenkins,Atlanta Hawks,ATL,12,SG,6-4,215,"March 6, 1991",us,R,Vanderbilt University,/players/j/jenkijo01.html
Ivan Johnson,Atlanta Hawks,ATL,44,PF,6-8,230,"April 10, 1984",us,1,University of Oregon,/players/j/johnsiv01.html
Dahntay Jones,Atlanta Hawks,ATL,30,SF,6-6,225,"December 27, 1980",us,9,Duke University,/players/j/jonesda02.html
Kyle Korver,Atlanta Hawks,ATL,26,SF,6-7,212,"March 17, 1981",us,9,Creighton University,/players/k/korveky01.html
Shelvin Mack,Atlanta Hawks,ATL,8,PG,6-3,203,"April 22, 1990",us,1,Butler University,/players/m/macksh01.html
Anthony Morrow,Atlanta Hawks,ATL,22,SG,6-5,210,"September 27, 1985",us,4,Georgia Institute of Technology,/players/m/morroan01.html
Zaza Pachulia,Atlanta Hawks,ATL,27,C,6-11,270,"February 10, 1984",ge,9,,/players/p/pachuza01.html
Jannero Pargo,Atlanta Hawks,ATL,7,PG,6-1,175,"October 22, 1979",us,8,University of Arkansas,/players/p/pargoja01.html
Johan Petro,Atlanta Hawks,ATL,10,C,7-0,247,"January 27, 1986",fr,7,,/players/p/petrojo01.html
Mike Scott,Atlanta Hawks,ATL,32,PF,6-8,237,"July 16, 1988",us,R,University of Virginia,/players/s/scottmi01.html
Josh Smith,Atlanta Hawks,ATL,5,PF,6-9,225,"December 5, 1985",us,8,,/players/s/smithjo03.html
DeShawn Stevenson,Atlanta Hawks,ATL,92,SG,6-5,210,"April 3, 1981",us,12,,/players/s/stevede01.html
Jeff Teague,Atlanta Hawks,ATL,0,PG,6-2,186,"June 10, 1988",us,3,Wake Forest University,/players/t/teaguje01.html
Anthony Tolliver,Atlanta Hawks,ATL,4,SF,6-8,240,"June 1, 1985",us,4,Creighton University,/players/t/tollian01.html
Jeremy Tyler,Atlanta Hawks,ATL,1,C,6-10,260,"June 21, 1991",us,1,,/players/t/tylerje01.html
Lou Williams,Atlanta Hawks,ATL,3,SG,6-1,175,"October 27, 1986",us,7,,/players/w/willilo02.html
Leandro Barbosa,Boston Celtics,BOS,12,PG,6-3,194,"November 28, 1982",br,9,,/players/b/barbole01.html
Brandon Bass,Boston Celtics,BOS,30,PF,6-8,250,"April 30, 1985",us,7,Louisiana State University,/players/b/bassbr01.html
Avery Bradley,Boston Celtics,BOS,0,PG,6-2,180,"November 26, 1990",us,2,University of Texas at Austin,/players/b/bradlav01.html
Jason Collins,Boston Celtics,BOS,98,C,7-0,255,"December 2, 1978",us,11,Stanford University,/players/c/collija04.html
Jordan Crawford,Boston Celtics,BOS,27,SG,6-4,195,"October 23, 1988",us,2,Xavier University,/players/c/crawfjo02.html
Kevin Garnett,Boston Celtics,BOS,5,C,6-11,240,"May 19, 1976",us,17,,/players/g/garneke01.html
Jeff Green,Boston Celtics,BOS,8,PF,6-9,235,"August 28, 1986",us,4,Georgetown University,/players/g/greenje02.html
Kris Joseph,Boston Celtics,BOS,43,SF,6-7,210,"December 17, 1988",ca,R,Syracuse University,/players/j/josepkr01.html
Courtney Lee,Boston Celtics,BOS,11,SG,6-5,200,"October 3, 1985",us,4,Western Kentucky University,/players/l/leeco01.html
Fab Melo,Boston Celtics,BOS,13,C,7-0,255,"June 20, 1990",br,R,Syracuse University,/players/m/melofa01.html
Darko Milicic,Boston Celtics,BOS,99,C,7-0,250,"June 20, 1985",rs,9,,/players/m/milicda01.html
Paul Pierce,Boston Celtics,BOS,34,SF,6-7,235,"October 13, 1977",us,14,University of Kansas,/players/p/piercpa01.html
Shavlik Randolph,Boston Celtics,BOS,42,PF,6-10,240,"November 24, 1983",us,5,Duke University,/players/r/randosh01.html
Rajon Rondo,Boston Celtics,BOS,9,PG,6-1,186,"February 22, 1986",us,6,University of Kentucky,/players/r/rondora01.html
Jared Sullinger,Boston Celtics,BOS,7,PF,6-9,260,"March 4, 1992",us,R,Ohio State University,/players/s/sullija01.html
Jason Terry,Boston Celtics,BOS,4,SG,6-2,185,"September 15, 1977",us,13,University of Arizona,/players/t/terryja01.html
Jarvis Varnado,Boston Celtics,BOS,41,PF,6-9,230,"March 1, 1988",us,R,Mississippi State University,/players/v/varnaja01.html
D.J. White,Boston Celtics,BOS,12,PF,6-9,251,"August 31, 1986",us,4,Indiana University,/players/w/whitedj01.html
Chris Wilcox,Boston Celtics,BOS,44,C,6-10,221,"September 3, 1982",us,10,University of Maryland,/players/w/wilcoch01.html
Terrence Williams,Boston Celtics,BOS,55,SF,6-6,220,"June 28, 1987",us,3,University of Louisville,/players/w/willite01.html
Andray Blatche,Brooklyn Nets,BRK,0,C,6-11,235,"August 22, 1986",us,7,,/players/b/blatcan01.html
Keith Bogans,Brooklyn Nets,BRK,10,SG,6-5,215,"May 12, 1980",us,9,University of Kentucky,/players/b/boganke01.html
MarShon Brooks,Brooklyn Nets,BRK,9,SG,6-5,200,"January 26, 1989",us,1,Providence College,/players/b/brookma01.html
Josh Childress,Brooklyn Nets,BRK,2,SF,6-8,210,"June 20, 1983",us,6,Stanford University,/players/c/childjo01.html
Reggie Evans,Brooklyn Nets,BRK,30,PF,6-8,245,"May 18, 1980",us,10,University of Iowa,/players/e/evansre01.html
Kris Humphries,Brooklyn Nets,BRK,43,PF,6-9,235,"February 6, 1985",us,8,University of Minnesota,/players/h/humphkr01.html
Damion James,Brooklyn Nets,BRK,14,SF,6-7,225,"October 7, 1987",us,2,University of Texas at Austin,/players/j/jamesda01.html
Joe Johnson,Brooklyn Nets,BRK,7,SG,6-7,240,"June 29, 1981",us,11,University of Arkansas,/players/j/johnsjo02.html
Kris Joseph,Brooklyn Nets,BRK,24,SF,6-7,210,"December 17, 1988",ca,R,Syracuse University,/players/j/josepkr01.html
Brook Lopez,Brooklyn Nets,BRK,11,C,7-0,275,"April 1, 1988",us,4,Stanford University,/players/l/lopezbr01.html
Tornike Shengelia,Brooklyn Nets,BRK,20,SF,6-9,217,"October 5, 1991",ge,R,,/players/s/shengto01.html
Jerry Stackhouse,Brooklyn Nets,BRK,42,SF,6-6,218,"November 5, 1974",us,17,University of North Carolina,/players/s/stackje01.html
Tyshawn Taylor,Brooklyn Nets,BRK,41,PG,6-3,185,"April 12, 1990",us,R,University of Kansas,/players/t/tayloty01.html
Mirza Teletovic,Brooklyn Nets,BRK,33,PF,6-9,242,"September 18, 1985",ba,R,,/players/t/teletmi01.html
Gerald Wallace,Brooklyn Nets,BRK,45,SF,6-7,215,"July 23, 1982",us,11,University of Alabama,/players/w/wallage01.html
C.J. Watson,Brooklyn Nets,BRK,1,PG,6-2,175,"April 17, 1984",us,5,University of Tennessee,/players/w/watsocj01.html
Deron Williams,Brooklyn Nets,BRK,8,PG,6-3,200,"June 26, 1984",us,7,University of Illinois at Urbana-Champaign,/players/w/willide01.html
Jeff Adrien,Charlotte Hornets,CHA,4,PF,6-7,245,"February 10, 1986",us,2,University of Connecticut,/players/a/adrieje01.html
Bismack Biyombo,Charlotte Hornets,CHA,0,C,6-9,245,"August 28, 1992",cd,1,,/players/b/biyombi01.html
Matt Carroll,Charlotte Hornets,CHA,13,SG,6-6,212,"August 28, 1980",us,9,University of Notre Dame,/players/c/carroma01.html
DeSagana Diop,Charlotte Hornets,CHA,2,C,7-0,300,"January 30, 1982",sn,11,,/players/d/diopde01.html
Ben Gordon,Charlotte Hornets,CHA,8,SG,6-3,200,"April 4, 1983",gb,8,University of Connecticut,/players/g/gordobe01.html
Brendan Haywood,Charlotte Hornets,CHA,33,C,7-0,268,"November 27, 1979",us,11,University of North Carolina,/players/h/haywobr01.html
Gerald Henderson,Charlotte Hornets,CHA,9,SG,6-5,215,"December 9, 1987",us,3,Duke University,/players/h/hendege02.html
Cory Higgins,Charlotte Hornets,CHA,11,SG,6-5,180,"June 14, 1989",us,1,University of Colorado,/players/h/higgico01.html
Michael Kidd-Gilchrist,Charlotte Hornets,CHA,14,SF,6-7,232,"September 26, 1993",us,R,University of Kentucky,/players/k/kiddgmi01.html
Josh McRoberts,Charlotte Hornets,CHA,11,PF,6-10,240,"February 28, 1987",us,5,Duke University,/players/m/mcrobjo01.html
Byron Mullens,Charlotte Hornets,CHA,22,PF,7-0,275,"February 14, 1989",us,3,Ohio State University,/players/m/mulleby01.html
Jannero Pargo,Charlotte Hornets,CHA,5,PG,6-1,175,"October 22, 1979",us,8,University of Arkansas,/players/p/pargoja01.html
Ramon Sessions,Charlotte Hornets,CHA,7,SG,6-3,190,"April 11, 1986",us,5,"University of Nevada, Reno",/players/s/sessira01.html
Jeffery Taylor,Charlotte Hornets,CHA,44,SF,6-7,225,"May 23, 1989",se,R,Vanderbilt University,/players/t/tayloje03.html
Tyrus Thomas,Charlotte Hornets,CHA,12,PF,6-9,215,"August 17, 1986",us,6,Louisiana State University,/players/t/thomaty01.html
Kemba Walker,Charlotte Hornets,CHA,15,PG,6-1,172,"May 8, 1990",us,1,University of Connecticut,/players/w/walkeke02.html
Hakim Warrick,Charlotte Hornets,CHA,21,PF,6-9,219,"July 8, 1982",us,7,Syracuse University,/players/w/warriha01.html
Reggie Williams,Charlotte Hornets,CHA,55,SF,6-6,205,"September 14, 1986",us,3,Virginia Military Institute,/players/w/willire02.html
Lou Amundson,Chicago Bulls,CHI,17,PF,6-9,220,"December 7, 1982",us,6,"University of Nevada, Las Vegas",/players/a/amundlo01.html
Marco Belinelli,Chicago Bulls,CHI,8,SG,6-5,210,"March 25, 1986",it,5,,/players/b/belinma01.html
Carlos Boozer,Chicago Bulls,CHI,5,PF,6-9,258,"November 20, 1981",de,10,Duke University,/players/b/boozeca01.html
Jimmy Butler,Chicago Bulls,CHI,21,SF,6-7,220,"September 14, 1989",us,1,Marquette University,/players/b/butleji01.html
Daequan Cook,Chicago Bulls,CHI,14,SG,6-5,205,"April 28, 1987",us,5,Ohio State University,/players/c/cookda02.html
Luol Deng,Chicago Bulls,CHI,9,SF,6-9,220,"April 16, 1985",ss,8,Duke University,/players/d/denglu01.html
Taj Gibson,Chicago Bulls,CHI,22,PF,6-9,225,"June 24, 1985",us,3,University of Southern California,/players/g/gibsota01.html
Richard Hamilton,Chicago Bulls,CHI,32,SG,6-6,185,"February 14, 1978",us,13,University of Connecticut,/players/h/hamilri01.html
Kirk Hinrich,Chicago Bulls,CHI,12,PG,6-4,190,"January 2, 1981",us,9,University of Kansas,/players/h/hinriki01.html
Nazr Mohammed,Chicago Bulls,CHI,48,C,6-10,221,"September 5, 1977",us,14,University of Kentucky,/players/m/mohamna01.html
Joakim Noah,Chicago Bulls,CHI,13,C,6-11,232,"February 25, 1985",us,5,University of Florida,/players/n/noahjo01.html
Vladimir Radmanovic,Chicago Bulls,CHI,77,PF,6-10,227,"November 19, 1980",ba,11,,/players/r/radmavl01.html
Nate Robinson,Chicago Bulls,CHI,2,PG,5-9,180,"May 31, 1984",us,7,University of Washington,/players/r/robinna01.html
Marquis Teague,Chicago Bulls,CHI,25,PG,6-2,189,"February 28, 1993",us,R,University of Kentucky,/players/t/teaguma01.html
Malcolm Thomas,Chicago Bulls,CHI,3,PF,6-9,225,"November 8, 1988",us,1,San Diego State University,/players/t/thomama01.html
Omri Casspi,Cleveland Cavaliers,CLE,36,SF,6-9,225,"June 22, 1988",il,3,,/players/c/casspom01.html
Wayne Ellington,Cleveland Cavaliers,CLE,21,SG,6-4,200,"October 29, 1987",us,3,University of North Carolina,/players/e/ellinwa01.html
Alonzo Gee,Cleveland Cavaliers,CLE,33,SF,6-6,225,"May 29, 1987",us,3,University of Alabama,/players/g/geeal01.html
Daniel Gibson,Cleveland Cavaliers,CLE,1,PG,6-2,190,"February 27, 1986",us,6,University of Texas at Austin,/players/g/gibsoda01.html
Kyrie Irving,Cleveland Cavaliers,CLE,2,PG,6-3,193,"March 23, 1992",au,1,Duke University,/players/i/irvinky01.html
Kevin Jones,Cleveland Cavaliers,CLE,5,PF,6-8,251,"August 25, 1989",us,R,West Virginia University,/players/j/joneske01.html
Jon Leuer,Cleveland Cavaliers,CLE,30,C,6-10,228,"May 14, 1989",us,1,University of Wisconsin,/players/l/leuerjo01.html
Shaun Livingston,Cleveland Cavaliers,CLE,14,PG,6-7,182,"September 11, 1985",us,7,,/players/l/livinsh01.html
C.J. Miles,Cleveland Cavaliers,CLE,0,SF,6-6,231,"April 18, 1987",us,7,,/players/m/milescj01.html
Jeremy Pargo,Cleveland Cavaliers,CLE,8,PG,6-2,219,"March 17, 1986",us,1,Gonzaga University,/players/p/pargoje01.html
Chris Quinn,Cleveland Cavaliers,CLE,20,SG,6-2,185,"September 27, 1983",us,5,University of Notre Dame,/players/q/quinnch01.html
Samardo Samuels,Cleveland Cavaliers,CLE,24,C,6-9,260,"January 9, 1989",jm,2,University of Louisville,/players/s/samuesa01.html
Donald Sloan,Cleveland Cavaliers,CLE,15,SG,6-3,205,"January 15, 1988",us,1,Texas A&M University,/players/s/sloando01.html
Marreese Speights,Cleveland Cavaliers,CLE,15,C,6-10,255,"August 4, 1987",us,4,University of Florida,/players/s/speigma01.html
Tristan Thompson,Cleveland Cavaliers,CLE,13,PF,6-9,238,"March 13, 1991",ca,1,University of Texas at Austin,/players/t/thomptr01.html
Anderson Varejao,Cleveland Cavaliers,CLE,17,C,6-10,273,"September 28, 1982",br,8,,/players/v/varejan01.html
Dion Waiters,Cleveland Cavaliers,CLE,3,SG,6-4,225,"December 10, 1991",us,R,Syracuse University,/players/w/waitedi01.html
Luke Walton,Cleveland Cavaliers,CLE,4,PF,6-8,235,"March 28, 1980",us,9,University of Arizona,/players/w/waltolu01.html
Tyler Zeller,Cleveland Cavaliers,CLE,40,C,7-0,253,"January 17, 1990",us,R,University of North Carolina,/players/z/zellety01.html
Josh Akognon,Dallas Mavericks,DAL,10,PG,5-11,185,"February 10, 1986",us,R,"California State University, Fullerton",/players/a/akognjo01.html
Rodrigue Beaubois,Dallas Mavericks,DAL,3,PG,6-0,170,"February 24, 1988",gp,3,,/players/b/beaubro01.html
Elton Brand,Dallas Mavericks,DAL,42,C,6-8,275,"March 11, 1979",us,13,Duke University,/players/b/brandel01.html
Vince Carter,Dallas Mavericks,DAL,25,SF,6-6,220,"January 26, 1977",us,14,University of North Carolina,/players/c/cartevi01.html
Darren Collison,Dallas Mavericks,DAL,4,PG,6-0,175,"August 23, 1987",us,3,"University of California, Los Angeles",/players/c/collida01.html
Jae Crowder,Dallas Mavericks,DAL,9,SF,6-6,235,"July 6, 1990",us,R,Marquette University,/players/c/crowdja01.html
Jared Cunningham,Dallas Mavericks,DAL,1,SG,6-4,195,"May 22, 1991",us,R,Oregon State University,/players/c/cunnija01.html
Eddy Curry,Dallas Mavericks,DAL,52,C,7-0,295,"December 5, 1982",us,10,,/players/c/curryed01.html
Justin Dentmon,Dallas Mavericks,DAL,7,PG,5-11,185,"September 5, 1985",us,1,University of Washington,/players/d/dentmju01.html
Chris Douglas-Roberts,Dallas Mavericks,DAL,17,SG,6-7,200,"January 8, 1987",us,3,University of Memphis,/players/d/douglch01.html
Derek Fisher,Dallas Mavericks,DAL,6,PG,6-1,200,"August 9, 1974",us,16,University of Arkansas at Little Rock,/players/f/fishede01.html
Bernard James,Dallas Mavericks,DAL,5,C,6-10,240,"February 7, 1985",us,R,Florida State University,/players/j/jamesbe01.html
Mike James,Dallas Mavericks,DAL,13,PG,6-2,188,"June 23, 1975",us,10,Duquesne University,/players/j/jamesmi01.html
Dahntay Jones,Dallas Mavericks,DAL,30,SF,6-6,225,"December 27, 1980",us,9,Duke University,/players/j/jonesda02.html
Dominique Jones,Dallas Mavericks,DAL,20,PG,6-4,215,"October 15, 1988",us,2,University of South Florida,/players/j/jonesdo02.html
Chris Kaman,Dallas Mavericks,DAL,35,C,7-0,265,"April 28, 1982",us,9,Central Michigan University,/players/k/kamanch01.html
Shawn Marion,Dallas Mavericks,DAL,0,PF,6-7,220,"May 7, 1978",us,13,"University of Nevada, Las Vegas",/players/m/mariosh01.html
O.J. Mayo,Dallas Mavericks,DAL,32,SG,6-5,210,"November 5, 1987",us,4,University of Southern California,/players/m/mayooj01.html
Anthony Morrow,Dallas Mavericks,DAL,23,SG,6-5,210,"September 27, 1985",us,4,Georgia Institute of Technology,/players/m/morroan01.html
Troy Murphy,Dallas Mavericks,DAL,6,PF,6-11,245,"May 2, 1980",us,11,University of Notre Dame,/players/m/murphtr01.html
Dirk Nowitzki,Dallas Mavericks,DAL,41,PF,7-0,245,"June 19, 1978",de,14,,/players/n/nowitdi01.html
Brandan Wright,Dallas Mavericks,DAL,34,C,6-10,210,"October 5, 1987",us,4,University of North Carolina,/players/w/wrighbr03.html
Chris Wright,Dallas Mavericks,DAL,8,SG,6-1,210,"November 4, 1989",us,R,Georgetown University,/players/w/wrighch02.html
Corey Brewer,Denver Nuggets,DEN,13,SF,6-9,186,"March 5, 1986",us,5,University of Florida,/players/b/breweco01.html
Wilson Chandler,Denver Nuggets,DEN,21,PF,6-8,225,"May 10, 1987",us,5,DePaul University,/players/c/chandwi01.html
Kenneth Faried,Denver Nuggets,DEN,35,PF,6-8,228,"November 19, 1989",us,1,Morehead State University,/players/f/farieke01.html
Evan Fournier,Denver Nuggets,DEN,94,SG,6-7,205,"October 29, 1992",fr,R,,/players/f/fournev01.html
Danilo Gallinari,Denver Nuggets,DEN,8,SF,6-10,225,"August 8, 1988",it,4,,/players/g/gallida01.html
Jordan Hamilton,Denver Nuggets,DEN,1,SF,6-7,220,"October 6, 1990",us,1,University of Texas at Austin,/players/h/hamiljo02.html
Andre Iguodala,Denver Nuggets,DEN,9,SG,6-6,207,"January 28, 1984",us,8,University of Arizona,/players/i/iguodan01.html
Kosta Koufos,Denver Nuggets,DEN,41,C,7-0,265,"February 24, 1989",us,4,Ohio State University,/players/k/koufoko01.html
Ty Lawson,Denver Nuggets,DEN,3,PG,5-11,195,"November 3, 1987",us,3,University of North Carolina,/players/l/lawsoty01.html
JaVale McGee,Denver Nuggets,DEN,34,C,7-0,270,"January 19, 1988",us,4,"University of Nevada, Reno",/players/m/mcgeeja01.html
Andre Miller,Denver Nuggets,DEN,24,PG,6-3,200,"March 19, 1976",us,13,University of Utah,/players/m/millean02.html
Quincy Miller,Denver Nuggets,DEN,30,PF,6-9,210,"November 18, 1992",us,R,Baylor University,/players/m/millequ01.html
Timofey Mozgov,Denver Nuggets,DEN,25,C,7-1,275,"July 16, 1986",ru,2,,/players/m/mozgoti01.html
Anthony Randolph,Denver Nuggets,DEN,15,PF,6-10,205,"July 15, 1989",de,4,Louisiana State University,/players/r/randoan01.html
Julyan Stone,Denver Nuggets,DEN,10,PG,6-6,200,"December 7, 1988",us,1,University of Texas at El Paso,/players/s/stoneju01.html
Will Bynum,Detroit Pistons,DET,12,PG,6-0,185,"January 4, 1983",us,5,Georgia Institute of Technology,/players/b/bynumwi01.html
Jose Calderon,Detroit Pistons,DET,8,PG,6-3,200,"September 28, 1981",es,7,,/players/c/caldejo01.html
Austin Daye,Detroit Pistons,DET,5,SF,6-11,220,"June 5, 1988",us,3,Gonzaga University,/players/d/dayeau01.html
Andre Drummond,Detroit Pistons,DET,1,C,6-11,279,"August 10, 1993",us,R,University of Connecticut,/players/d/drumman01.html
Kim English,Detroit Pistons,DET,24,SG,6-6,200,"September 24, 1988",us,R,University of Missouri,/players/e/engliki01.html
Jonas Jerebko,Detroit Pistons,DET,33,PF,6-10,231,"March 2, 1987",se,2,,/players/j/jerebjo01.html
Brandon Knight,Detroit Pistons,DET,7,PG,6-3,189,"December 2, 1991",us,1,University of Kentucky,/players/k/knighbr03.html
Viacheslav Kravtsov,Detroit Pistons,DET,55,C,7-0,260,"August 25, 1987",ua,R,,/players/k/kravtvi01.html
Corey Maggette,Detroit Pistons,DET,50,SF,6-6,218,"November 12, 1979",us,13,Duke University,/players/m/maggeco01.html
Jason Maxiell,Detroit Pistons,DET,54,PF,6-7,260,"February 18, 1983",us,7,University of Cincinnati,/players/m/maxieja01.html
Khris Middleton,Detroit Pistons,DET,32,SG,6-8,234,"August 12, 1991",us,R,Texas A&M University,/players/m/middlkh01.html
Greg Monroe,Detroit Pistons,DET,10,C,6-11,265,"June 4, 1990",us,2,Georgetown University,/players/m/monrogr01.html
Tayshaun Prince,Detroit Pistons,DET,22,SF,6-9,212,"February 28, 1980",us,10,University of Kentucky,/players/p/princta01.html
Kyle Singler,Detroit Pistons,DET,25,SF,6-8,228,"May 4, 1988",us,R,Duke University,/players/s/singlky01.html
Rodney Stuckey,Detroit Pistons,DET,3,SG,6-5,205,"April 21, 1986",us,5,Eastern Washington University,/players/s/stuckro01.html
Charlie Villanueva,Detroit Pistons,DET,31,PF,6-11,232,"August 24, 1984",us,7,University of Connecticut,/players/v/villach01.html
Harrison Barnes,Golden State Warriors,GSW,40,SF,6-8,210,"May 30, 1992",us,R,University of North Carolina,/players/b/barneha02.html
Kent Bazemore,Golden State Warriors,GSW,20,SG,6-5,201,"July 1, 1989",us,R,Old Dominion University,/players/b/bazemke01.html
Andris Biedrins,Golden State Warriors,GSW,15,C,6-11,240,"April 2, 1986",lv,8,,/players/b/biedran01.html
Andrew Bogut,Golden State Warriors,GSW,12,C,7-0,260,"November 28, 1984",au,7,University of Utah,/players/b/bogutan01.html
Stephen Curry,Golden State Warriors,GSW,30,PG,6-3,185,"March 14, 1988",us,3,Davidson College,/players/c/curryst01.html
Festus Ezeli,Golden State Warriors,GSW,31,C,6-11,255,"October 21, 1989",ng,R,Vanderbilt University,/players/e/ezelife01.html
Draymond Green,Golden State Warriors,GSW,23,SF,6-7,230,"March 4, 1990",us,R,Michigan State University,/players/g/greendr01.html
Jarrett Jack,Golden State Warriors,GSW,2,SG,6-3,200,"October 28, 1983",us,7,Georgia Institute of Technology,/players/j/jackja01.html
Richard Jefferson,Golden State Warriors,GSW,44,SF,6-7,233,"June 21, 1980",us,11,University of Arizona,/players/j/jefferi01.html
Charles Jenkins,Golden State Warriors,GSW,22,SG,6-3,220,"February 28, 1989",us,1,Hofstra University,/players/j/jenkich01.html
Carl Landry,Golden State Warriors,GSW,7,PF,6-9,248,"September 19, 1983",us,5,Purdue University,/players/l/landrca01.html
David Lee,Golden State Warriors,GSW,10,PF,6-9,245,"April 29, 1983",us,7,University of Florida,/players/l/leeda02.html
Brandon Rush,Golden State Warriors,GSW,4,SF,6-6,210,"July 7, 1985",us,4,University of Kansas,/players/r/rushbr01.html
Malcolm Thomas,Golden State Warriors,GSW,22,PF,6-9,225,"November 8, 1988",us,1,San Diego State University,/players/t/thomama01.html
Klay Thompson,Golden State Warriors,GSW,11,SG,6-7,205,"February 8, 1990",us,1,Washington State University,/players/t/thompkl01.html
Jeremy Tyler,Golden State Warriors,GSW,3,C,6-10,260,"June 21, 1991",us,1,,/players/t/tylerje01.html
Cole Aldrich,Houston Rockets,HOU,31,C,6-11,250,"October 31, 1988",us,2,University of Kansas,/players/a/aldrico01.html
James Anderson,Houston Rockets,HOU,5,SG,6-6,213,"March 25, 1989",us,2,Oklahoma State University,/players/a/anderja01.html
Omer Asik,Houston Rockets,HOU,3,C,7-0,255,"July 4, 1986",tr,2,,/players/a/asikom01.html
Patrick Beverley,Houston Rockets,HOU,12,PG,6-1,185,"July 12, 1988",us,R,University of Arkansas,/players/b/beverpa01.html
Aaron Brooks,Houston Rockets,HOU,0,PG,6-0,161,"January 14, 1985",us,4,University of Oregon,/players/b/brookaa01.html
Daequan Cook,Houston Rockets,HOU,14,SG,6-5,205,"April 28, 1987",us,5,Ohio State University,/players/c/cookda02.html
Carlos Delfino,Houston Rockets,HOU,10,SF,6-6,230,"August 29, 1982",ar,7,,/players/d/delfica01.html
Toney Douglas,Houston Rockets,HOU,15,PG,6-2,195,"March 16, 1986",us,3,Florida State University,/players/d/douglto01.html
Francisco Garcia,Houston Rockets,HOU,32,SF,6-7,195,"December 31, 1981",do,7,University of Louisville,/players/g/garcifr01.html
James Harden,Houston Rockets,HOU,13,SG,6-5,220,"August 26, 1989",us,3,Arizona State University,/players/h/hardeja01.html
Terrence Jones,Houston Rockets,HOU,6,PF,6-9,252,"January 9, 1992",us,R,University of Kentucky,/players/j/joneste01.html
Jeremy Lin,Houston Rockets,HOU,7,PG,6-3,200,"August 23, 1988",us,2,Harvard University,/players/l/linje01.html
Scott Machado,Houston Rockets,HOU,1,PG,6-1,205,"June 8, 1990",us,R,Iona College,/players/m/machasc01.html
Marcus Morris,Houston Rockets,HOU,2,PF,6-9,235,"September 2, 1989",us,1,University of Kansas,/players/m/morrima03.html
Donatas Motiejunas,Houston Rockets,HOU,20,PF,7-0,222,"September 20, 1990",lt,R,,/players/m/motiedo01.html
Tim Ohlbrecht,Houston Rockets,HOU,14,C,6-11,255,"August 30, 1988",de,R,,/players/o/ohlbrti01.html
Chandler Parsons,Houston Rockets,HOU,25,SF,6-9,227,"October 25, 1988",us,1,University of Florida,/players/p/parsoch01.html
Patrick Patterson,Houston Rockets,HOU,54,PF,6-9,235,"March 14, 1989",us,2,University of Kentucky,/players/p/pattepa01.html
Thomas Robinson,Houston Rockets,HOU,0-41,PF,6-10,237,"March 17, 1991",us,R,University of Kansas,/players/r/robinth01.html
Greg Smith,Houston Rockets,HOU,4,C,6-10,250,"January 8, 1991",us,1,"California State University, Fresno",/players/s/smithgr02.html
D.J. Augustin,Indiana Pacers,IND,14,PG,6-0,183,"November 10, 1987",us,4,University of Texas at Austin,/players/a/augusdj01.html
Jeff Ayres,Indiana Pacers,IND,29,PF,6-9,240,"April 29, 1987",us,2,Arizona State University,/players/p/pendeje02.html
Paul George,Indiana Pacers,IND,24,SF,6-9,220,"May 2, 1990",us,2,"California State University, Fresno",/players/g/georgpa01.html
Danny Granger,Indiana Pacers,IND,33,SF,6-9,222,"April 20, 1983",us,7,University of New Mexico,/players/g/grangda01.html
Gerald Green,Indiana Pacers,IND,25,SF,6-7,205,"January 26, 1986",us,5,,/players/g/greenge01.html
Ben Hansbrough,Indiana Pacers,IND,23,PG,6-3,203,"December 23, 1987",us,R,University of Notre Dame,/players/h/hansbbe01.html
Tyler Hansbrough,Indiana Pacers,IND,50,PF,6-9,250,"November 3, 1985",us,3,University of North Carolina,/players/h/hansbty01.html
Roy Hibbert,Indiana Pacers,IND,55,C,7-2,270,"December 11, 1986",us,4,Georgetown University,/players/h/hibbero01.html
George Hill,Indiana Pacers,IND,3,PG,6-3,188,"May 4, 1986",us,4,Indiana University-Purdue University Indianapolis,/players/h/hillge01.html
Orlando Johnson,Indiana Pacers,IND,11,SG,6-5,220,"March 11, 1989",us,R,"University of California, Santa Barbara",/players/j/johnsor01.html
Ian Mahinmi,Indiana Pacers,IND,28,C,6-11,250,"November 5, 1986",fr,4,,/players/m/mahinia01.html
Dominic McGuire,Indiana Pacers,IND,5,SF,6-9,220,"October 20, 1985",us,5,"California State University, Fresno",/players/m/mcguido01.html
Miles Plumlee,Indiana Pacers,IND,13,C,6-11,249,"September 1, 1988",us,R,Duke University,/players/p/plumlmi01.html
Lance Stephenson,Indiana Pacers,IND,1,SG,6-5,230,"September 5, 1990",us,2,University of Cincinnati,/players/s/stephla01.html
David West,Indiana Pacers,IND,21,PF,6-9,250,"August 29, 1980",us,9,Xavier University,/players/w/westda01.html
Sam Young,Indiana Pacers,IND,4,SG,6-6,220,"June 1, 1985",us,3,University of Pittsburgh,/players/y/youngsa01.html
Matt Barnes,Los Angeles Clippers,LAC,22,SF,6-7,226,"March 9, 1980",us,9,"University of California, Los Angeles",/players/b/barnema02.html
Chauncey Billups,Los Angeles Clippers,LAC,1,SG,6-3,202,"September 25, 1976",us,15,University of Colorado,/players/b/billuch01.html
Eric Bledsoe,Los Angeles Clippers,LAC,12,PG,6-1,190,"December 9, 1989",us,2,University of Kentucky,/players/b/bledser01.html
Caron Butler,Los Angeles Clippers,LAC,5,SF,6-7,228,"March 13, 1980",us,10,University of Connecticut,/players/b/butleca01.html
Jamal Crawford,Los Angeles Clippers,LAC,11,SG,6-5,195,"March 20, 1980",us,12,University of Michigan,/players/c/crawfja01.html
Willie Green,Los Angeles Clippers,LAC,34,SG,6-4,200,"July 28, 1981",us,9,University of Detroit Mercy,/players/g/greenwi01.html
Blake Griffin,Los Angeles Clippers,LAC,32,PF,6-10,251,"March 16, 1989",us,2,University of Oklahoma,/players/g/griffbl01.html
Grant Hill,Los Angeles Clippers,LAC,33,SF,6-8,225,"October 5, 1972",us,17,Duke University,/players/h/hillgr01.html
Ryan Hollins,Los Angeles Clippers,LAC,15,C,7-0,240,"October 10, 1984",us,6,"University of California, Los Angeles",/players/h/holliry01.html
DeAndre Jordan,Los Angeles Clippers,LAC,6,C,6-11,265,"July 21, 1988",us,4,Texas A&M University,/players/j/jordade01.html
Lamar Odom,Los Angeles Clippers,LAC,7,PF,6-10,220,"November 6, 1979",us,13,University of Rhode Island,/players/o/odomla01.html
Chris Paul,Los Angeles Clippers,LAC,3,PG,6-0,175,"May 6, 1985",us,7,Wake Forest University,/players/p/paulch01.html
DaJuan Summers,Los Angeles Clippers,LAC,35,PF,6-8,230,"January 24, 1988",us,3,Georgetown University,/players/s/summeda01.html
Ronny Turiaf,Los Angeles Clippers,LAC,21,C,6-10,249,"January 13, 1983",mq,7,Gonzaga University,/players/t/turiaro01.html
Maalik Wayns,Los Angeles Clippers,LAC,2,PG,6-2,200,"May 2, 1991",us,R,Villanova University,/players/w/waynsma01.html
Steve Blake,Los Angeles Lakers,LAL,5,PG,6-3,172,"February 26, 1980",us,9,University of Maryland,/players/b/blakest01.html
Kobe Bryant,Los Angeles Lakers,LAL,24,SG,6-6,212,"August 23, 1978",us,16,,/players/b/bryanko01.html
Earl Clark,Los Angeles Lakers,LAL,6,PF,6-10,225,"January 17, 1988",us,3,University of Louisville,/players/c/clarkea01.html
Chris Duhon,Los Angeles Lakers,LAL,21,PG,6-1,185,"August 31, 1982",us,8,Duke University,/players/d/duhonch01.html
Devin Ebanks,Los Angeles Lakers,LAL,3,SF,6-9,215,"October 28, 1989",us,2,West Virginia University,/players/e/ebankde01.html
Pau Gasol,Los Angeles Lakers,LAL,16,PF,7-0,250,"July 6, 1980",es,11,,/players/g/gasolpa01.html
Andrew Goudelock,Los Angeles Lakers,LAL,0,SG,6-3,200,"December 7, 1988",us,1,College of Charleston,/players/g/goudean01.html
Jordan Hill,Los Angeles Lakers,LAL,27,PF,6-10,235,"July 27, 1987",us,3,University of Arizona,/players/h/hilljo01.html
Dwight Howard,Los Angeles Lakers,LAL,12,C,6-11,265,"December 8, 1985",us,8,,/players/h/howardw01.html
Antawn Jamison,Los Angeles Lakers,LAL,4,PF,6-8,223,"June 12, 1976",us,14,University of North Carolina,/players/j/jamisan01.html
Darius Johnson-Odom,Los Angeles Lakers,LAL,7,SG,6-2,215,"September 28, 1989",us,R,Marquette University,/players/j/johnsda03.html
Jodie Meeks,Los Angeles Lakers,LAL,20,SG,6-4,208,"August 21, 1987",us,3,University of Kentucky,/players/m/meeksjo01.html
Darius Morris,Los Angeles Lakers,LAL,1,PG,6-4,190,"January 3, 1991",us,1,University of Michigan,/players/m/morrida01.html
Steve Nash,Los Angeles Lakers,LAL,10,PG,6-3,195,"February 7, 1974",za,16,Santa Clara University,/players/n/nashst01.html
Robert Sacre,Los Angeles Lakers,LAL,50,C,7-0,270,"June 6, 1989",us,R,Gonzaga University,/players/s/sacrero01.html
Metta World Peace,Los Angeles Lakers,LAL,15,SF,6-6,260,"November 13, 1979",us,13,St. John's University,/players/a/artesro01.html
Tony Allen,Memphis Grizzlies,MEM,9,SG,6-4,213,"January 11, 1982",us,8,Oklahoma State University,/players/a/allento01.html
Darrell Arthur,Memphis Grizzlies,MEM,00,PF,6-9,235,"March 25, 1988",us,3,University of Kansas,/players/a/arthuda01.html
Jerryd Bayless,Memphis Grizzlies,MEM,7,PG,6-3,200,"August 20, 1988",us,4,University of Arizona,/players/b/bayleje01.html
Mike Conley,Memphis Grizzlies,MEM,11,PG,6-1,175,"October 11, 1987",us,5,Ohio State University,/players/c/conlemi01.html
Ed Davis,Memphis Grizzlies,MEM,32,PF,6-10,240,"June 5, 1989",us,2,University of North Carolina,/players/d/davised01.html
Austin Daye,Memphis Grizzlies,MEM,5,SF,6-11,220,"June 5, 1988",us,3,Gonzaga University,/players/d/dayeau01.html
Keyon Dooling,Memphis Grizzlies,MEM,55,PG,6-3,196,"May 8, 1980",us,12,University of Missouri,/players/d/doolike01.html
Wayne Ellington,Memphis Grizzlies,MEM,3,SG,6-4,200,"October 29, 1987",us,3,University of North Carolina,/players/e/ellinwa01.html
Marc Gasol,Memphis Grizzlies,MEM,33,C,7-1,255,"January 29, 1985",es,4,,/players/g/gasolma01.html
Rudy Gay,Memphis Grizzlies,MEM,22,SF,6-8,230,"August 17, 1986",us,6,University of Connecticut,/players/g/gayru01.html
Hamed Haddadi,Memphis Grizzlies,MEM,15,C,7-2,254,"May 19, 1985",ir,4,,/players/h/haddaha01.html
Chris Johnson,Memphis Grizzlies,MEM,4,SF,6-6,206,"April 29, 1990",us,R,University of Dayton,/players/j/johnsch04.html
Jon Leuer,Memphis Grizzlies,MEM,30,PF,6-10,228,"May 14, 1989",us,1,University of Wisconsin,/players/l/leuerjo01.html
Dexter Pittman,Memphis Grizzlies,MEM,45,C,6-11,308,"March 2, 1988",us,2,University of Texas at Austin,/players/p/pittmde01.html
Quincy Pondexter,Memphis Grizzlies,MEM,20,SF,6-7,220,"March 10, 1988",us,2,University of Washington,/players/p/pondequ01.html
Tayshaun Prince,Memphis Grizzlies,MEM,21,SF,6-9,212,"February 28, 1980",us,10,University of Kentucky,/players/p/princta01.html
Zach Randolph,Memphis Grizzlies,MEM,50,PF,6-9,260,"July 16, 1981",us,11,Michigan State University,/players/r/randoza01.html
Josh Selby,Memphis Grizzlies,MEM,2,PG,6-2,183,"March 27, 1991",us,1,University of Kansas,/players/s/selbyjo01.html
Marreese Speights,Memphis Grizzlies,MEM,5,C,6-10,255,"August 4, 1987",us,4,University of Florida,/players/s/speigma01.html
Tony Wroten,Memphis Grizzlies,MEM,1,SG,6-6,205,"April 13, 1993",us,R,University of Washington,/players/w/wroteto01.html
Ray Allen,Miami Heat,MIA,34,SG,6-5,205,"July 20, 1975",us,16,University of Connecticut,/players/a/allenra02.html
Chris Andersen,Miami Heat,MIA,11,C,6-10,245,"July 7, 1978",us,10,Blinn College,/players/a/anderch01.html
Joel Anthony,Miami Heat,MIA,50,C,6-9,245,"August 9, 1982",ca,5,"University of Nevada, Las Vegas",/players/a/anthojo01.html
Shane Battier,Miami Heat,MIA,31,SF,6-8,220,"September 9, 1978",us,11,Duke University,/players/b/battish01.html
Chris Bosh,Miami Heat,MIA,1,C,6-11,235,"March 24, 1984",us,9,Georgia Institute of Technology,/players/b/boshch01.html
Mario Chalmers,Miami Heat,MIA,15,PG,6-2,190,"May 19, 1986",us,4,University of Kansas,/players/c/chalmma01.html
Norris Cole,Miami Heat,MIA,30,PG,6-2,175,"October 13, 1988",us,1,Cleveland State University,/players/c/coleno01.html
Josh Harrellson,Miami Heat,MIA,55,C,6-10,275,"February 12, 1989",us,1,University of Kentucky,/players/h/harrejo01.html
Terrel Harris,Miami Heat,MIA,14,SG,6-5,190,"August 10, 1987",us,1,Oklahoma State University,/players/h/harrite01.html
Udonis Haslem,Miami Heat,MIA,40,PF,6-8,235,"June 9, 1980",us,9,University of Florida,/players/h/hasleud01.html
Juwan Howard,Miami Heat,MIA,5,PF,6-9,240,"February 7, 1973",us,18,University of Michigan,/players/h/howarju01.html
LeBron James,Miami Heat,MIA,6,PF,6-8,250,"December 30, 1984",us,9,,/players/j/jamesle01.html
James Jones,Miami Heat,MIA,22,SF,6-8,218,"October 4, 1980",us,9,University of Miami,/players/j/jonesja02.html
Rashard Lewis,Miami Heat,MIA,9,PF,6-10,215,"August 8, 1979",us,14,,/players/l/lewisra02.html
Mike Miller,Miami Heat,MIA,13,SF,6-8,218,"February 19, 1980",us,12,University of Florida,/players/m/millemi01.html
Dexter Pittman,Miami Heat,MIA,45,C,6-11,308,"March 2, 1988",us,2,University of Texas at Austin,/players/p/pittmde01.html
Jarvis Varnado,Miami Heat,MIA,24,PF,6-9,230,"March 1, 1988",us,R,Mississippi State University,/players/v/varnaja01.html
Dwyane Wade,Miami Heat,MIA,3,SG,6-4,220,"January 17, 1982",us,9,Marquette University,/players/w/wadedw01.html
Gustavo Ayon,Milwaukee Bucks,MIL,19,C,6-10,250,"April 1, 1985",mx,1,,/players/a/ayongu01.html
Samuel Dalembert,Milwaukee Bucks,MIL,21,C,6-11,255,"May 10, 1981",ht,10,Seton Hall University,/players/d/dalemsa01.html
Marquis Daniels,Milwaukee Bucks,MIL,6,SF,6-6,200,"January 7, 1981",us,9,Auburn University,/players/d/daniema01.html
Mike Dunleavy,Milwaukee Bucks,MIL,17,SF,6-9,230,"September 15, 1980",us,10,Duke University,/players/d/dunlemi02.html
Monta Ellis,Milwaukee Bucks,MIL,11,SG,6-3,185,"October 26, 1985",us,7,,/players/e/ellismo01.html
Drew Gooden,Milwaukee Bucks,MIL,0,C,6-10,250,"September 24, 1981",us,10,University of Kansas,/players/g/goodedr01.html
Tobias Harris,Milwaukee Bucks,MIL,15,SF,6-9,235,"July 15, 1992",us,1,University of Tennessee,/players/h/harrito02.html
John Henson,Milwaukee Bucks,MIL,31,PF,6-11,229,"December 28, 1990",us,R,University of North Carolina,/players/h/hensojo01.html
Ersan Ilyasova,Milwaukee Bucks,MIL,7,PF,6-10,235,"May 15, 1987",tr,4,,/players/i/ilyaser01.html
Brandon Jennings,Milwaukee Bucks,MIL,3,PG,6-1,169,"September 23, 1989",us,3,,/players/j/jennibr01.html
Doron Lamb,Milwaukee Bucks,MIL,20,SG,6-4,210,"November 6, 1991",us,R,University of Kentucky,/players/l/lambdo01.html
Luc Mbah a Moute,Milwaukee Bucks,MIL,12,SF,6-8,230,"September 9, 1986",cm,4,"University of California, Los Angeles",/players/m/mbahalu01.html
Joel Przybilla,Milwaukee Bucks,MIL,10,C,7-1,255,"October 10, 1979",us,12,University of Minnesota,/players/p/przybjo01.html
J.J. Redick,Milwaukee Bucks,MIL,5,SG,6-4,190,"June 24, 1984",us,6,Duke University,/players/r/redicjj01.html
Larry Sanders,Milwaukee Bucks,MIL,8,C,6-11,235,"November 21, 1988",us,2,Virginia Commonwealth University,/players/s/sandela01.html
Ish Smith,Milwaukee Bucks,MIL,15,PG,6-0,175,"July 5, 1988",us,2,Wake Forest University,/players/s/smithis01.html
Ekpe Udoh,Milwaukee Bucks,MIL,13,C,6-10,240,"May 20, 1987",us,2,Baylor University,/players/u/udohek01.html
Beno Udrih,Milwaukee Bucks,MIL,19,SG,6-3,205,"July 5, 1982",si,8,,/players/u/udrihbe01.html
Lou Amundson,Minnesota Timberwolves,MIN,17,PF,6-9,220,"December 7, 1982",us,6,"University of Nevada, Las Vegas",/players/a/amundlo01.html
J.J. Barea,Minnesota Timberwolves,MIN,11,PG,6-0,185,"June 26, 1984",pr,6,Northeastern University,/players/b/bareajo01.html
Chase Budinger,Minnesota Timberwolves,MIN,10,SF,6-7,209,"May 22, 1988",us,3,University of Arizona,/players/b/budinch01.html
Will Conroy,Minnesota Timberwolves,MIN,5,PG,6-2,195,"December 8, 1982",us,2,University of Washington,/players/c/conrowi01.html
Dante Cunningham,Minnesota Timberwolves,MIN,33,PF,6-8,230,"April 22, 1987",us,3,Villanova University,/players/c/cunnida01.html
Mickael Gelabale,Minnesota Timberwolves,MIN,15,SF,6-7,215,"May 22, 1983",gp,2,,/players/g/gelabmi01.html
Lazar Hayward,Minnesota Timberwolves,MIN,32,SF,6-6,225,"November 26, 1986",us,2,Marquette University,/players/h/haywala01.html
Josh Howard,Minnesota Timberwolves,MIN,5,SF,6-7,210,"April 28, 1980",us,9,Wake Forest University,/players/h/howarjo01.html
Chris Johnson,Minnesota Timberwolves,MIN,20,C,6-11,210,"July 15, 1985",us,2,Louisiana State University,/players/j/johnsch03.html
Andrei Kirilenko,Minnesota Timberwolves,MIN,47,SF,6-9,220,"February 18, 1981",ru,10,,/players/k/kirilan01.html
Malcolm Lee,Minnesota Timberwolves,MIN,8,SG,6-5,200,"May 22, 1990",us,1,"University of California, Los Angeles",/players/l/leema01.html
Kevin Love,Minnesota Timberwolves,MIN,42,PF,6-10,251,"September 7, 1988",us,4,"University of California, Los Angeles",/players/l/loveke01.html
Nikola Pekovic,Minnesota Timberwolves,MIN,14,C,6-11,307,"January 3, 1986",me,2,,/players/p/pekovni01.html
Luke Ridnour,Minnesota Timberwolves,MIN,13,SG,6-2,175,"February 13, 1981",us,9,University of Oregon,/players/r/ridnolu01.html
Brandon Roy,Minnesota Timberwolves,MIN,3,SG,6-6,215,"July 23, 1984",us,5,University of Washington,/players/r/roybr01.html
Ricky Rubio,Minnesota Timberwolves,MIN,9,PG,6-4,194,"October 21, 1990",es,1,,/players/r/rubiori01.html
Alexey Shved,Minnesota Timberwolves,MIN,1,SG,6-6,190,"December 16, 1988",ru,R,,/players/s/shvedal01.html
Greg Stiemsma,Minnesota Timberwolves,MIN,34,C,6-11,260,"September 26, 1985",us,1,University of Wisconsin,/players/s/stiemgr01.html
Derrick Williams,Minnesota Timberwolves,MIN,7,PF,6-8,240,"May 25, 1991",us,1,University of Arizona,/players/w/willide02.html
Al-Farouq Aminu,New Orleans Pelicans,NOH,0,SF,6-9,215,"September 21, 1990",us,2,Wake Forest University,/players/a/aminual01.html
Lou Amundson,New Orleans Pelicans,NOH,17,PF,6-9,220,"December 7, 1982",us,6,"University of Nevada, Las Vegas",/players/a/amundlo01.html
Ryan Anderson,New Orleans Pelicans,NOH,33,PF,6-10,240,"May 6, 1988",us,4,University of California,/players/a/anderry01.html
Anthony Davis,New Orleans Pelicans,NOH,23,PF,6-10,253,"March 11, 1993",us,R,University of Kentucky,/players/d/davisan02.html
Eric Gordon,New Orleans Pelicans,NOH,10,SG,6-4,215,"December 25, 1988",us,4,Indiana University,/players/g/gordoer01.html
Terrel Harris,New Orleans Pelicans,NOH,12,SG,6-5,190,"August 10, 1987",us,1,Oklahoma State University,/players/h/harrite01.html
Xavier Henry,New Orleans Pelicans,NOH,4,SF,6-6,220,"March 15, 1991",be,2,University of Kansas,/players/h/henryxa01.html
Robin Lopez,New Orleans Pelicans,NOH,15,C,7-0,255,"April 1, 1988",us,4,Stanford University,/players/l/lopezro01.html
Roger Mason,New Orleans Pelicans,NOH,8,SG,6-5,200,"September 10, 1980",us,8,University of Virginia,/players/m/masonro01.html
Dominic McGuire,New Orleans Pelicans,NOH,5,SF,6-9,220,"October 20, 1985",us,5,"California State University, Fresno",/players/m/mcguido01.html
Darius Miller,New Orleans Pelicans,NOH,2,SF,6-8,235,"March 21, 1990",us,R,University of Kentucky,/players/m/milleda01.html
Austin Rivers,New Orleans Pelicans,NOH,25,SG,6-4,200,"August 1, 1992",us,R,Duke University,/players/r/riverau01.html
Brian Roberts,New Orleans Pelicans,NOH,22,PG,6-1,173,"December 3, 1985",us,R,University of Dayton,/players/r/roberbr01.html
Henry Sims,New Orleans Pelicans,NOH,20,C,6-10,248,"March 27, 1990",us,R,Georgetown University,/players/s/simshe01.html
Donald Sloan,New Orleans Pelicans,NOH,12,PG,6-3,205,"January 15, 1988",us,1,Texas A&M University,/players/s/sloando01.html
Jason Smith,New Orleans Pelicans,NOH,14,C,7-0,245,"March 2, 1986",us,4,Colorado State University,/players/s/smithja02.html
Lance Thomas,New Orleans Pelicans,NOH,42,SF,6-8,235,"April 24, 1988",us,1,Duke University,/players/t/thomala01.html
Greivis Vasquez,New Orleans Pelicans,NOH,21,PG,6-6,217,"January 16, 1987",ve,2,University of Maryland,/players/v/vasqugr01.html
Hakim Warrick,New Orleans Pelicans,NOH,1,PF,6-9,219,"July 8, 1982",us,7,Syracuse University,/players/w/warriha01.html
Carmelo Anthony,New York Knicks,NYK,7,PF,6-8,240,"May 29, 1984",us,9,Syracuse University,/players/a/anthoca01.html
Earl Barron,New York Knicks,NYK,42,C,7-0,250,"August 14, 1981",us,6,University of Memphis,/players/b/barroea01.html
Ronnie Brewer,New York Knicks,NYK,11,SF,6-7,220,"March 20, 1985",us,6,University of Arkansas,/players/b/brewero02.html
Marcus Camby,New York Knicks,NYK,23,PF,6-11,220,"March 22, 1974",us,16,University of Massachusetts Amherst,/players/c/cambyma01.html
Tyson Chandler,New York Knicks,NYK,6,C,7-1,240,"October 2, 1982",us,11,,/players/c/chandty01.html
Chris Copeland,New York Knicks,NYK,14,PF,6-9,239,"March 17, 1984",us,R,University of Colorado,/players/c/copelch01.html
Raymond Felton,New York Knicks,NYK,2,PG,6-1,205,"June 26, 1984",us,7,University of North Carolina,/players/f/feltora01.html
Solomon Jones,New York Knicks,NYK,54,PF,6-10,230,"July 16, 1984",us,6,University of South Florida,/players/j/jonesso01.html
Jason Kidd,New York Knicks,NYK,5,SG,6-4,205,"March 23, 1973",us,18,University of California,/players/k/kiddja01.html
Kenyon Martin,New York Knicks,NYK,3,C,6-9,234,"December 30, 1977",us,12,University of Cincinnati,/players/m/martike01.html
Steve Novak,New York Knicks,NYK,16,SF,6-10,225,"June 13, 1983",us,6,Marquette University,/players/n/novakst01.html
Pablo Prigioni,New York Knicks,NYK,9,PG,6-3,185,"May 17, 1977",ar,R,,/players/p/prigipa01.html
Quentin Richardson,New York Knicks,NYK,55,SF,6-6,223,"April 13, 1980",us,12,DePaul University,/players/r/richaqu01.html
Iman Shumpert,New York Knicks,NYK,21,SG,6-5,220,"June 26, 1990",us,1,Georgia Institute of Technology,/players/s/shumpim01.html
J.R. Smith,New York Knicks,NYK,8,SG,6-6,225,"September 9, 1985",us,8,,/players/s/smithjr01.html
Amar'e Stoudemire,New York Knicks,NYK,1,PF,6-10,245,"November 16, 1982",us,10,,/players/s/stoudam01.html
Kurt Thomas,New York Knicks,NYK,40,PF,6-9,230,"October 4, 1972",us,17,Texas Christian University,/players/t/thomaku01.html
Rasheed Wallace,New York Knicks,NYK,36,C,6-10,225,"September 17, 1974",us,15,University of North Carolina,/players/w/wallara01.html
James White,New York Knicks,NYK,4,SF,6-7,200,"October 21, 1982",us,2,University of Cincinnati,/players/w/whiteja02.html
Ronnie Brewer,Oklahoma City Thunder,OKC,8,SF,6-7,220,"March 20, 1985",us,6,University of Arkansas,/players/b/brewero02.html
Nick Collison,Oklahoma City Thunder,OKC,4,C,6-10,255,"October 26, 1980",us,8,University of Kansas,/players/c/collini01.html
Kevin Durant,Oklahoma City Thunder,OKC,35,SF,6-9,240,"September 29, 1988",us,5,University of Texas at Austin,/players/d/duranke01.html
Derek Fisher,Oklahoma City Thunder,OKC,6,SG,6-1,200,"August 9, 1974",us,16,University of Arkansas at Little Rock,/players/f/fishede01.html
Serge Ibaka,Oklahoma City Thunder,OKC,9,PF,6-10,245,"September 18, 1989",cg,3,,/players/i/ibakase01.html
Reggie Jackson,Oklahoma City Thunder,OKC,15,PG,6-3,208,"April 16, 1990",it,1,Boston College,/players/j/jacksre01.html
Perry Jones,Oklahoma City Thunder,OKC,3,SF,6-11,235,"September 24, 1991",us,R,Baylor University,/players/j/jonespe01.html
Jeremy Lamb,Oklahoma City Thunder,OKC,11,SF,6-5,185,"May 30, 1992",us,R,University of Connecticut,/players/l/lambje01.html
DeAndre Liggins,Oklahoma City Thunder,OKC,25,SG,6-6,209,"March 31, 1988",us,1,University of Kentucky,/players/l/liggide01.html
Kevin Martin,Oklahoma City Thunder,OKC,23,SG,6-7,199,"February 1, 1983",us,8,Western Carolina University,/players/m/martike02.html
Eric Maynor,Oklahoma City Thunder,OKC,6,PG,6-3,175,"June 11, 1987",us,3,Virginia Commonwealth University,/players/m/maynoer01.html
Daniel Orton,Oklahoma City Thunder,OKC,33,C,6-10,255,"August 6, 1990",us,1,University of Kentucky,/players/o/ortonda01.html
Kendrick Perkins,Oklahoma City Thunder,OKC,5,C,6-10,270,"November 10, 1984",us,9,,/players/p/perkike01.html
Thabo Sefolosha,Oklahoma City Thunder,OKC,2,SG,6-7,220,"May 2, 1984",ch,6,,/players/s/sefolth01.html
Hasheem Thabeet,Oklahoma City Thunder,OKC,34,C,7-3,263,"February 16, 1987",tz,3,University of Connecticut,/players/t/thabeha01.html
Russell Westbrook,Oklahoma City Thunder,OKC,0,PG,6-3,200,"November 12, 1988",us,4,"University of California, Los Angeles",/players/w/westbru01.html
Arron Afflalo,Orlando Magic,ORL,4,SF,6-5,210,"October 15, 1985",us,5,"University of California, Los Angeles",/players/a/afflaar01.html
Gustavo Ayon,Orlando Magic,ORL,19,C,6-10,250,"April 1, 1985",mx,1,,/players/a/ayongu01.html
Glen Davis,Orlando Magic,ORL,11,PF,6-9,289,"January 1, 1986",us,5,Louisiana State University,/players/d/davisgl01.html
Maurice Harkless,Orlando Magic,ORL,21,SF,6-9,215,"May 11, 1993",us,R,St. John's University,/players/h/harklma01.html
Al Harrington,Orlando Magic,ORL,3,C,6-9,230,"February 17, 1980",us,14,,/players/h/harrial01.html
Tobias Harris,Orlando Magic,ORL,12,PF,6-9,235,"July 15, 1992",us,1,University of Tennessee,/players/h/harrito02.html
DeQuan Jones,Orlando Magic,ORL,20,SF,6-8,221,"June 20, 1990",us,R,University of Miami,/players/j/jonesde01.html
Doron Lamb,Orlando Magic,ORL,1,SG,6-4,210,"November 6, 1991",us,R,University of Kentucky,/players/l/lambdo01.html
Josh McRoberts,Orlando Magic,ORL,17,PF,6-10,240,"February 28, 1987",us,5,Duke University,/players/m/mcrobjo01.html
E'Twaun Moore,Orlando Magic,ORL,55,SG,6-4,191,"February 28, 1989",us,1,Purdue University,/players/m/mooreet01.html
Jameer Nelson,Orlando Magic,ORL,14,PG,6-0,190,"February 9, 1982",us,8,Saint Joseph's University,/players/n/nelsoja01.html
Andrew Nicholson,Orlando Magic,ORL,44,PF,6-9,250,"December 8, 1989",ca,R,St. Bonaventure University,/players/n/nichoan01.html
Kyle O'Quinn,Orlando Magic,ORL,2,C,6-10,250,"March 26, 1990",us,R,Norfolk State University,/players/o/oquinky01.html
J.J. Redick,Orlando Magic,ORL,7,SG,6-4,190,"June 24, 1984",us,6,Duke University,/players/r/redicjj01.html
Ish Smith,Orlando Magic,ORL,10,PG,6-0,175,"July 5, 1988",us,2,Wake Forest University,/players/s/smithis01.html
Hedo Turkoglu,Orlando Magic,ORL,15,SF,6-10,220,"March 19, 1979",tr,12,,/players/t/turkohe01.html
Beno Udrih,Orlando Magic,ORL,19,PG,6-3,205,"July 5, 1982",si,8,,/players/u/udrihbe01.html
Nikola Vucevic,Orlando Magic,ORL,9,C,7-0,260,"October 24, 1990",ch,1,University of Southern California,/players/v/vucevni01.html
Lavoy Allen,Philadelphia 76ers,PHI,50,C,6-9,255,"February 4, 1989",us,1,Temple University,/players/a/allenla01.html
Kwame Brown,Philadelphia 76ers,PHI,54,C,6-11,270,"March 10, 1982",us,11,,/players/b/brownkw01.html
Spencer Hawes,Philadelphia 76ers,PHI,00,C,7-1,245,"April 28, 1988",us,5,University of Washington,/players/h/hawessp01.html
Jrue Holiday,Philadelphia 76ers,PHI,11,PG,6-4,205,"June 12, 1990",us,3,"University of California, Los Angeles",/players/h/holidjr01.html
Justin Holiday,Philadelphia 76ers,PHI,14,SG,6-6,185,"April 5, 1989",us,R,University of Washington,/players/h/holidju01.html
Royal Ivey,Philadelphia 76ers,PHI,7,SG,6-3,200,"December 20, 1981",us,8,University of Texas at Austin,/players/i/iveyro01.html
Charles Jenkins,Philadelphia 76ers,PHI,31,PG,6-3,220,"February 28, 1989",us,1,Hofstra University,/players/j/jenkich01.html
Shelvin Mack,Philadelphia 76ers,PHI,14,SG,6-3,203,"April 22, 1990",us,1,Butler University,/players/m/macksh01.html
Arnett Moultrie,Philadelphia 76ers,PHI,5,PF,6-11,249,"November 18, 1990",us,R,Mississippi State University,/players/m/moultar01.html
Jeremy Pargo,Philadelphia 76ers,PHI,0,SG,6-2,219,"March 17, 1986",us,1,Gonzaga University,/players/p/pargoje01.html
Jason Richardson,Philadelphia 76ers,PHI,23,SG,6-6,220,"January 20, 1981",us,11,Michigan State University,/players/r/richaja01.html
Evan Turner,Philadelphia 76ers,PHI,12,SF,6-7,220,"October 27, 1988",us,2,Ohio State University,/players/t/turneev01.html
Maalik Wayns,Philadelphia 76ers,PHI,18,PG,6-2,200,"May 2, 1991",us,R,Villanova University,/players/w/waynsma01.html
Damien Wilkins,Philadelphia 76ers,PHI,8,SG,6-6,225,"January 11, 1980",us,8,University of Georgia,/players/w/wilkida02.html
Dorell Wright,Philadelphia 76ers,PHI,4,SF,6-9,205,"December 2, 1985",us,8,,/players/w/wrighdo01.html
Nick Young,Philadelphia 76ers,PHI,1,SG,6-7,210,"June 1, 1985",us,5,University of Southern California,/players/y/youngni01.html
Thaddeus Young,Philadelphia 76ers,PHI,21,PF,6-8,221,"June 21, 1988",us,5,Georgia Institute of Technology,/players/y/youngth01.html
Michael Beasley,Phoenix Suns,PHO,0,SF,6-9,235,"January 9, 1989",us,4,Kansas State University,/players/b/beaslmi01.html
Shannon Brown,Phoenix Suns,PHO,26,SG,6-4,205,"November 29, 1985",us,6,Michigan State University,/players/b/brownsh01.html
Goran Dragic,Phoenix Suns,PHO,1,PG,6-3,190,"May 6, 1986",si,4,,/players/d/dragigo01.html
Jared Dudley,Phoenix Suns,PHO,3,SF,6-7,225,"July 10, 1985",us,5,Boston College,/players/d/dudleja01.html
Diante Garrett,Phoenix Suns,PHO,10,PG,6-4,190,"November 3, 1988",us,R,Iowa State University,/players/g/garredi02.html
Marcin Gortat,Phoenix Suns,PHO,4,C,6-11,240,"February 17, 1984",pl,5,,/players/g/gortama01.html
Hamed Haddadi,Phoenix Suns,PHO,98,C,7-2,254,"May 19, 1985",ir,4,,/players/h/haddaha01.html
Wesley Johnson,Phoenix Suns,PHO,2,SF,6-7,215,"July 11, 1987",us,2,Syracuse University,/players/j/johnswe01.html
Kendall Marshall,Phoenix Suns,PHO,12,PG,6-4,200,"August 19, 1991",us,R,University of North Carolina,/players/m/marshke01.html
Marcus Morris,Phoenix Suns,PHO,15,SF,6-9,235,"September 2, 1989",us,1,University of Kansas,/players/m/morrima03.html
Markieff Morris,Phoenix Suns,PHO,11,PF,6-10,245,"September 2, 1989",us,1,University of Kansas,/players/m/morrima02.html
Jermaine O'Neal,Phoenix Suns,PHO,20,C,6-11,226,"October 13, 1978",us,16,,/players/o/onealje01.html
Luis Scola,Phoenix Suns,PHO,14,PF,6-9,240,"April 30, 1980",ar,5,,/players/s/scolalu01.html
Sebastian Telfair,Phoenix Suns,PHO,31,PG,6-0,165,"June 9, 1985",us,8,,/players/t/telfase01.html
P.J. Tucker,Phoenix Suns,PHO,17,SG,6-6,245,"May 5, 1985",us,1,University of Texas at Austin,/players/t/tuckepj01.html
Luke Zeller,Phoenix Suns,PHO,40,C,6-11,245,"April 7, 1987",us,R,University of Notre Dame,/players/z/zellelu01.html
LaMarcus Aldridge,Portland Trail Blazers,POR,12,PF,6-11,240,"July 19, 1985",us,6,University of Texas at Austin,/players/a/aldrila01.html
Luke Babbitt,Portland Trail Blazers,POR,8,PF,6-9,225,"June 20, 1989",us,2,"University of Nevada, Reno",/players/b/babbilu01.html
Will Barton,Portland Trail Blazers,POR,5,SG,6-6,175,"January 6, 1991",us,R,University of Memphis,/players/b/bartowi01.html
Nicolas Batum,Portland Trail Blazers,POR,88,SF,6-8,200,"December 14, 1988",fr,4,,/players/b/batumni01.html
Victor Claver,Portland Trail Blazers,POR,18,SF,6-9,224,"August 30, 1988",es,R,,/players/c/clavevi01.html
Joel Freeland,Portland Trail Blazers,POR,19,PF,6-10,250,"February 7, 1987",gb,R,,/players/f/freeljo01.html
J.J. Hickson,Portland Trail Blazers,POR,21,C,6-9,242,"September 4, 1988",us,4,North Carolina State University,/players/h/hicksjj01.html
Jared Jeffries,Portland Trail Blazers,POR,1,PF,6-11,230,"November 25, 1981",us,10,Indiana University,/players/j/jeffrja01.html
Meyers Leonard,Portland Trail Blazers,POR,11,C,7-1,245,"February 27, 1992",us,R,University of Illinois at Urbana-Champaign,/players/l/leoname01.html
Damian Lillard,Portland Trail Blazers,POR,0,PG,6-3,195,"July 15, 1990",us,R,Weber State University,/players/l/lillada01.html
Wesley Matthews,Portland Trail Blazers,POR,2,SG,6-5,220,"October 14, 1986",us,3,Marquette University,/players/m/matthwe02.html
Eric Maynor,Portland Trail Blazers,POR,6,SG,6-3,175,"June 11, 1987",us,3,Virginia Commonwealth University,/players/m/maynoer01.html
Sasha Pavlovic,Portland Trail Blazers,POR,3,SG,6-8,220,"November 15, 1983",me,9,,/players/p/pavloal01.html
Ronnie Price,Portland Trail Blazers,POR,24,PG,6-2,190,"June 21, 1983",us,7,Utah Valley State College,/players/p/pricero01.html
Nolan Smith,Portland Trail Blazers,POR,4,PG,6-2,185,"July 25, 1988",us,1,Duke University,/players/s/smithno01.html
Cole Aldrich,Sacramento Kings,SAC,45,C,6-11,250,"October 31, 1988",us,2,University of Kansas,/players/a/aldrico01.html
Aaron Brooks,Sacramento Kings,SAC,3,PG,6-0,161,"January 14, 1985",us,4,University of Oregon,/players/b/brookaa01.html
DeMarcus Cousins,Sacramento Kings,SAC,15,C,6-11,270,"August 13, 1990",us,2,University of Kentucky,/players/c/couside01.html
Toney Douglas,Sacramento Kings,SAC,0,PG,6-2,195,"March 16, 1986",us,3,Florida State University,/players/d/douglto01.html
Tyreke Evans,Sacramento Kings,SAC,13,SG,6-6,220,"September 19, 1989",us,3,University of Memphis,/players/e/evansty01.html
Jimmer Fredette,Sacramento Kings,SAC,7,SG,6-2,195,"February 25, 1989",us,1,Brigham Young University,/players/f/fredeji01.html
Francisco Garcia,Sacramento Kings,SAC,32,SG,6-7,195,"December 31, 1981",do,7,University of Louisville,/players/g/garcifr01.html
Chuck Hayes,Sacramento Kings,SAC,42,C,6-6,240,"June 11, 1983",us,7,University of Kentucky,/players/h/hayesch01.html
Tyler Honeycutt,Sacramento Kings,SAC,9,SF,6-8,188,"July 15, 1990",us,1,"University of California, Los Angeles",/players/h/honeyty01.html
James Johnson,Sacramento Kings,SAC,52,SF,6-9,250,"February 20, 1987",us,3,Wake Forest University,/players/j/johnsja01.html
Travis Outlaw,Sacramento Kings,SAC,25,SF,6-9,210,"September 18, 1984",us,9,,/players/o/outlatr01.html
Patrick Patterson,Sacramento Kings,SAC,9,PF,6-9,235,"March 14, 1989",us,2,University of Kentucky,/players/p/pattepa01.html
Thomas Robinson,Sacramento Kings,SAC,0,PF,6-10,237,"March 17, 1991",us,R,University of Kansas,/players/r/robinth01.html
John Salmons,Sacramento Kings,SAC,5,SF,6-7,210,"December 12, 1979",us,10,University of Miami,/players/s/salmojo01.html
Isaiah Thomas,Sacramento Kings,SAC,22,PG,5-9,185,"February 7, 1989",us,1,University of Washington,/players/t/thomais02.html
Jason Thompson,Sacramento Kings,SAC,34,PF,6-11,250,"July 21, 1986",us,4,Rider University,/players/t/thompja02.html
Marcus Thornton,Sacramento Kings,SAC,23,SG,6-4,205,"June 5, 1987",us,3,Louisiana State University,/players/t/thornma01.html
James Anderson,San Antonio Spurs,SAS,11,SF,6-6,213,"March 25, 1989",us,2,Oklahoma State University,/players/a/anderja01.html
Aron Baynes,San Antonio Spurs,SAS,16,C,6-10,260,"December 9, 1986",nz,R,Washington State University,/players/b/baynear01.html
DeJuan Blair,San Antonio Spurs,SAS,45,PF,6-7,270,"April 22, 1989",us,3,University of Pittsburgh,/players/b/blairde01.html
Matt Bonner,San Antonio Spurs,SAS,15,PF,6-10,235,"April 5, 1980",us,8,University of Florida,/players/b/bonnema01.html
Nando De Colo,San Antonio Spurs,SAS,25,SG,6-5,200,"June 23, 1987",fr,R,,/players/d/decolna01.html
Boris Diaw,San Antonio Spurs,SAS,33,PF,6-8,250,"April 16, 1982",fr,9,,/players/d/diawbo01.html
Tim Duncan,San Antonio Spurs,SAS,21,C,6-11,250,"April 25, 1976",vi,15,Wake Forest University,/players/d/duncati01.html
Manu Ginobili,San Antonio Spurs,SAS,20,SG,6-6,205,"July 28, 1977",ar,10,,/players/g/ginobma01.html
Danny Green,San Antonio Spurs,SAS,4,SG,6-6,215,"June 22, 1987",us,3,University of North Carolina,/players/g/greenda02.html
Stephen Jackson,San Antonio Spurs,SAS,3,SF,6-8,218,"April 5, 1978",us,12,Butler County Community College,/players/j/jacksst02.html
Cory Joseph,San Antonio Spurs,SAS,5,PG,6-3,190,"August 20, 1991",ca,1,University of Texas at Austin,/players/j/josepco01.html
Kawhi Leonard,San Antonio Spurs,SAS,2,SF,6-7,230,"June 29, 1991",us,1,San Diego State University,/players/l/leonaka01.html
Patrick Mills,San Antonio Spurs,SAS,8,PG,6-0,185,"August 11, 1988",au,3,Saint Mary's College of California,/players/m/millspa02.html
Gary Neal,San Antonio Spurs,SAS,14,SG,6-4,210,"October 3, 1984",us,2,Towson University,/players/n/nealga01.html
Tony Parker,San Antonio Spurs,SAS,9,PG,6-2,185,"May 17, 1982",be,11,,/players/p/parketo01.html
Tiago Splitter,San Antonio Spurs,SAS,22,PF,6-11,245,"January 1, 1985",br,2,,/players/s/splitti01.html
Quincy Acy,Toronto Raptors,TOR,4,PF,6-7,240,"October 6, 1990",us,R,Baylor University,/players/a/acyqu01.html
Alan Anderson,Toronto Raptors,TOR,6,SF,6-6,220,"October 16, 1982",us,3,Michigan State University,/players/a/anderal01.html
Andrea Bargnani,Toronto Raptors,TOR,7,PF,7-0,245,"October 26, 1985",it,6,,/players/b/bargnan01.html
Jose Calderon,Toronto Raptors,TOR,8,PG,6-3,200,"September 28, 1981",es,7,,/players/c/caldejo01.html
Ed Davis,Toronto Raptors,TOR,32,C,6-10,240,"June 5, 1989",us,2,University of North Carolina,/players/d/davised01.html
DeMar DeRozan,Toronto Raptors,TOR,10,SG,6-7,220,"August 7, 1989",us,3,University of Southern California,/players/d/derozde01.html
Landry Fields,Toronto Raptors,TOR,2,SF,6-7,210,"June 27, 1988",us,2,Stanford University,/players/f/fieldla01.html
Rudy Gay,Toronto Raptors,TOR,22,SF,6-8,230,"August 17, 1986",us,6,University of Connecticut,/players/g/gayru01.html
Aaron Gray,Toronto Raptors,TOR,34,C,7-0,270,"December 7, 1984",us,5,University of Pittsburgh,/players/g/grayaa01.html
Amir Johnson,Toronto Raptors,TOR,15,PF,6-9,240,"May 1, 1987",us,7,,/players/j/johnsam01.html
Linas Kleiza,Toronto Raptors,TOR,11,SF,6-8,245,"January 3, 1985",lt,6,University of Missouri,/players/k/kleizli01.html
Kyle Lowry,Toronto Raptors,TOR,3,PG,6-0,205,"March 25, 1986",us,6,Villanova University,/players/l/lowryky01.html
John Lucas III,Toronto Raptors,TOR,5,PG,5-11,165,"November 21, 1982",us,4,Oklahoma State University,/players/l/lucasjo02.html
Dominic McGuire,Toronto Raptors,TOR,1,SF,6-9,220,"October 20, 1985",us,5,"California State University, Fresno",/players/m/mcguido01.html
Mickael Pietrus,Toronto Raptors,TOR,20,SF,6-6,215,"February 7, 1982",gp,9,,/players/p/pietrmi01.html
Terrence Ross,Toronto Raptors,TOR,31,SG,6-7,195,"February 5, 1991",us,R,University of Washington,/players/r/rosste01.html
Sebastian Telfair,Toronto Raptors,TOR,13,PG,6-0,165,"June 9, 1985",us,8,,/players/t/telfase01.html
Jonas Valanciunas,Toronto Raptors,TOR,17,C,7-0,255,"May 6, 1992",lt,R,,/players/v/valanjo01.html
Alec Burks,Utah Jazz,UTA,10,SG,6-6,214,"July 20, 1991",us,1,University of Colorado,/players/b/burksal01.html
DeMarre Carroll,Utah Jazz,UTA,3,SF,6-8,212,"July 27, 1986",us,3,University of Missouri,/players/c/carrode01.html
Jeremy Evans,Utah Jazz,UTA,40,PF,6-9,196,"October 24, 1987",us,2,Western Kentucky University,/players/e/evansje01.html
Derrick Favors,Utah Jazz,UTA,15,PF,6-10,265,"July 15, 1991",us,2,Georgia Institute of Technology,/players/f/favorde01.html
Randy Foye,Utah Jazz,UTA,8,SG,6-4,213,"September 24, 1983",us,6,Villanova University,/players/f/foyera01.html
Gordon Hayward,Utah Jazz,UTA,20,SF,6-8,226,"March 23, 1990",us,2,Butler University,/players/h/haywago01.html
Al Jefferson,Utah Jazz,UTA,25,C,6-10,289,"January 4, 1985",us,8,,/players/j/jeffeal01.html
Enes Kanter,Utah Jazz,UTA,0,C,6-11,245,"May 20, 1992",ch,1,,/players/k/kanteen01.html
Paul Millsap,Utah Jazz,UTA,24,PF,6-8,246,"February 10, 1985",us,6,Louisiana Tech University,/players/m/millspa01.html
Kevin Murphy,Utah Jazz,UTA,55,SG,6-6,185,"March 6, 1990",us,R,Tennessee Technological University,/players/m/murphke01.html
Jamaal Tinsley,Utah Jazz,UTA,6,PG,6-3,195,"February 28, 1978",us,9,Iowa State University,/players/t/tinslja01.html
Earl Watson,Utah Jazz,UTA,11,PG,6-1,195,"June 12, 1979",us,11,"University of California, Los Angeles",/players/w/watsoea01.html
Marvin Williams,Utah Jazz,UTA,2,SF,6-9,237,"June 19, 1986",us,7,University of North Carolina,/players/w/willima02.html
Mo Williams,Utah Jazz,UTA,5,PG,6-1,198,"December 19, 1982",us,9,University of Alabama,/players/w/willima01.html
Trevor Ariza,Washington Wizards,WAS,1,SF,6-8,215,"June 30, 1985",us,8,"University of California, Los Angeles",/players/a/arizatr01.html
Earl Barron,Washington Wizards,WAS,30,C,7-0,250,"August 14, 1981",us,6,University of Memphis,/players/b/barroea01.html
Bradley Beal,Washington Wizards,WAS,3,SG,6-5,207,"June 28, 1993",us,R,University of Florida,/players/b/bealbr01.html
Trevor Booker,Washington Wizards,WAS,35,PF,6-8,228,"November 25, 1987",us,2,Clemson University,/players/b/booketr01.html
Jason Collins,Washington Wizards,WAS,98,C,7-0,255,"December 2, 1978",us,11,Stanford University,/players/c/collija04.html
Jordan Crawford,Washington Wizards,WAS,15,SG,6-4,195,"October 23, 1988",us,2,Xavier University,/players/c/crawfjo02.html
Nene Hilario,Washington Wizards,WAS,42,PF,6-11,250,"September 13, 1982",br,10,,/players/h/hilarne01.html
Shaun Livingston,Washington Wizards,WAS,14,PG,6-7,182,"September 11, 1985",us,7,,/players/l/livinsh01.html
Shelvin Mack,Washington Wizards,WAS,22,PG,6-3,203,"April 22, 1990",us,1,Butler University,/players/m/macksh01.html
Cartier Martin,Washington Wizards,WAS,20,SF,6-7,220,"November 20, 1984",us,4,Kansas State University,/players/m/martica01.html
Emeka Okafor,Washington Wizards,WAS,50,C,6-10,252,"September 28, 1982",us,8,University of Connecticut,/players/o/okafoem01.html
Jannero Pargo,Washington Wizards,WAS,7,PG,6-1,175,"October 22, 1979",us,8,University of Arkansas,/players/p/pargoja01.html
A.J. Price,Washington Wizards,WAS,12,PG,6-2,181,"October 7, 1986",us,3,University of Connecticut,/players/p/priceaj01.html
Kevin Seraphin,Washington Wizards,WAS,13,C,6-10,278,"December 7, 1989",gf,2,,/players/s/serapke01.html
Chris Singleton,Washington Wizards,WAS,31,PF,6-8,230,"November 21, 1989",us,1,Florida State University,/players/s/singlch01.html
Garrett Temple,Washington Wizards,WAS,17,SG,6-6,195,"May 8, 1986",us,2,Louisiana State University,/players/t/templga01.html
Jan Vesely,Washington Wizards,WAS,24,PF,6-11,240,"April 24, 1990",cz,1,,/players/v/veselja01.html
John Wall,Washington Wizards,WAS,2,PG,6-4,195,"September 6, 1990",us,2,University of Kentucky,/players/w/walljo01.html
Martell Webster,Washington Wizards,WAS,9,SF,6-7,230,"December 4, 1986",us,7,,/players/w/webstma02.html
