name,team,short_team,number,pos,height,weight,birth_date,birth_country,years_experience,college_name,uri
Hilton Armstrong,Atlanta Hawks,ATL,31,C,6-11,235,"November 11, 1984",us,4,University of Connecticut,/players/a/armsthi01.html
Mike Bibby,Atlanta Hawks,ATL,10,PG,6-1,190,"May 13, 1978",us,12,University of Arizona,/players/b/bibbymi01.html
Jason Collins,Atlanta Hawks,ATL,34,C,7-0,255,"December 2, 1978",us,9,Stanford University,/players/c/collija04.html
Jamal Crawford,Atlanta Hawks,ATL,11,SG,6-5,200,"March 20, 1980",us,10,University of Michigan,/players/c/crawfja01.html
Jordan Crawford,Atlanta Hawks,ATL,55,SG,6-4,195,"October 23, 1988",us,R,Xavier University,/players/c/crawfjo02.html
Maurice Evans,Atlanta Hawks,ATL,1,SF,6-5,220,"November 8, 1978",us,7,University of Texas at Austin,/players/e/evansma01.html
Kirk Hinrich,Atlanta Hawks,ATL,6,PG,6-4,190,"January 2, 1981",us,7,University of Kansas,/players/h/hinriki01.html
Al Horford,Atlanta Hawks,ATL,15,C,6-10,245,"June 3, 1986",do,3,University of Florida,/players/h/horfoal01.html
Joe Johnson,Atlanta Hawks,ATL,2,SG,6-7,240,"June 29, 1981",us,9,University of Arkansas,/players/j/johnsjo02.html
Zaza Pachulia,Atlanta Hawks,ATL,27,C,6-11,270,"February 10, 1984",ge,7,,/players/p/pachuza01.html
Josh Powell,Atlanta Hawks,ATL,12,PF,6-9,225,"January 25, 1983",us,5,North Carolina State University,/players/p/poweljo01.html
Josh Smith,Atlanta Hawks,ATL,5,PF,6-9,225,"December 5, 1985",us,6,,/players/s/smithjo03.html
Pape Sy,Atlanta Hawks,ATL,19,SF,6-7,225,"April 5, 1988",fr,R,,/players/s/sypa01.html
Jeff Teague,Atlanta Hawks,ATL,0,PG,6-2,186,"June 10, 1988",us,1,Wake Forest University,/players/t/teaguje01.html
Etan Thomas,Atlanta Hawks,ATL,36,C,6-9,256,"April 1, 1978",us,8,Syracuse University,/players/t/thomaet01.html
Damien Wilkins,Atlanta Hawks,ATL,3,SF,6-6,225,"January 11, 1980",us,6,University of Georgia,/players/w/wilkida02.html
Marvin Williams,Atlanta Hawks,ATL,24,SF,6-9,237,"June 19, 1986",us,5,University of North Carolina,/players/w/willima02.html
Ray Allen,Boston Celtics,BOS,20,SG,6-5,205,"July 20, 1975",us,14,University of Connecticut,/players/a/allenra02.html
Carlos Arroyo,Boston Celtics,BOS,45,PG,6-2,202,"July 30, 1979",pr,8,Florida International University,/players/a/arroyca01.html
Avery Bradley,Boston Celtics,BOS,0,PG,6-2,180,"November 26, 1990",us,R,University of Texas at Austin,/players/b/bradlav01.html
Marquis Daniels,Boston Celtics,BOS,8,SF,6-6,200,"January 7, 1981",us,7,Auburn University,/players/d/daniema01.html
Glen Davis,Boston Celtics,BOS,11,C,6-9,289,"January 1, 1986",us,3,Louisiana State University,/players/d/davisgl01.html
Semih Erden,Boston Celtics,BOS,86,C,7-0,240,"July 28, 1986",tr,R,,/players/e/erdense01.html
Kevin Garnett,Boston Celtics,BOS,5,PF,6-11,240,"May 19, 1976",us,15,,/players/g/garneke01.html
Jeff Green,Boston Celtics,BOS,8,SF,6-9,235,"August 28, 1986",us,3,Georgetown University,/players/g/greenje02.html
Luke Harangody,Boston Celtics,BOS,55,PF,6-8,246,"January 2, 1988",us,R,University of Notre Dame,/players/h/haranlu01.html
Chris Johnson,Boston Celtics,BOS,86,C,6-11,210,"July 15, 1985",us,R,Louisiana State University,/players/j/johnsch03.html
Nenad Krstic,Boston Celtics,BOS,4,C,7-0,240,"July 25, 1983",rs,6,,/players/k/krstine01.html
Troy Murphy,Boston Celtics,BOS,30,PF,6-11,245,"May 2, 1980",us,9,University of Notre Dame,/players/m/murphtr01.html
Jermaine O'Neal,Boston Celtics,BOS,7,C,6-11,226,"October 13, 1978",us,14,,/players/o/onealje01.html
Shaquille O'Neal,Boston Celtics,BOS,36,C,7-1,325,"March 6, 1972",us,18,Louisiana State University,/players/o/onealsh01.html
Sasha Pavlovic,Boston Celtics,BOS,77,SG,6-8,220,"November 15, 1983",me,7,,/players/p/pavloal01.html
Kendrick Perkins,Boston Celtics,BOS,43,C,6-10,270,"November 10, 1984",us,7,,/players/p/perkike01.html
Paul Pierce,Boston Celtics,BOS,34,SF,6-7,235,"October 13, 1977",us,12,University of Kansas,/players/p/piercpa01.html
Nate Robinson,Boston Celtics,BOS,4,PG,5-9,180,"May 31, 1984",us,5,University of Washington,/players/r/robinna01.html
Rajon Rondo,Boston Celtics,BOS,9,PG,6-1,186,"February 22, 1986",us,4,University of Kentucky,/players/r/rondora01.html
Von Wafer,Boston Celtics,BOS,12,SG,6-5,210,"July 21, 1985",us,4,Florida State University,/players/w/wafervo01.html
Delonte West,Boston Celtics,BOS,13,PG,6-4,180,"July 26, 1983",us,6,Saint Joseph's University,/players/w/westde01.html
Jordan Farmar,Brooklyn Nets,NJN,2,PG,6-2,180,"November 30, 1986",us,4,"University of California, Los Angeles",/players/f/farmajo01.html
Derrick Favors,Brooklyn Nets,NJN,14,PF,6-10,265,"July 15, 1991",us,R,Georgia Institute of Technology,/players/f/favorde01.html
Dan Gadzuric,Brooklyn Nets,NJN,50,PF,6-11,240,"February 2, 1978",nl,8,"University of California, Los Angeles",/players/g/gadzuda01.html
Sundiata Gaines,Brooklyn Nets,NJN,0,PG,6-1,185,"April 18, 1986",us,1,University of Georgia,/players/g/gainesu01.html
Stephen Graham,Brooklyn Nets,NJN,26,SG,6-6,215,"June 11, 1982",us,5,Oklahoma State University,/players/g/grahast01.html
Orien Greene,Brooklyn Nets,NJN,0,SG,6-4,208,"February 4, 1982",us,3,University of Louisiana at Lafayette,/players/g/greenor01.html
Devin Harris,Brooklyn Nets,NJN,34,PG,6-3,192,"February 27, 1983",us,6,University of Wisconsin,/players/h/harride01.html
Kris Humphries,Brooklyn Nets,NJN,43,PF,6-9,235,"February 6, 1985",us,6,University of Minnesota,/players/h/humphkr01.html
Damion James,Brooklyn Nets,NJN,10,SF,6-7,225,"October 7, 1987",us,R,University of Texas at Austin,/players/j/jamesda01.html
Brook Lopez,Brooklyn Nets,NJN,11,C,7-0,275,"April 1, 1988",us,2,Stanford University,/players/l/lopezbr01.html
Anthony Morrow,Brooklyn Nets,NJN,22,SG,6-5,210,"September 27, 1985",us,2,Georgia Institute of Technology,/players/m/morroan01.html
Troy Murphy,Brooklyn Nets,NJN,7,PF,6-11,245,"May 2, 1980",us,9,University of Notre Dame,/players/m/murphtr01.html
Travis Outlaw,Brooklyn Nets,NJN,21,SF,6-9,210,"September 18, 1984",us,7,,/players/o/outlatr01.html
Johan Petro,Brooklyn Nets,NJN,27,C,7-0,247,"January 27, 1986",fr,5,,/players/p/petrojo01.html
Quinton Ross,Brooklyn Nets,NJN,13,SF,6-6,195,"April 30, 1981",us,6,Southern Methodist University,/players/r/rossqu01.html
Joe Smith,Brooklyn Nets,NJN,8,PF,6-10,225,"July 26, 1975",us,15,University of Maryland,/players/s/smithjo02.html
Ben Uzoh,Brooklyn Nets,NJN,18,PG,6-3,205,"March 19, 1988",us,R,University of Tulsa,/players/u/uzohbe01.html
Sasha Vujacic,Brooklyn Nets,NJN,20,SG,6-7,195,"March 8, 1984",si,6,,/players/v/vujacsa01.html
Mario West,Brooklyn Nets,NJN,6,SG,6-5,210,"June 19, 1984",us,3,Georgia Institute of Technology,/players/w/westma02.html
Deron Williams,Brooklyn Nets,NJN,8,PG,6-3,200,"June 26, 1984",us,5,University of Illinois at Urbana-Champaign,/players/w/willide01.html
Terrence Williams,Brooklyn Nets,NJN,1,SG,6-6,220,"June 28, 1987",us,1,University of Louisville,/players/w/willite01.html
Brandan Wright,Brooklyn Nets,NJN,32,PF,6-10,210,"October 5, 1987",us,2,University of North Carolina,/players/w/wrighbr03.html
D.J. Augustin,Charlotte Hornets,CHA,14,PG,6-0,183,"November 10, 1987",us,2,University of Texas at Austin,/players/a/augusdj01.html
Derrick Brown,Charlotte Hornets,CHA,4,SF,6-7,225,"September 8, 1987",us,1,Xavier University,/players/b/brownde04.html
Kwame Brown,Charlotte Hornets,CHA,54,C,6-11,270,"March 10, 1982",us,9,,/players/b/brownkw01.html
Matt Carroll,Charlotte Hornets,CHA,33,SG,6-6,212,"August 28, 1980",us,7,University of Notre Dame,/players/c/carroma01.html
Sherron Collins,Charlotte Hornets,CHA,11,PG,5-11,205,"March 18, 1987",us,R,University of Kansas,/players/c/collish01.html
Dante Cunningham,Charlotte Hornets,CHA,44,PF,6-8,230,"April 22, 1987",us,1,Villanova University,/players/c/cunnida01.html
Boris Diaw,Charlotte Hornets,CHA,32,PF,6-8,250,"April 16, 1982",fr,7,,/players/d/diawbo01.html
DeSagana Diop,Charlotte Hornets,CHA,7,C,7-0,300,"January 30, 1982",sn,9,,/players/d/diopde01.html
Gerald Henderson,Charlotte Hornets,CHA,15,SG,6-5,215,"December 9, 1987",us,1,Duke University,/players/h/hendege02.html
Stephen Jackson,Charlotte Hornets,CHA,1,SG,6-8,218,"April 5, 1978",us,10,Butler County Community College,/players/j/jacksst02.html
Shaun Livingston,Charlotte Hornets,CHA,2,PG,6-7,192,"September 11, 1985",us,5,,/players/l/livinsh01.html
Dominic McGuire,Charlotte Hornets,CHA,5,SF,6-9,220,"October 20, 1985",us,3,"California State University, Fresno",/players/m/mcguido01.html
Nazr Mohammed,Charlotte Hornets,CHA,13,C,6-10,221,"September 5, 1977",us,12,University of Kentucky,/players/m/mohamna01.html
Eduardo Najera,Charlotte Hornets,CHA,21,PF,6-8,240,"July 11, 1976",mx,10,University of Oklahoma,/players/n/najered01.html
Joel Przybilla,Charlotte Hornets,CHA,10,C,7-1,255,"October 10, 1979",us,10,University of Minnesota,/players/p/przybjo01.html
Garrett Temple,Charlotte Hornets,CHA,41,PG,6-6,195,"May 8, 1986",us,1,Louisiana State University,/players/t/templga01.html
Tyrus Thomas,Charlotte Hornets,CHA,12,C,6-9,215,"August 17, 1986",us,4,Louisiana State University,/players/t/thomaty01.html
Gerald Wallace,Charlotte Hornets,CHA,3,SF,6-7,215,"July 23, 1982",us,9,University of Alabama,/players/w/wallage01.html
D.J. White,Charlotte Hornets,CHA,8,C,6-9,251,"August 31, 1986",us,2,Indiana University,/players/w/whitedj01.html
Omer Asik,Chicago Bulls,CHI,3,C,7-0,255,"July 4, 1986",tr,R,,/players/a/asikom01.html
Keith Bogans,Chicago Bulls,CHI,6,SG,6-5,215,"May 12, 1980",us,7,University of Kentucky,/players/b/boganke01.html
Carlos Boozer,Chicago Bulls,CHI,5,C,6-9,258,"November 20, 1981",de,8,Duke University,/players/b/boozeca01.html
Ronnie Brewer,Chicago Bulls,CHI,11,SG,6-7,220,"March 20, 1985",us,4,University of Arkansas,/players/b/brewero02.html
Rasual Butler,Chicago Bulls,CHI,45,SG,6-7,215,"May 23, 1979",us,8,La Salle University,/players/b/butlera01.html
Luol Deng,Chicago Bulls,CHI,9,SF,6-9,220,"April 16, 1985",ss,6,Duke University,/players/d/denglu01.html
Taj Gibson,Chicago Bulls,CHI,22,PF,6-9,225,"June 24, 1985",us,1,University of Southern California,/players/g/gibsota01.html
James Johnson,Chicago Bulls,CHI,16,SF,6-9,250,"February 20, 1987",us,1,Wake Forest University,/players/j/johnsja01.html
Kyle Korver,Chicago Bulls,CHI,26,SG,6-7,212,"March 17, 1981",us,7,Creighton University,/players/k/korveky01.html
John Lucas III,Chicago Bulls,CHI,15,PG,5-11,166,"November 21, 1982",us,2,Oklahoma State University,/players/l/lucasjo02.html
Joakim Noah,Chicago Bulls,CHI,13,C,6-11,230,"February 25, 1985",us,3,University of Florida,/players/n/noahjo01.html
Derrick Rose,Chicago Bulls,CHI,1,PG,6-3,190,"October 4, 1988",us,2,University of Memphis,/players/r/rosede01.html
Brian Scalabrine,Chicago Bulls,CHI,24,PF,6-9,241,"March 18, 1978",us,9,University of Southern California,/players/s/scalabr01.html
Kurt Thomas,Chicago Bulls,CHI,40,PF,6-9,230,"October 4, 1972",us,15,Texas Christian University,/players/t/thomaku01.html
C.J. Watson,Chicago Bulls,CHI,32,PG,6-2,175,"April 17, 1984",us,3,University of Tennessee,/players/w/watsocj01.html
Baron Davis,Cleveland Cavaliers,CLE,85,PG,6-3,209,"April 13, 1979",us,11,"University of California, Los Angeles",/players/d/davisba01.html
Semih Erden,Cleveland Cavaliers,CLE,9,C,7-0,240,"July 28, 1986",tr,R,,/players/e/erdense01.html
Christian Eyenga,Cleveland Cavaliers,CLE,8,SF,6-5,210,"June 22, 1989",cd,R,,/players/e/eyengch01.html
Alonzo Gee,Cleveland Cavaliers,CLE,33,SG,6-6,225,"May 29, 1987",us,1,University of Alabama,/players/g/geeal01.html
Daniel Gibson,Cleveland Cavaliers,CLE,1,SG,6-2,190,"February 27, 1986",us,4,University of Texas at Austin,/players/g/gibsoda01.html
Joey Graham,Cleveland Cavaliers,CLE,12,SF,6-7,225,"June 11, 1982",us,5,Oklahoma State University,/players/g/grahajo01.html
Luke Harangody,Cleveland Cavaliers,CLE,44,PF,6-8,246,"January 2, 1988",us,R,University of Notre Dame,/players/h/haranlu01.html
Manny Harris,Cleveland Cavaliers,CLE,6,SG,6-5,185,"September 21, 1989",us,R,University of Michigan,/players/h/harrima01.html
J.J. Hickson,Cleveland Cavaliers,CLE,21,C,6-9,242,"September 4, 1988",us,2,North Carolina State University,/players/h/hicksjj01.html
Ryan Hollins,Cleveland Cavaliers,CLE,5,C,7-0,240,"October 10, 1984",us,4,"University of California, Los Angeles",/players/h/holliry01.html
Antawn Jamison,Cleveland Cavaliers,CLE,4,PF,6-8,223,"June 12, 1976",us,12,University of North Carolina,/players/j/jamisan01.html
Jamario Moon,Cleveland Cavaliers,CLE,15,SF,6-8,205,"June 13, 1980",us,3,Meridian Community College,/players/m/moonja01.html
Anthony Parker,Cleveland Cavaliers,CLE,18,SF,6-6,215,"June 19, 1975",us,7,Bradley University,/players/p/parkean01.html
Leon Powe,Cleveland Cavaliers,CLE,44,PF,6-8,240,"January 22, 1984",us,4,University of California,/players/p/powele01.html
Samardo Samuels,Cleveland Cavaliers,CLE,24,PF,6-9,260,"January 9, 1989",jm,R,University of Louisville,/players/s/samuesa01.html
Ramon Sessions,Cleveland Cavaliers,CLE,3,PG,6-3,190,"April 11, 1986",us,3,"University of Nevada, Reno",/players/s/sessira01.html
Anderson Varejao,Cleveland Cavaliers,CLE,17,C,6-10,273,"September 28, 1982",br,6,,/players/v/varejan01.html
Jawad Williams,Cleveland Cavaliers,CLE,31,SF,6-9,218,"February 19, 1983",us,2,University of North Carolina,/players/w/willija04.html
Mo Williams,Cleveland Cavaliers,CLE,2,PG,6-1,198,"December 19, 1982",us,7,University of Alabama,/players/w/willima01.html
Alexis Ajinca,Dallas Mavericks,DAL,8,C,7-2,248,"May 6, 1988",fr,2,,/players/a/ajincal01.html
J.J. Barea,Dallas Mavericks,DAL,11,PG,6-0,185,"June 26, 1984",pr,4,Northeastern University,/players/b/bareajo01.html
Rodrigue Beaubois,Dallas Mavericks,DAL,3,PG,6-0,170,"February 24, 1988",gp,1,,/players/b/beaubro01.html
Corey Brewer,Dallas Mavericks,DAL,13,SG,6-9,186,"March 5, 1986",us,3,University of Florida,/players/b/breweco01.html
Caron Butler,Dallas Mavericks,DAL,4,SF,6-7,228,"March 13, 1980",us,8,University of Connecticut,/players/b/butleca01.html
Brian Cardinal,Dallas Mavericks,DAL,35,SF,6-8,245,"May 2, 1977",us,10,Purdue University,/players/c/cardibr01.html
Tyson Chandler,Dallas Mavericks,DAL,6,C,7-1,240,"October 2, 1982",us,9,,/players/c/chandty01.html
Brendan Haywood,Dallas Mavericks,DAL,33,C,7-0,268,"November 27, 1979",us,9,University of North Carolina,/players/h/haywobr01.html
Dominique Jones,Dallas Mavericks,DAL,20,SG,6-4,215,"October 15, 1988",us,R,University of South Florida,/players/j/jonesdo02.html
Jason Kidd,Dallas Mavericks,DAL,2,PG,6-4,205,"March 23, 1973",us,16,University of California,/players/k/kiddja01.html
Ian Mahinmi,Dallas Mavericks,DAL,28,C,6-11,250,"November 5, 1986",fr,2,,/players/m/mahinia01.html
Shawn Marion,Dallas Mavericks,DAL,0,SF,6-7,220,"May 7, 1978",us,11,"University of Nevada, Las Vegas",/players/m/mariosh01.html
Steve Novak,Dallas Mavericks,DAL,21,SF,6-10,225,"June 13, 1983",us,4,Marquette University,/players/n/novakst01.html
Dirk Nowitzki,Dallas Mavericks,DAL,41,PF,7-0,245,"June 19, 1978",de,12,,/players/n/nowitdi01.html
Sasha Pavlovic,Dallas Mavericks,DAL,7,SF,6-8,220,"November 15, 1983",me,7,,/players/p/pavloal01.html
DeShawn Stevenson,Dallas Mavericks,DAL,92,SG,6-5,210,"April 3, 1981",us,10,,/players/s/stevede01.html
Peja Stojakovic,Dallas Mavericks,DAL,16,SF,6-9,220,"June 9, 1977",hr,12,,/players/s/stojape01.html
Jason Terry,Dallas Mavericks,DAL,31,SG,6-2,185,"September 15, 1977",us,11,University of Arizona,/players/t/terryja01.html
Arron Afflalo,Denver Nuggets,DEN,6,SG,6-5,210,"October 15, 1985",us,3,"University of California, Los Angeles",/players/a/afflaar01.html
Chris Andersen,Denver Nuggets,DEN,11,C,6-10,245,"July 7, 1978",us,8,Blinn College,/players/a/anderch01.html
Carmelo Anthony,Denver Nuggets,DEN,15,SF,6-8,240,"May 29, 1984",us,7,Syracuse University,/players/a/anthoca01.html
Renaldo Balkman,Denver Nuggets,DEN,32,SF,6-8,208,"July 14, 1984",us,4,University of South Carolina,/players/b/balkmre01.html
Chauncey Billups,Denver Nuggets,DEN,1,PG,6-3,202,"September 25, 1976",us,13,University of Colorado,/players/b/billuch01.html
Anthony Carter,Denver Nuggets,DEN,25,PG,6-1,190,"June 16, 1975",us,11,University of Hawaii,/players/c/cartean01.html
Wilson Chandler,Denver Nuggets,DEN,21,SF,6-8,225,"May 10, 1987",us,3,DePaul University,/players/c/chandwi01.html
Melvin Ely,Denver Nuggets,DEN,34,C,6-10,260,"May 2, 1978",us,7,"California State University, Fresno",/players/e/elyme01.html
Raymond Felton,Denver Nuggets,DEN,20,SG,6-1,205,"June 26, 1984",us,5,University of North Carolina,/players/f/feltora01.html
Gary Forbes,Denver Nuggets,DEN,0,SF,6-7,220,"February 25, 1985",pa,R,University of Massachusetts Amherst,/players/f/forbega01.html
Danilo Gallinari,Denver Nuggets,DEN,8,SF,6-10,225,"August 8, 1988",it,2,,/players/g/gallida01.html
Al Harrington,Denver Nuggets,DEN,7,PF,6-9,230,"February 17, 1980",us,12,,/players/h/harrial01.html
Nene Hilario,Denver Nuggets,DEN,31,C,6-11,250,"September 13, 1982",br,8,,/players/h/hilarne01.html
Kosta Koufos,Denver Nuggets,DEN,41,C,7-0,265,"February 24, 1989",us,2,Ohio State University,/players/k/koufoko01.html
Ty Lawson,Denver Nuggets,DEN,3,PG,5-11,195,"November 3, 1987",us,1,University of North Carolina,/players/l/lawsoty01.html
Kenyon Martin,Denver Nuggets,DEN,4,PF,6-9,234,"December 30, 1977",us,10,University of Cincinnati,/players/m/martike01.html
Timofey Mozgov,Denver Nuggets,DEN,25,C,7-1,275,"July 16, 1986",ru,R,,/players/m/mozgoti01.html
J.R. Smith,Denver Nuggets,DEN,5,SF,6-6,225,"September 9, 1985",us,6,,/players/s/smithjr01.html
Shelden Williams,Denver Nuggets,DEN,23,PF,6-9,250,"October 21, 1983",us,4,Duke University,/players/w/willish02.html
Will Bynum,Detroit Pistons,DET,12,PG,6-0,185,"January 4, 1983",us,3,Georgia Institute of Technology,/players/b/bynumwi01.html
Austin Daye,Detroit Pistons,DET,5,SF,6-11,220,"June 5, 1988",us,1,Gonzaga University,/players/d/dayeau01.html
Ben Gordon,Detroit Pistons,DET,7,SG,6-3,200,"April 4, 1983",gb,6,University of Connecticut,/players/g/gordobe01.html
Richard Hamilton,Detroit Pistons,DET,32,SG,6-6,185,"February 14, 1978",us,11,University of Connecticut,/players/h/hamilri01.html
Jason Maxiell,Detroit Pistons,DET,54,PF,6-7,260,"February 18, 1983",us,5,University of Cincinnati,/players/m/maxieja01.html
Tracy McGrady,Detroit Pistons,DET,1,SG,6-8,210,"May 24, 1979",us,13,,/players/m/mcgratr01.html
Greg Monroe,Detroit Pistons,DET,10,C,6-11,265,"June 4, 1990",us,R,Georgetown University,/players/m/monrogr01.html
Tayshaun Prince,Detroit Pistons,DET,22,SF,6-9,212,"February 28, 1980",us,8,University of Kentucky,/players/p/princta01.html
Rodney Stuckey,Detroit Pistons,DET,3,PG,6-5,210,"April 21, 1986",us,3,Eastern Washington University,/players/s/stuckro01.html
DaJuan Summers,Detroit Pistons,DET,35,SF,6-8,230,"January 24, 1988",us,1,Georgetown University,/players/s/summeda01.html
Charlie Villanueva,Detroit Pistons,DET,31,PF,6-11,232,"August 24, 1984",us,5,University of Connecticut,/players/v/villach01.html
Ben Wallace,Detroit Pistons,DET,6,C,6-9,240,"September 10, 1974",us,14,Virginia Union University,/players/w/wallabe01.html
Chris Wilcox,Detroit Pistons,DET,9,PF,6-10,221,"September 3, 1982",us,8,University of Maryland,/players/w/wilcoch01.html
Jeff Adrien,Golden State Warriors,GSW,4,PF,6-7,245,"February 10, 1986",us,R,University of Connecticut,/players/a/adrieje01.html
Lou Amundson,Golden State Warriors,GSW,19,PF,6-9,220,"December 7, 1982",us,4,"University of Nevada, Las Vegas",/players/a/amundlo01.html
Charlie Bell,Golden State Warriors,GSW,34,SG,6-3,200,"March 12, 1979",us,6,Michigan State University,/players/b/bellch01.html
Andris Biedrins,Golden State Warriors,GSW,15,C,6-11,240,"April 2, 1986",lv,6,,/players/b/biedran01.html
Rodney Carney,Golden State Warriors,GSW,25,SF,6-7,205,"April 15, 1984",us,4,University of Memphis,/players/c/carnero01.html
Stephen Curry,Golden State Warriors,GSW,30,PG,6-3,190,"March 14, 1988",us,1,Davidson College,/players/c/curryst01.html
Monta Ellis,Golden State Warriors,GSW,8,SG,6-3,185,"October 26, 1985",us,5,,/players/e/ellismo01.html
Dan Gadzuric,Golden State Warriors,GSW,50,C,6-11,240,"February 2, 1978",nl,8,"University of California, Los Angeles",/players/g/gadzuda01.html
Acie Law,Golden State Warriors,GSW,2,PG,6-3,195,"January 25, 1985",us,3,Texas A&M University,/players/l/lawac01.html
David Lee,Golden State Warriors,GSW,10,PF,6-9,245,"April 29, 1983",us,5,University of Florida,/players/l/leeda02.html
Jeremy Lin,Golden State Warriors,GSW,7,PG,6-3,200,"August 23, 1988",us,R,Harvard University,/players/l/linje01.html
Vladimir Radmanovic,Golden State Warriors,GSW,77,PF,6-10,227,"November 19, 1980",ba,9,,/players/r/radmavl01.html
Al Thornton,Golden State Warriors,GSW,23,PF,6-8,220,"December 7, 1983",us,3,Florida State University,/players/t/thornal01.html
Ekpe Udoh,Golden State Warriors,GSW,20,C,6-10,240,"May 20, 1987",us,R,Baylor University,/players/u/udohek01.html
Reggie Williams,Golden State Warriors,GSW,55,SF,6-6,205,"September 14, 1986",us,1,Virginia Military Institute,/players/w/willire02.html
Brandan Wright,Golden State Warriors,GSW,32,PF,6-10,210,"October 5, 1987",us,2,University of North Carolina,/players/w/wrighbr03.html
Dorell Wright,Golden State Warriors,GSW,1,SF,6-9,205,"December 2, 1985",us,6,,/players/w/wrighdo01.html
Shane Battier,Houston Rockets,HOU,31,SF,6-8,220,"September 9, 1978",us,9,Duke University,/players/b/battish01.html
Aaron Brooks,Houston Rockets,HOU,0,PG,6-0,161,"January 14, 1985",us,3,University of Oregon,/players/b/brookaa01.html
Chase Budinger,Houston Rockets,HOU,10,SF,6-7,209,"May 22, 1988",us,1,University of Arizona,/players/b/budinch01.html
DeMarre Carroll,Houston Rockets,HOU,0,PF,6-8,215,"July 27, 1986",us,1,University of Missouri,/players/c/carrode01.html
Goran Dragic,Houston Rockets,HOU,3,PG,6-3,190,"May 6, 1986",si,2,,/players/d/dragigo01.html
Mike Harris,Houston Rockets,HOU,33,PF,6-6,240,"June 15, 1983",us,2,Rice University,/players/h/harrimi01.html
Chuck Hayes,Houston Rockets,HOU,44,C,6-6,240,"June 11, 1983",us,5,University of Kentucky,/players/h/hayesch01.html
Jordan Hill,Houston Rockets,HOU,27,C,6-10,235,"July 27, 1987",us,1,University of Arizona,/players/h/hilljo01.html
Jared Jeffries,Houston Rockets,HOU,20,PF,6-11,230,"November 25, 1981",us,8,Indiana University,/players/j/jeffrja01.html
Courtney Lee,Houston Rockets,HOU,5,SG,6-5,200,"October 3, 1985",us,2,Western Kentucky University,/players/l/leeco01.html
Kyle Lowry,Houston Rockets,HOU,7,PG,6-1,196,"March 25, 1986",us,4,Villanova University,/players/l/lowryky01.html
Kevin Martin,Houston Rockets,HOU,12,SG,6-7,199,"February 1, 1983",us,6,Western Carolina University,/players/m/martike02.html
Brad Miller,Houston Rockets,HOU,52,C,6-11,244,"April 12, 1976",us,12,Purdue University,/players/m/millebr01.html
Yao Ming,Houston Rockets,HOU,11,C,7-6,310,"September 12, 1980",cn,7,,/players/m/mingya01.html
Patrick Patterson,Houston Rockets,HOU,54,PF,6-9,230,"March 14, 1989",us,R,University of Kentucky,/players/p/pattepa01.html
Luis Scola,Houston Rockets,HOU,4,PF,6-9,240,"April 30, 1980",ar,3,,/players/s/scolalu01.html
Ish Smith,Houston Rockets,HOU,13,PG,6-0,175,"July 5, 1988",us,R,Wake Forest University,/players/s/smithis01.html
Jermaine Taylor,Houston Rockets,HOU,8,SG,6-4,210,"December 8, 1986",us,1,University of Central Florida,/players/t/tayloje02.html
Hasheem Thabeet,Houston Rockets,HOU,32,C,7-3,263,"February 16, 1987",tz,1,University of Connecticut,/players/t/thabeha01.html
Terrence Williams,Houston Rockets,HOU,1,SG,6-6,220,"June 28, 1987",us,1,University of Louisville,/players/w/willite01.html
Darren Collison,Indiana Pacers,IND,2,PG,6-0,175,"August 23, 1987",us,1,"University of California, Los Angeles",/players/c/collida01.html
Mike Dunleavy,Indiana Pacers,IND,17,SG,6-9,230,"September 15, 1980",us,8,Duke University,/players/d/dunlemi02.html
T.J. Ford,Indiana Pacers,IND,5,PG,6-0,165,"March 24, 1983",us,6,University of Texas at Austin,/players/f/fordtj01.html
Jeff Foster,Indiana Pacers,IND,10,C,6-11,236,"January 16, 1977",us,11,Texas State University,/players/f/fosteje01.html
Paul George,Indiana Pacers,IND,24,SG,6-9,220,"May 2, 1990",us,R,"California State University, Fresno",/players/g/georgpa01.html
Danny Granger,Indiana Pacers,IND,33,SF,6-9,222,"April 20, 1983",us,5,University of New Mexico,/players/g/grangda01.html
Tyler Hansbrough,Indiana Pacers,IND,50,PF,6-9,250,"November 3, 1985",us,1,University of North Carolina,/players/h/hansbty01.html
Roy Hibbert,Indiana Pacers,IND,55,C,7-2,270,"December 11, 1986",us,2,Georgetown University,/players/h/hibbero01.html
Dahntay Jones,Indiana Pacers,IND,1,SG,6-6,225,"December 27, 1980",us,7,Duke University,/players/j/jonesda02.html
Solomon Jones,Indiana Pacers,IND,44,C,6-10,230,"July 16, 1984",us,4,University of South Florida,/players/j/jonesso01.html
Josh McRoberts,Indiana Pacers,IND,32,PF,6-10,240,"February 28, 1987",us,3,Duke University,/players/m/mcrobjo01.html
James Posey,Indiana Pacers,IND,41,SF,6-8,215,"January 13, 1977",us,11,Xavier University,/players/p/poseyja01.html
A.J. Price,Indiana Pacers,IND,12,PG,6-2,181,"October 7, 1986",us,1,University of Connecticut,/players/p/priceaj01.html
Brandon Rush,Indiana Pacers,IND,25,SG,6-6,220,"July 7, 1985",us,2,University of Kansas,/players/r/rushbr01.html
Lance Stephenson,Indiana Pacers,IND,6,SG,6-5,230,"September 5, 1990",us,R,University of Cincinnati,/players/s/stephla01.html
Al-Farouq Aminu,Los Angeles Clippers,LAC,3,SF,6-9,220,"September 21, 1990",us,R,Wake Forest University,/players/a/aminual01.html
Eric Bledsoe,Los Angeles Clippers,LAC,12,PG,6-1,190,"December 9, 1989",us,R,University of Kentucky,/players/b/bledser01.html
Rasual Butler,Los Angeles Clippers,LAC,45,SG,6-7,215,"May 23, 1979",us,8,La Salle University,/players/b/butlera01.html
Jarron Collins,Los Angeles Clippers,LAC,31,C,6-11,255,"December 2, 1978",us,9,Stanford University,/players/c/collija03.html
Brian Cook,Los Angeles Clippers,LAC,34,PF,6-9,234,"December 4, 1980",us,7,University of Illinois at Urbana-Champaign,/players/c/cookbr01.html
Baron Davis,Los Angeles Clippers,LAC,5,PG,6-3,209,"April 13, 1979",us,11,"University of California, Los Angeles",/players/d/davisba01.html
Ike Diogu,Los Angeles Clippers,LAC,50,PF,6-8,250,"September 11, 1983",us,4,Arizona State University,/players/d/dioguik01.html
Randy Foye,Los Angeles Clippers,LAC,4,SG,6-4,213,"September 24, 1983",us,4,Villanova University,/players/f/foyera01.html
Ryan Gomes,Los Angeles Clippers,LAC,15,SF,6-7,250,"September 1, 1982",us,5,Providence College,/players/g/gomesry01.html
Eric Gordon,Los Angeles Clippers,LAC,10,SG,6-4,215,"December 25, 1988",us,2,Indiana University,/players/g/gordoer01.html
Blake Griffin,Los Angeles Clippers,LAC,32,PF,6-10,251,"March 16, 1989",us,R,University of Oklahoma,/players/g/griffbl01.html
DeAndre Jordan,Los Angeles Clippers,LAC,9,C,6-11,265,"July 21, 1988",us,2,Texas A&M University,/players/j/jordade01.html
Chris Kaman,Los Angeles Clippers,LAC,35,C,7-0,265,"April 28, 1982",us,7,Central Michigan University,/players/k/kamanch01.html
Jamario Moon,Los Angeles Clippers,LAC,8,SF,6-8,205,"June 13, 1980",us,3,Meridian Community College,/players/m/moonja01.html
Craig Smith,Los Angeles Clippers,LAC,1,PF,6-7,250,"November 10, 1983",us,4,Boston College,/players/s/smithcr01.html
Willie Warren,Los Angeles Clippers,LAC,13,PG,6-4,203,"October 22, 1989",us,R,University of Oklahoma,/players/w/warrewi01.html
Mo Williams,Los Angeles Clippers,LAC,25,PG,6-1,198,"December 19, 1982",us,7,University of Alabama,/players/w/willima01.html
Matt Barnes,Los Angeles Lakers,LAL,9,SF,6-7,226,"March 9, 1980",us,7,"University of California, Los Angeles",/players/b/barnema02.html
Steve Blake,Los Angeles Lakers,LAL,5,PG,6-3,172,"February 26, 1980",us,7,University of Maryland,/players/b/blakest01.html
Shannon Brown,Los Angeles Lakers,LAL,12,SG,6-4,205,"November 29, 1985",us,4,Michigan State University,/players/b/brownsh01.html
Kobe Bryant,Los Angeles Lakers,LAL,24,SG,6-6,212,"August 23, 1978",us,14,,/players/b/bryanko01.html
Andrew Bynum,Los Angeles Lakers,LAL,17,C,7-0,285,"October 27, 1987",us,5,,/players/b/bynuman01.html
Derrick Caracter,Los Angeles Lakers,LAL,45,C,6-9,275,"May 4, 1988",us,R,University of Texas at El Paso,/players/c/caracde01.html
Devin Ebanks,Los Angeles Lakers,LAL,3,SG,6-9,215,"October 28, 1989",us,R,West Virginia University,/players/e/ebankde01.html
Derek Fisher,Los Angeles Lakers,LAL,2,PG,6-1,200,"August 9, 1974",us,14,University of Arkansas at Little Rock,/players/f/fishede01.html
Pau Gasol,Los Angeles Lakers,LAL,16,C,7-0,250,"July 6, 1980",es,9,,/players/g/gasolpa01.html
Trey Johnson,Los Angeles Lakers,LAL,10,SG,6-5,218,"August 30, 1984",us,1,Jackson State University,/players/j/johnstr01.html
Lamar Odom,Los Angeles Lakers,LAL,7,PF,6-10,220,"November 6, 1979",us,11,University of Rhode Island,/players/o/odomla01.html
Theo Ratliff,Los Angeles Lakers,LAL,50,C,6-10,225,"April 17, 1973",us,15,University of Wyoming,/players/r/ratlith01.html
Joe Smith,Los Angeles Lakers,LAL,1,PF,6-10,225,"July 26, 1975",us,15,University of Maryland,/players/s/smithjo02.html
Sasha Vujacic,Los Angeles Lakers,LAL,18,SG,6-7,195,"March 8, 1984",si,6,,/players/v/vujacsa01.html
Luke Walton,Los Angeles Lakers,LAL,4,SF,6-8,235,"March 28, 1980",us,7,University of Arizona,/players/w/waltolu01.html
Metta World Peace,Los Angeles Lakers,LAL,15,SF,6-6,260,"November 13, 1979",us,11,St. John's University,/players/a/artesro01.html
Tony Allen,Memphis Grizzlies,MEM,9,SG,6-4,213,"January 11, 1982",us,6,Oklahoma State University,/players/a/allento01.html
Darrell Arthur,Memphis Grizzlies,MEM,00,PF,6-9,235,"March 25, 1988",us,2,University of Kansas,/players/a/arthuda01.html
Shane Battier,Memphis Grizzlies,MEM,31,SF,6-8,220,"September 9, 1978",us,9,Duke University,/players/b/battish01.html
Rodney Carney,Memphis Grizzlies,MEM,10,SF,6-7,205,"April 15, 1984",us,4,University of Memphis,/players/c/carnero01.html
DeMarre Carroll,Memphis Grizzlies,MEM,1,PF,6-8,215,"July 27, 1986",us,1,University of Missouri,/players/c/carrode01.html
Mike Conley,Memphis Grizzlies,MEM,11,PG,6-1,175,"October 11, 1987",us,3,Ohio State University,/players/c/conlemi01.html
Marc Gasol,Memphis Grizzlies,MEM,33,C,7-1,255,"January 29, 1985",es,2,,/players/g/gasolma01.html
Rudy Gay,Memphis Grizzlies,MEM,22,SF,6-8,230,"August 17, 1986",us,4,University of Connecticut,/players/g/gayru01.html
Hamed Haddadi,Memphis Grizzlies,MEM,15,C,7-2,254,"May 19, 1985",ir,2,,/players/h/haddaha01.html
Xavier Henry,Memphis Grizzlies,MEM,13,SG,6-6,220,"March 15, 1991",be,R,University of Kansas,/players/h/henryxa01.html
Acie Law,Memphis Grizzlies,MEM,2,PG,6-3,195,"January 25, 1985",us,3,Texas A&M University,/players/l/lawac01.html
O.J. Mayo,Memphis Grizzlies,MEM,32,SG,6-5,210,"November 5, 1987",us,2,University of Southern California,/players/m/mayooj01.html
Leon Powe,Memphis Grizzlies,MEM,7,C,6-8,240,"January 22, 1984",us,4,University of California,/players/p/powele01.html
Zach Randolph,Memphis Grizzlies,MEM,50,PF,6-9,260,"July 16, 1981",us,9,Michigan State University,/players/r/randoza01.html
Ish Smith,Memphis Grizzlies,MEM,5,PG,6-0,175,"July 5, 1988",us,R,Wake Forest University,/players/s/smithis01.html
Hasheem Thabeet,Memphis Grizzlies,MEM,34,C,7-3,263,"February 16, 1987",tz,1,University of Connecticut,/players/t/thabeha01.html
Greivis Vasquez,Memphis Grizzlies,MEM,21,SG,6-6,217,"January 16, 1987",ve,R,University of Maryland,/players/v/vasqugr01.html
Jason Williams,Memphis Grizzlies,MEM,3,PG,6-1,190,"November 18, 1975",us,11,University of Florida,/players/w/willija02.html
Sam Young,Memphis Grizzlies,MEM,4,SF,6-6,220,"June 1, 1985",us,1,University of Pittsburgh,/players/y/youngsa01.html
Joel Anthony,Miami Heat,MIA,50,C,6-9,245,"August 9, 1982",ca,3,"University of Nevada, Las Vegas",/players/a/anthojo01.html
Carlos Arroyo,Miami Heat,MIA,8,PG,6-2,202,"July 30, 1979",pr,8,Florida International University,/players/a/arroyca01.html
Mike Bibby,Miami Heat,MIA,0,PG,6-1,190,"May 13, 1978",us,12,University of Arizona,/players/b/bibbymi01.html
Chris Bosh,Miami Heat,MIA,1,PF,6-11,235,"March 24, 1984",us,7,Georgia Institute of Technology,/players/b/boshch01.html
Mario Chalmers,Miami Heat,MIA,15,PG,6-2,190,"May 19, 1986",us,2,University of Kansas,/players/c/chalmma01.html
Erick Dampier,Miami Heat,MIA,25,C,6-11,265,"July 14, 1975",us,14,Mississippi State University,/players/d/dampier01.html
Udonis Haslem,Miami Heat,MIA,40,PF,6-8,235,"June 9, 1980",us,7,University of Florida,/players/h/hasleud01.html
Eddie House,Miami Heat,MIA,55,SG,6-1,180,"May 14, 1978",us,10,Arizona State University,/players/h/houseed01.html
Juwan Howard,Miami Heat,MIA,5,PF,6-9,240,"February 7, 1973",us,16,University of Michigan,/players/h/howarju01.html
Zydrunas Ilgauskas,Miami Heat,MIA,11,C,7-3,238,"June 5, 1975",lt,12,,/players/i/ilgauzy01.html
LeBron James,Miami Heat,MIA,6,SF,6-8,250,"December 30, 1984",us,7,,/players/j/jamesle01.html
James Jones,Miami Heat,MIA,22,SF,6-8,218,"October 4, 1980",us,7,University of Miami,/players/j/jonesja02.html
Jamaal Magloire,Miami Heat,MIA,21,C,6-11,259,"May 21, 1978",ca,10,University of Kentucky,/players/m/magloja01.html
Mike Miller,Miami Heat,MIA,13,SG,6-8,218,"February 19, 1980",us,10,University of Florida,/players/m/millemi01.html
Dexter Pittman,Miami Heat,MIA,45,C,6-11,308,"March 2, 1988",us,R,University of Texas at Austin,/players/p/pittmde01.html
Jerry Stackhouse,Miami Heat,MIA,42,SG,6-6,218,"November 5, 1974",us,15,University of North Carolina,/players/s/stackje01.html
Dwyane Wade,Miami Heat,MIA,3,SG,6-4,220,"January 17, 1982",us,7,Marquette University,/players/w/wadedw01.html
Earl Barron,Milwaukee Bucks,MIL,30,C,7-0,250,"August 14, 1981",us,4,University of Memphis,/players/b/barroea01.html
Andrew Bogut,Milwaukee Bucks,MIL,6,C,7-0,260,"November 28, 1984",au,5,University of Utah,/players/b/bogutan01.html
Earl Boykins,Milwaukee Bucks,MIL,11,PG,5-5,135,"June 2, 1976",us,11,Eastern Michigan University,/players/b/boykiea01.html
Jon Brockman,Milwaukee Bucks,MIL,40,C,6-7,255,"March 20, 1987",us,1,University of Washington,/players/b/brockjo01.html
Carlos Delfino,Milwaukee Bucks,MIL,10,SF,6-6,230,"August 29, 1982",ar,5,,/players/d/delfica01.html
Keyon Dooling,Milwaukee Bucks,MIL,55,PG,6-3,196,"May 8, 1980",us,10,University of Missouri,/players/d/doolike01.html
Chris Douglas-Roberts,Milwaukee Bucks,MIL,17,SF,6-7,200,"January 8, 1987",us,2,University of Memphis,/players/d/douglch01.html
Drew Gooden,Milwaukee Bucks,MIL,0,PF,6-10,250,"September 24, 1981",us,8,University of Kansas,/players/g/goodedr01.html
Ersan Ilyasova,Milwaukee Bucks,MIL,7,PF,6-10,235,"May 15, 1987",tr,2,,/players/i/ilyaser01.html
Brandon Jennings,Milwaukee Bucks,MIL,3,PG,6-1,170,"September 23, 1989",us,1,,/players/j/jennibr01.html
Corey Maggette,Milwaukee Bucks,MIL,5,SF,6-6,218,"November 12, 1979",us,11,Duke University,/players/m/maggeco01.html
Luc Mbah a Moute,Milwaukee Bucks,MIL,12,PF,6-8,230,"September 9, 1986",cm,2,"University of California, Los Angeles",/players/m/mbahalu01.html
Michael Redd,Milwaukee Bucks,MIL,22,SG,6-6,220,"August 24, 1979",us,10,Ohio State University,/players/r/reddmi01.html
John Salmons,Milwaukee Bucks,MIL,15,SG,6-7,210,"December 12, 1979",us,8,University of Miami,/players/s/salmojo01.html
Larry Sanders,Milwaukee Bucks,MIL,8,C,6-11,235,"November 21, 1988",us,R,Virginia Commonwealth University,/players/s/sandela01.html
Brian Skinner,Milwaukee Bucks,MIL,54,C,6-9,255,"May 19, 1976",us,12,Baylor University,/players/s/skinnbr01.html
Garrett Temple,Milwaukee Bucks,MIL,41,SG,6-6,195,"May 8, 1986",us,1,Louisiana State University,/players/t/templga01.html
Maurice Ager,Minnesota Timberwolves,MIN,15,SG,6-5,202,"February 9, 1984",us,3,Michigan State University,/players/a/agerma01.html
Michael Beasley,Minnesota Timberwolves,MIN,8,SF,6-9,235,"January 9, 1989",us,2,Kansas State University,/players/b/beaslmi01.html
Corey Brewer,Minnesota Timberwolves,MIN,22,SF,6-9,186,"March 5, 1986",us,3,University of Florida,/players/b/breweco01.html
Wayne Ellington,Minnesota Timberwolves,MIN,19,SG,6-4,200,"October 29, 1987",us,1,University of North Carolina,/players/e/ellinwa01.html
Jonny Flynn,Minnesota Timberwolves,MIN,10,PG,6-0,185,"February 6, 1989",us,1,Syracuse University,/players/f/flynnjo01.html
Sundiata Gaines,Minnesota Timberwolves,MIN,1,PG,6-1,185,"April 18, 1986",us,1,University of Georgia,/players/g/gainesu01.html
Lazar Hayward,Minnesota Timberwolves,MIN,32,SF,6-6,225,"November 26, 1986",us,R,Marquette University,/players/h/haywala01.html
Wesley Johnson,Minnesota Timberwolves,MIN,4,SG,6-7,215,"July 11, 1987",us,R,Syracuse University,/players/j/johnswe01.html
Kosta Koufos,Minnesota Timberwolves,MIN,41,C,7-0,265,"February 24, 1989",us,2,Ohio State University,/players/k/koufoko01.html
Kevin Love,Minnesota Timberwolves,MIN,42,PF,6-10,251,"September 7, 1988",us,2,"University of California, Los Angeles",/players/l/loveke01.html
Darko Milicic,Minnesota Timberwolves,MIN,31,C,7-0,250,"June 20, 1985",rs,7,,/players/m/milicda01.html
Nikola Pekovic,Minnesota Timberwolves,MIN,14,C,6-11,307,"January 3, 1986",me,R,,/players/p/pekovni01.html
Anthony Randolph,Minnesota Timberwolves,MIN,15,C,6-10,205,"July 15, 1989",de,2,Louisiana State University,/players/r/randoan01.html
Luke Ridnour,Minnesota Timberwolves,MIN,13,PG,6-2,175,"February 13, 1981",us,7,University of Oregon,/players/r/ridnolu01.html
Sebastian Telfair,Minnesota Timberwolves,MIN,3,PG,6-0,165,"June 9, 1985",us,6,,/players/t/telfase01.html
Anthony Tolliver,Minnesota Timberwolves,MIN,44,SF,6-8,240,"June 1, 1985",us,2,Creighton University,/players/t/tollian01.html
Martell Webster,Minnesota Timberwolves,MIN,5,SF,6-7,230,"December 4, 1986",us,5,,/players/w/webstma02.html
David Andersen,New Orleans Pelicans,NOH,11,PF,6-11,245,"June 23, 1980",au,1,,/players/a/anderda03.html
Trevor Ariza,New Orleans Pelicans,NOH,1,SF,6-8,215,"June 30, 1985",us,6,"University of California, Los Angeles",/players/a/arizatr01.html
Jerryd Bayless,New Orleans Pelicans,NOH,32,PG,6-3,200,"August 20, 1988",us,2,University of Arizona,/players/b/bayleje01.html
Marco Belinelli,New Orleans Pelicans,NOH,8,SG,6-5,210,"March 25, 1986",it,3,,/players/b/belinma01.html
Patrick Ewing,New Orleans Pelicans,NOH,22,SF,6-8,235,"May 20, 1984",us,R,Georgetown University,/players/e/ewingpa02.html
Aaron Gray,New Orleans Pelicans,NOH,34,C,7-0,270,"December 7, 1984",us,3,University of Pittsburgh,/players/g/grayaa01.html
Willie Green,New Orleans Pelicans,NOH,33,SG,6-4,200,"July 28, 1981",us,7,University of Detroit Mercy,/players/g/greenwi01.html
Didier Ilunga-Mbenga,New Orleans Pelicans,NOH,28,C,7-0,245,"December 30, 1980",cd,6,,/players/m/mbengdj01.html
Jarrett Jack,New Orleans Pelicans,NOH,2,SG,6-3,200,"October 28, 1983",us,5,Georgia Institute of Technology,/players/j/jackja01.html
Carl Landry,New Orleans Pelicans,NOH,24,PF,6-9,248,"September 19, 1983",us,3,Purdue University,/players/l/landrca01.html
Pops Mensah-Bonsu,New Orleans Pelicans,NOH,44,PF,6-9,240,"September 7, 1983",gb,3,George Washington University,/players/m/mensapo01.html
Emeka Okafor,New Orleans Pelicans,NOH,50,C,6-10,252,"September 28, 1982",us,6,University of Connecticut,/players/o/okafoem01.html
Chris Paul,New Orleans Pelicans,NOH,3,PG,6-0,175,"May 6, 1985",us,5,Wake Forest University,/players/p/paulch01.html
Sasha Pavlovic,New Orleans Pelicans,NOH,6,SG,6-8,220,"November 15, 1983",me,7,,/players/p/pavloal01.html
Quincy Pondexter,New Orleans Pelicans,NOH,20,SF,6-7,220,"March 10, 1988",us,R,University of Washington,/players/p/pondequ01.html
Jason Smith,New Orleans Pelicans,NOH,14,C,7-0,245,"March 2, 1986",us,2,Colorado State University,/players/s/smithja02.html
Peja Stojakovic,New Orleans Pelicans,NOH,16,SF,6-9,220,"June 9, 1977",hr,12,,/players/s/stojape01.html
Marcus Thornton,New Orleans Pelicans,NOH,5,SG,6-4,205,"June 5, 1987",us,1,Louisiana State University,/players/t/thornma01.html
David West,New Orleans Pelicans,NOH,30,PF,6-9,250,"August 29, 1980",us,7,Xavier University,/players/w/westda01.html
Carmelo Anthony,New York Knicks,NYK,7,SF,6-8,240,"May 29, 1984",us,7,Syracuse University,/players/a/anthoca01.html
Renaldo Balkman,New York Knicks,NYK,32,SF,6-8,208,"July 14, 1984",us,4,University of South Carolina,/players/b/balkmre01.html
Chauncey Billups,New York Knicks,NYK,4,PG,6-3,202,"September 25, 1976",us,13,University of Colorado,/players/b/billuch01.html
Derrick Brown,New York Knicks,NYK,8,SF,6-7,225,"September 8, 1987",us,1,Xavier University,/players/b/brownde04.html
Anthony Carter,New York Knicks,NYK,25,PG,6-1,190,"June 16, 1975",us,11,University of Hawaii,/players/c/cartean01.html
Wilson Chandler,New York Knicks,NYK,21,SF,6-8,225,"May 10, 1987",us,3,DePaul University,/players/c/chandwi01.html
Toney Douglas,New York Knicks,NYK,23,SG,6-2,195,"March 16, 1986",us,1,Florida State University,/players/d/douglto01.html
Raymond Felton,New York Knicks,NYK,2,PG,6-1,205,"June 26, 1984",us,5,University of North Carolina,/players/f/feltora01.html
Landry Fields,New York Knicks,NYK,6,SG,6-7,210,"June 27, 1988",us,R,Stanford University,/players/f/fieldla01.html
Danilo Gallinari,New York Knicks,NYK,8,PF,6-10,225,"August 8, 1988",it,2,,/players/g/gallida01.html
Jared Jeffries,New York Knicks,NYK,9,PF,6-11,230,"November 25, 1981",us,8,Indiana University,/players/j/jeffrja01.html
Roger Mason,New York Knicks,NYK,18,SG,6-5,200,"September 10, 1980",us,6,University of Virginia,/players/m/masonro01.html
Timofey Mozgov,New York Knicks,NYK,25,C,7-1,275,"July 16, 1986",ru,R,,/players/m/mozgoti01.html
Anthony Randolph,New York Knicks,NYK,4,PF,6-10,205,"July 15, 1989",de,2,Louisiana State University,/players/r/randoan01.html
Andy Rautins,New York Knicks,NYK,11,SG,6-4,190,"November 2, 1986",us,R,Syracuse University,/players/r/rautian01.html
Amar'e Stoudemire,New York Knicks,NYK,1,C,6-10,245,"November 16, 1982",us,8,,/players/s/stoudam01.html
Ronny Turiaf,New York Knicks,NYK,14,C,6-10,249,"January 13, 1983",mq,5,Gonzaga University,/players/t/turiaro01.html
Henry Walker,New York Knicks,NYK,5,SG,6-6,220,"October 9, 1987",us,2,Kansas State University,/players/w/walkebi01.html
Shawne Williams,New York Knicks,NYK,3,PF,6-9,225,"February 16, 1986",us,3,University of Memphis,/players/w/willish03.html
Shelden Williams,New York Knicks,NYK,13,PF,6-9,250,"October 21, 1983",us,4,Duke University,/players/w/willish02.html
Cole Aldrich,Oklahoma City Thunder,OKC,45,C,6-11,250,"October 31, 1988",us,R,University of Kansas,/players/a/aldrico01.html
Nick Collison,Oklahoma City Thunder,OKC,4,C,6-10,255,"October 26, 1980",us,6,University of Kansas,/players/c/collini01.html
Daequan Cook,Oklahoma City Thunder,OKC,14,SG,6-5,205,"April 28, 1987",us,3,Ohio State University,/players/c/cookda02.html
Kevin Durant,Oklahoma City Thunder,OKC,35,SF,6-9,240,"September 29, 1988",us,3,University of Texas at Austin,/players/d/duranke01.html
Jeff Green,Oklahoma City Thunder,OKC,22,PF,6-9,235,"August 28, 1986",us,3,Georgetown University,/players/g/greenje02.html
James Harden,Oklahoma City Thunder,OKC,13,SG,6-5,220,"August 26, 1989",us,1,Arizona State University,/players/h/hardeja01.html
Serge Ibaka,Oklahoma City Thunder,OKC,9,PF,6-10,235,"September 18, 1989",cg,1,,/players/i/ibakase01.html
Royal Ivey,Oklahoma City Thunder,OKC,7,SG,6-3,200,"December 20, 1981",us,6,University of Texas at Austin,/players/i/iveyro01.html
Nenad Krstic,Oklahoma City Thunder,OKC,12,C,7-0,240,"July 25, 1983",rs,6,,/players/k/krstine01.html
Eric Maynor,Oklahoma City Thunder,OKC,6,PG,6-3,175,"June 11, 1987",us,1,Virginia Commonwealth University,/players/m/maynoer01.html
Nazr Mohammed,Oklahoma City Thunder,OKC,8,C,6-10,221,"September 5, 1977",us,12,University of Kentucky,/players/m/mohamna01.html
Byron Mullens,Oklahoma City Thunder,OKC,23,PF,7-0,275,"February 14, 1989",us,1,Ohio State University,/players/m/mulleby01.html
Kendrick Perkins,Oklahoma City Thunder,OKC,5,C,6-10,270,"November 10, 1984",us,7,,/players/p/perkike01.html
Morris Peterson,Oklahoma City Thunder,OKC,42,SG,6-7,218,"August 26, 1977",us,10,Michigan State University,/players/p/petermo01.html
Nate Robinson,Oklahoma City Thunder,OKC,3,PG,5-9,180,"May 31, 1984",us,5,University of Washington,/players/r/robinna01.html
Thabo Sefolosha,Oklahoma City Thunder,OKC,2,SG,6-7,220,"May 2, 1984",ch,4,,/players/s/sefolth01.html
Russell Westbrook,Oklahoma City Thunder,OKC,0,PG,6-3,200,"November 12, 1988",us,2,"University of California, Los Angeles",/players/w/westbru01.html
D.J. White,Oklahoma City Thunder,OKC,3,PF,6-9,251,"August 31, 1986",us,2,Indiana University,/players/w/whitedj01.html
Malik Allen,Orlando Magic,ORL,35,PF,6-10,255,"June 27, 1978",us,9,Villanova University,/players/a/allenma01.html
Ryan Anderson,Orlando Magic,ORL,33,PF,6-10,240,"May 6, 1988",us,2,University of California,/players/a/anderry01.html
Gilbert Arenas,Orlando Magic,ORL,1,PG,6-3,191,"January 6, 1982",us,9,University of Arizona,/players/a/arenagi01.html
Brandon Bass,Orlando Magic,ORL,30,PF,6-8,250,"April 30, 1985",us,5,Louisiana State University,/players/b/bassbr01.html
Vince Carter,Orlando Magic,ORL,15,SG,6-6,220,"January 26, 1977",us,12,University of North Carolina,/players/c/cartevi01.html
Earl Clark,Orlando Magic,ORL,3,SF,6-10,225,"January 17, 1988",us,1,University of Louisville,/players/c/clarkea01.html
Chris Duhon,Orlando Magic,ORL,25,PG,6-1,185,"August 31, 1982",us,6,Duke University,/players/d/duhonch01.html
Marcin Gortat,Orlando Magic,ORL,13,C,6-11,240,"February 17, 1984",pl,3,,/players/g/gortama01.html
Dwight Howard,Orlando Magic,ORL,12,C,6-11,265,"December 8, 1985",us,6,,/players/h/howardw01.html
Rashard Lewis,Orlando Magic,ORL,9,PF,6-10,215,"August 8, 1979",us,12,,/players/l/lewisra02.html
Jameer Nelson,Orlando Magic,ORL,14,PG,6-0,190,"February 9, 1982",us,6,Saint Joseph's University,/players/n/nelsoja01.html
Mickael Pietrus,Orlando Magic,ORL,20,SF,6-6,215,"February 7, 1982",gp,7,,/players/p/pietrmi01.html
J.J. Redick,Orlando Magic,ORL,7,SG,6-4,190,"June 24, 1984",us,4,Duke University,/players/r/redicjj01.html
Jason Richardson,Orlando Magic,ORL,23,SG,6-6,220,"January 20, 1981",us,9,Michigan State University,/players/r/richaja01.html
Quentin Richardson,Orlando Magic,ORL,5,SF,6-6,223,"April 13, 1980",us,10,DePaul University,/players/r/richaqu01.html
Hedo Turkoglu,Orlando Magic,ORL,15,SF,6-10,220,"March 19, 1979",tr,10,,/players/t/turkohe01.html
Jason Williams,Orlando Magic,ORL,44,PG,6-1,190,"November 18, 1975",us,11,University of Florida,/players/w/willija02.html
Tony Battie,Philadelphia 76ers,PHI,4,C,6-11,230,"February 11, 1976",us,12,Texas Tech University,/players/b/battito01.html
Craig Brackins,Philadelphia 76ers,PHI,33,PF,6-10,230,"October 9, 1987",us,R,Iowa State University,/players/b/brackcr01.html
Elton Brand,Philadelphia 76ers,PHI,42,PF,6-8,275,"March 11, 1979",us,11,Duke University,/players/b/brandel01.html
Antonio Daniels,Philadelphia 76ers,PHI,22,PG,6-4,195,"March 19, 1975",us,12,Bowling Green State University,/players/d/daniean01.html
Spencer Hawes,Philadelphia 76ers,PHI,00,C,7-1,245,"April 28, 1988",us,3,University of Washington,/players/h/hawessp01.html
Jrue Holiday,Philadelphia 76ers,PHI,11,PG,6-4,205,"June 12, 1990",us,1,"University of California, Los Angeles",/players/h/holidjr01.html
Andre Iguodala,Philadelphia 76ers,PHI,9,SF,6-6,215,"January 28, 1984",us,6,University of Arizona,/players/i/iguodan01.html
Jason Kapono,Philadelphia 76ers,PHI,72,SF,6-8,213,"February 4, 1981",us,7,"University of California, Los Angeles",/players/k/kaponja01.html
Jodie Meeks,Philadelphia 76ers,PHI,20,SG,6-4,210,"August 21, 1987",us,1,University of Kentucky,/players/m/meeksjo01.html
Andres Nocioni,Philadelphia 76ers,PHI,5,SF,6-7,225,"November 30, 1979",ar,6,,/players/n/nocioan01.html
Darius Songaila,Philadelphia 76ers,PHI,25,C,6-9,248,"February 14, 1978",lt,7,Wake Forest University,/players/s/songada01.html
Marreese Speights,Philadelphia 76ers,PHI,16,C,6-10,255,"August 4, 1987",us,2,University of Florida,/players/s/speigma01.html
Evan Turner,Philadelphia 76ers,PHI,12,SG,6-7,220,"October 27, 1988",us,R,Ohio State University,/players/t/turneev01.html
Lou Williams,Philadelphia 76ers,PHI,23,SG,6-1,175,"October 27, 1986",us,5,,/players/w/willilo02.html
Thaddeus Young,Philadelphia 76ers,PHI,21,PF,6-8,221,"June 21, 1988",us,3,Georgia Institute of Technology,/players/y/youngth01.html
Earl Barron,Phoenix Suns,PHO,30,C,7-0,250,"August 14, 1981",us,4,University of Memphis,/players/b/barroea01.html
Aaron Brooks,Phoenix Suns,PHO,0,PG,6-0,161,"January 14, 1985",us,3,University of Oregon,/players/b/brookaa01.html
Vince Carter,Phoenix Suns,PHO,25,SG,6-6,220,"January 26, 1977",us,12,University of North Carolina,/players/c/cartevi01.html
Josh Childress,Phoenix Suns,PHO,1,SG,6-8,210,"June 20, 1983",us,4,Stanford University,/players/c/childjo01.html
Earl Clark,Phoenix Suns,PHO,55,SF,6-10,225,"January 17, 1988",us,1,University of Louisville,/players/c/clarkea01.html
Zabian Dowdell,Phoenix Suns,PHO,22,PG,6-3,191,"September 10, 1984",us,R,Virginia Polytechnic Institute and State University,/players/d/dowdeza01.html
Goran Dragic,Phoenix Suns,PHO,2,PG,6-3,190,"May 6, 1986",si,2,,/players/d/dragigo01.html
Jared Dudley,Phoenix Suns,PHO,3,SF,6-7,225,"July 10, 1985",us,3,Boston College,/players/d/dudleja01.html
Channing Frye,Phoenix Suns,PHO,8,PF,6-11,255,"May 17, 1983",us,5,University of Arizona,/players/f/fryech01.html
Marcin Gortat,Phoenix Suns,PHO,4,C,6-11,240,"February 17, 1984",pl,3,,/players/g/gortama01.html
Grant Hill,Phoenix Suns,PHO,33,SF,6-8,225,"October 5, 1972",us,15,Duke University,/players/h/hillgr01.html
Gani Lawal,Phoenix Suns,PHO,31,PF,6-9,234,"November 7, 1988",us,R,Georgia Institute of Technology,/players/l/lawalga01.html
Robin Lopez,Phoenix Suns,PHO,15,C,7-0,255,"April 1, 1988",us,2,Stanford University,/players/l/lopezro01.html
Steve Nash,Phoenix Suns,PHO,13,PG,6-3,195,"February 7, 1974",za,14,Santa Clara University,/players/n/nashst01.html
Mickael Pietrus,Phoenix Suns,PHO,12,SG,6-6,215,"February 7, 1982",gp,7,,/players/p/pietrmi01.html
Jason Richardson,Phoenix Suns,PHO,23,SG,6-6,220,"January 20, 1981",us,9,Michigan State University,/players/r/richaja01.html
Garret Siler,Phoenix Suns,PHO,20,C,6-11,305,"October 25, 1986",us,R,Augusta State University,/players/s/silerga01.html
Hedo Turkoglu,Phoenix Suns,PHO,19,PF,6-10,220,"March 19, 1979",tr,10,,/players/t/turkohe01.html
Hakim Warrick,Phoenix Suns,PHO,21,PF,6-9,219,"July 8, 1982",us,5,Syracuse University,/players/w/warriha01.html
LaMarcus Aldridge,Portland Trail Blazers,POR,12,PF,6-11,260,"July 19, 1985",us,4,University of Texas at Austin,/players/a/aldrila01.html
Luke Babbitt,Portland Trail Blazers,POR,11,SF,6-9,225,"June 20, 1989",us,R,"University of Nevada, Reno",/players/b/babbilu01.html
Earl Barron,Portland Trail Blazers,POR,40,C,7-0,250,"August 14, 1981",us,4,University of Memphis,/players/b/barroea01.html
Nicolas Batum,Portland Trail Blazers,POR,88,SF,6-8,200,"December 14, 1988",fr,2,,/players/b/batumni01.html
Marcus Camby,Portland Trail Blazers,POR,23,C,6-11,220,"March 22, 1974",us,14,University of Massachusetts Amherst,/players/c/cambyma01.html
Jarron Collins,Portland Trail Blazers,POR,31,C,6-11,255,"December 2, 1978",us,9,Stanford University,/players/c/collija03.html
Dante Cunningham,Portland Trail Blazers,POR,33,PF,6-8,230,"April 22, 1987",us,1,Villanova University,/players/c/cunnida01.html
Rudy Fernandez,Portland Trail Blazers,POR,5,SG,6-6,185,"April 4, 1985",es,2,,/players/f/fernaru01.html
Armon Johnson,Portland Trail Blazers,POR,1,PG,6-3,195,"February 23, 1989",us,R,"University of Nevada, Reno",/players/j/johnsar02.html
Chris Johnson,Portland Trail Blazers,POR,17,C,6-11,210,"July 15, 1985",us,R,Louisiana State University,/players/j/johnsch03.html
Sean Marks,Portland Trail Blazers,POR,4,C,6-10,250,"August 23, 1975",nz,10,University of California,/players/m/marksse01.html
Wesley Matthews,Portland Trail Blazers,POR,2,SG,6-5,220,"October 14, 1986",us,1,Marquette University,/players/m/matthwe02.html
Andre Miller,Portland Trail Blazers,POR,24,PG,6-3,200,"March 19, 1976",us,11,University of Utah,/players/m/millean02.html
Patrick Mills,Portland Trail Blazers,POR,8,PG,6-0,185,"August 11, 1988",au,1,Saint Mary's College of California,/players/m/millspa02.html
Fabricio Oberto,Portland Trail Blazers,POR,21,C,6-10,245,"March 21, 1975",ar,5,,/players/o/obertfa01.html
Joel Przybilla,Portland Trail Blazers,POR,10,C,7-1,255,"October 10, 1979",us,10,University of Minnesota,/players/p/przybjo01.html
Brandon Roy,Portland Trail Blazers,POR,7,SG,6-6,215,"July 23, 1984",us,4,University of Washington,/players/r/roybr01.html
Gerald Wallace,Portland Trail Blazers,POR,3,PF,6-7,215,"July 23, 1982",us,9,University of Alabama,/players/w/wallage01.html
Omri Casspi,Sacramento Kings,SAC,18,SF,6-9,225,"June 22, 1988",il,1,,/players/c/casspom01.html
DeMarcus Cousins,Sacramento Kings,SAC,15,C,6-11,270,"August 13, 1990",us,R,University of Kentucky,/players/c/couside01.html
Samuel Dalembert,Sacramento Kings,SAC,10,C,6-11,255,"May 10, 1981",ht,8,Seton Hall University,/players/d/dalemsa01.html
Tyreke Evans,Sacramento Kings,SAC,13,SG,6-6,220,"September 19, 1989",us,1,University of Memphis,/players/e/evansty01.html
Francisco Garcia,Sacramento Kings,SAC,32,SF,6-7,195,"December 31, 1981",do,5,University of Louisville,/players/g/garcifr01.html
Donte Greene,Sacramento Kings,SAC,20,SF,6-11,226,"February 21, 1988",de,2,Syracuse University,/players/g/greendo01.html
Luther Head,Sacramento Kings,SAC,9,PG,6-3,185,"November 26, 1982",us,5,University of Illinois at Urbana-Champaign,/players/h/headlu01.html
Darnell Jackson,Sacramento Kings,SAC,41,PF,6-9,253,"November 7, 1985",us,2,University of Kansas,/players/j/jacksda01.html
Eugene Jeter,Sacramento Kings,SAC,5,PG,5-11,175,"December 2, 1983",us,R,University of Portland,/players/j/jetereu01.html
Carl Landry,Sacramento Kings,SAC,24,PF,6-9,248,"September 19, 1983",us,3,Purdue University,/players/l/landrca01.html
Jermaine Taylor,Sacramento Kings,SAC,3,SG,6-4,210,"December 8, 1986",us,1,University of Central Florida,/players/t/tayloje02.html
Jason Thompson,Sacramento Kings,SAC,34,PF,6-11,250,"July 21, 1986",us,2,Rider University,/players/t/thompja02.html
Marcus Thornton,Sacramento Kings,SAC,23,SG,6-4,205,"June 5, 1987",us,1,Louisiana State University,/players/t/thornma01.html
Beno Udrih,Sacramento Kings,SAC,19,PG,6-3,205,"July 5, 1982",si,6,,/players/u/udrihbe01.html
Hassan Whiteside,Sacramento Kings,SAC,33,C,7-0,265,"June 13, 1989",us,R,Marshall University,/players/w/whiteha01.html
Antoine Wright,Sacramento Kings,SAC,3,SG,6-7,210,"February 6, 1984",us,5,Texas A&M University,/players/w/wrighan01.html
James Anderson,San Antonio Spurs,SAS,25,SF,6-6,213,"March 25, 1989",us,R,Oklahoma State University,/players/a/anderja01.html
DeJuan Blair,San Antonio Spurs,SAS,45,PF,6-7,270,"April 22, 1989",us,1,University of Pittsburgh,/players/b/blairde01.html
Matt Bonner,San Antonio Spurs,SAS,15,PF,6-10,235,"April 5, 1980",us,6,University of Florida,/players/b/bonnema01.html
Tim Duncan,San Antonio Spurs,SAS,21,C,6-11,250,"April 25, 1976",vi,13,Wake Forest University,/players/d/duncati01.html
Alonzo Gee,San Antonio Spurs,SAS,23,SG,6-6,225,"May 29, 1987",us,1,University of Alabama,/players/g/geeal01.html
Manu Ginobili,San Antonio Spurs,SAS,20,SG,6-6,205,"July 28, 1977",ar,8,,/players/g/ginobma01.html
Danny Green,San Antonio Spurs,SAS,4,SG,6-6,215,"June 22, 1987",us,1,University of North Carolina,/players/g/greenda02.html
George Hill,San Antonio Spurs,SAS,3,PG,6-3,188,"May 4, 1986",us,2,Indiana University-Purdue University Indianapolis,/players/h/hillge01.html
Othyus Jeffers,San Antonio Spurs,SAS,12,SG,6-5,200,"August 5, 1985",us,1,Robert Morris University (IL),/players/j/jeffeot01.html
Richard Jefferson,San Antonio Spurs,SAS,24,SF,6-7,233,"June 21, 1980",us,9,University of Arizona,/players/j/jefferi01.html
Antonio McDyess,San Antonio Spurs,SAS,34,PF,6-9,220,"September 7, 1974",us,14,University of Alabama,/players/m/mcdyean01.html
Gary Neal,San Antonio Spurs,SAS,14,SG,6-4,210,"October 3, 1984",us,R,Towson University,/players/n/nealga01.html
Steve Novak,San Antonio Spurs,SAS,23,SF,6-10,225,"June 13, 1983",us,4,Marquette University,/players/n/novakst01.html
Larry Owens,San Antonio Spurs,SAS,33,SF,6-7,210,"January 8, 1983",us,R,Oral Roberts University,/players/o/owensla01.html
Tony Parker,San Antonio Spurs,SAS,9,PG,6-2,185,"May 17, 1982",be,9,,/players/p/parketo01.html
Chris Quinn,San Antonio Spurs,SAS,11,PG,6-2,185,"September 27, 1983",us,4,University of Notre Dame,/players/q/quinnch01.html
Bobby Simmons,San Antonio Spurs,SAS,1,SF,6-7,210,"June 2, 1980",us,8,DePaul University,/players/s/simmobo01.html
Tiago Splitter,San Antonio Spurs,SAS,22,C,6-11,245,"January 1, 1985",br,R,,/players/s/splitti01.html
Garrett Temple,San Antonio Spurs,SAS,2,SG,6-6,195,"May 8, 1986",us,1,Louisiana State University,/players/t/templga01.html
Ime Udoka,San Antonio Spurs,SAS,5,SF,6-6,215,"August 9, 1977",us,6,Portland State University,/players/u/udokaim01.html
Alexis Ajinca,Toronto Raptors,TOR,42,C,7-2,248,"May 6, 1988",fr,2,,/players/a/ajincal01.html
Solomon Alabi,Toronto Raptors,TOR,50,C,7-1,251,"March 21, 1988",ng,R,Florida State University,/players/a/alabiso01.html
David Andersen,Toronto Raptors,TOR,13,PF,6-11,245,"June 23, 1980",au,1,,/players/a/anderda03.html
Marcus Banks,Toronto Raptors,TOR,3,PG,6-2,200,"November 19, 1981",us,7,"University of Nevada, Las Vegas",/players/b/banksma01.html
Leandro Barbosa,Toronto Raptors,TOR,20,SG,6-3,194,"November 28, 1982",br,7,,/players/b/barbole01.html
Andrea Bargnani,Toronto Raptors,TOR,7,C,7-0,245,"October 26, 1985",it,4,,/players/b/bargnan01.html
Jerryd Bayless,Toronto Raptors,TOR,5,PG,6-3,200,"August 20, 1988",us,2,University of Arizona,/players/b/bayleje01.html
Jose Calderon,Toronto Raptors,TOR,8,PG,6-3,200,"September 28, 1981",es,5,,/players/c/caldejo01.html
Ed Davis,Toronto Raptors,TOR,32,PF,6-10,240,"June 5, 1989",us,R,University of North Carolina,/players/d/davised01.html
DeMar DeRozan,Toronto Raptors,TOR,10,SG,6-7,221,"August 7, 1989",us,1,University of Southern California,/players/d/derozde01.html
Joey Dorsey,Toronto Raptors,TOR,9,C,6-8,268,"December 16, 1983",us,2,University of Memphis,/players/d/dorsejo01.html
Ronald Dupree,Toronto Raptors,TOR,12,SF,6-7,209,"January 26, 1981",us,5,Louisiana State University,/players/d/duprero01.html
Reggie Evans,Toronto Raptors,TOR,30,PF,6-8,245,"May 18, 1980",us,8,University of Iowa,/players/e/evansre01.html
Sundiata Gaines,Toronto Raptors,TOR,2,PG,6-1,185,"April 18, 1986",us,1,University of Georgia,/players/g/gainesu01.html
Jarrett Jack,Toronto Raptors,TOR,1,PG,6-3,200,"October 28, 1983",us,5,Georgia Institute of Technology,/players/j/jackja01.html
Amir Johnson,Toronto Raptors,TOR,15,PF,6-9,240,"May 1, 1987",us,5,,/players/j/johnsam01.html
James Johnson,Toronto Raptors,TOR,0,SF,6-9,250,"February 20, 1987",us,1,Wake Forest University,/players/j/johnsja01.html
Trey Johnson,Toronto Raptors,TOR,12,SG,6-5,218,"August 30, 1984",us,1,Jackson State University,/players/j/johnstr01.html
Linas Kleiza,Toronto Raptors,TOR,11,SF,6-8,245,"January 3, 1985",lt,4,University of Missouri,/players/k/kleizli01.html
Peja Stojakovic,Toronto Raptors,TOR,16,SF,6-9,220,"June 9, 1977",hr,12,,/players/s/stojape01.html
Sonny Weems,Toronto Raptors,TOR,24,SF,6-6,205,"July 8, 1986",us,2,University of Arkansas,/players/w/weemsso01.html
Julian Wright,Toronto Raptors,TOR,14,SF,6-8,225,"May 20, 1987",us,3,University of Kansas,/players/w/wrighju01.html
Raja Bell,Utah Jazz,UTA,19,SG,6-5,204,"September 19, 1976",vi,10,Florida International University,/players/b/bellra01.html
Marcus Cousin,Utah Jazz,UTA,50,C,6-11,245,"December 18, 1986",us,R,University of Houston,/players/c/cousima01.html
Francisco Elson,Utah Jazz,UTA,16,C,7-0,235,"February 28, 1976",nl,7,University of California,/players/e/elsonfr01.html
Jeremy Evans,Utah Jazz,UTA,40,SF,6-9,200,"October 24, 1987",us,R,Western Kentucky University,/players/e/evansje01.html
Derrick Favors,Utah Jazz,UTA,15,PF,6-10,265,"July 15, 1991",us,R,Georgia Institute of Technology,/players/f/favorde01.html
Kyrylo Fesenko,Utah Jazz,UTA,44,C,7-1,288,"December 24, 1986",ua,3,,/players/f/fesenky01.html
Devin Harris,Utah Jazz,UTA,5,PG,6-3,192,"February 27, 1983",us,6,University of Wisconsin,/players/h/harride01.html
Gordon Hayward,Utah Jazz,UTA,20,SF,6-8,226,"March 23, 1990",us,R,Butler University,/players/h/haywago01.html
Al Jefferson,Utah Jazz,UTA,25,C,6-10,289,"January 4, 1985",us,6,,/players/j/jeffeal01.html
Andrei Kirilenko,Utah Jazz,UTA,47,SF,6-9,220,"February 18, 1981",ru,9,,/players/k/kirilan01.html
C.J. Miles,Utah Jazz,UTA,34,SF,6-6,225,"April 18, 1987",us,5,,/players/m/milescj01.html
Paul Millsap,Utah Jazz,UTA,24,PF,6-8,246,"February 10, 1985",us,4,Louisiana Tech University,/players/m/millspa01.html
Mehmet Okur,Utah Jazz,UTA,13,C,6-11,249,"May 26, 1979",tr,8,,/players/o/okurme01.html
Ronnie Price,Utah Jazz,UTA,17,SG,6-2,190,"June 21, 1983",us,5,Utah Valley State College,/players/p/pricero01.html
Earl Watson,Utah Jazz,UTA,11,PG,6-1,195,"June 12, 1979",us,9,"University of California, Los Angeles",/players/w/watsoea01.html
Kyle Weaver,Utah Jazz,UTA,3,SG,6-6,201,"February 18, 1986",us,2,Washington State University,/players/w/weaveky01.html
Deron Williams,Utah Jazz,UTA,8,PG,6-3,200,"June 26, 1984",us,5,University of Illinois at Urbana-Champaign,/players/w/willide01.html
Gilbert Arenas,Washington Wizards,WAS,9,PG,6-3,191,"January 6, 1982",us,9,University of Arizona,/players/a/arenagi01.html
Hilton Armstrong,Washington Wizards,WAS,24,C,6-11,235,"November 11, 1984",us,4,University of Connecticut,/players/a/armsthi01.html
Mike Bibby,Washington Wizards,WAS,00,PG,6-1,190,"May 13, 1978",us,12,University of Arizona,/players/b/bibbymi01.html
Andray Blatche,Washington Wizards,WAS,7,PF,6-11,235,"August 22, 1986",us,5,,/players/b/blatcan01.html
Trevor Booker,Washington Wizards,WAS,35,PF,6-8,228,"November 25, 1987",us,R,Clemson University,/players/b/booketr01.html
Jordan Crawford,Washington Wizards,WAS,15,SG,6-4,195,"October 23, 1988",us,R,Xavier University,/players/c/crawfjo02.html
Maurice Evans,Washington Wizards,WAS,6,SF,6-5,220,"November 8, 1978",us,7,University of Texas at Austin,/players/e/evansma01.html
Alonzo Gee,Washington Wizards,WAS,15,SG,6-6,225,"May 29, 1987",us,1,University of Alabama,/players/g/geeal01.html
Kirk Hinrich,Washington Wizards,WAS,12,SG,6-4,190,"January 2, 1981",us,7,University of Kansas,/players/h/hinriki01.html
Josh Howard,Washington Wizards,WAS,5,SF,6-7,210,"April 28, 1980",us,7,Wake Forest University,/players/h/howarjo01.html
Lester Hudson,Washington Wizards,WAS,3,PG,6-3,190,"August 7, 1984",us,1,University of Tennessee at Martin,/players/h/hudsole01.html
Othyus Jeffers,Washington Wizards,WAS,12,SG,6-5,200,"August 5, 1985",us,1,Robert Morris University (IL),/players/j/jeffeot01.html
Yi Jianlian,Washington Wizards,WAS,31,PF,7-0,240,"October 27, 1987",cn,3,,/players/j/jianlyi01.html
Rashard Lewis,Washington Wizards,WAS,9,SF,6-10,215,"August 8, 1979",us,12,,/players/l/lewisra02.html
Cartier Martin,Washington Wizards,WAS,20,SF,6-7,220,"November 20, 1984",us,2,Kansas State University,/players/m/martica01.html
JaVale McGee,Washington Wizards,WAS,34,C,7-0,270,"January 19, 1988",us,2,"University of Nevada, Reno",/players/m/mcgeeja01.html
Hamady N'Diaye,Washington Wizards,WAS,55,C,7-0,235,"January 12, 1987",sn,R,Rutgers University,/players/n/ndiayha01.html
Larry Owens,Washington Wizards,WAS,32,SF,6-7,210,"January 8, 1983",us,R,Oral Roberts University,/players/o/owensla01.html
Kevin Seraphin,Washington Wizards,WAS,13,PF,6-9,285,"December 7, 1989",gf,R,,/players/s/serapke01.html
Mustafa Shakur,Washington Wizards,WAS,22,PG,6-3,190,"August 18, 1984",us,R,University of Arizona,/players/s/shakumu01.html
Al Thornton,Washington Wizards,WAS,14,SF,6-8,220,"December 7, 1983",us,3,Florida State University,/players/t/thornal01.html
John Wall,Washington Wizards,WAS,2,PG,6-4,195,"September 6, 1990",us,R,University of Kentucky,/players/w/walljo01.html
Nick Young,Washington Wizards,WAS,1,SG,6-7,210,"June 1, 1985",us,3,University of Southern California,/players/y/youngni01.html
