name,team,short_team,number,pos,height,weight,birth_date,birth_country,years_experience,college_name,uri
Pero Antic,Atlanta Hawks,ATL,6,PF,6-11,260,"July 29, 1982",mk,R,,/players/a/anticpe01.html
Gustavo Ayon,Atlanta Hawks,ATL,14,C,6-10,250,"April 1, 1985",mx,2,,/players/a/ayongu01.html
Elton Brand,Atlanta Hawks,ATL,42,C,6-8,275,"March 11, 1979",us,14,Duke University,/players/b/brandel01.html
DeMarre Carroll,Atlanta Hawks,ATL,5,SF,6-8,212,"July 27, 1986",us,4,University of Missouri,/players/c/carrode01.html
Jared Cunningham,Atlanta Hawks,ATL,7,SG,6-4,195,"May 22, 1991",us,1,Oregon State University,/players/c/cunnija01.html
Al Horford,Atlanta Hawks,ATL,15,C,6-10,245,"June 3, 1986",do,6,University of Florida,/players/h/horfoal01.html
John Jenkins,Atlanta Hawks,ATL,12,SG,6-4,215,"March 6, 1991",us,1,Vanderbilt University,/players/j/jenkijo01.html
Kyle Korver,Atlanta Hawks,ATL,26,SG,6-7,212,"March 17, 1981",us,10,Creighton University,/players/k/korveky01.html
Shelvin Mack,Atlanta Hawks,ATL,8,PG,6-3,203,"April 22, 1990",us,2,Butler University,/players/m/macksh01.html
Cartier Martin,Atlanta Hawks,ATL,20,SF,6-7,220,"November 20, 1984",us,5,Kansas State University,/players/m/martica01.html
Paul Millsap,Atlanta Hawks,ATL,4,PF,6-8,246,"February 10, 1985",us,7,Louisiana Tech University,/players/m/millspa01.html
Mike Muscala,Atlanta Hawks,ATL,31,PF,6-11,240,"July 1, 1991",us,R,Bucknell University,/players/m/muscami01.html
James Nunnally,Atlanta Hawks,ATL,2,SF,6-7,205,"July 14, 1990",us,R,"University of California, Santa Barbara",/players/n/nunnaja01.html
Dexter Pittman,Atlanta Hawks,ATL,45,C,6-11,308,"March 2, 1988",us,3,University of Texas at Austin,/players/p/pittmde01.html
Dennis Schroder,Atlanta Hawks,ATL,17,PG,6-1,172,"September 15, 1993",de,R,,/players/s/schrode01.html
Mike Scott,Atlanta Hawks,ATL,32,PF,6-8,237,"July 16, 1988",us,1,University of Virginia,/players/s/scottmi01.html
Jeff Teague,Atlanta Hawks,ATL,0,PG,6-2,186,"June 10, 1988",us,4,Wake Forest University,/players/t/teaguje01.html
Lou Williams,Atlanta Hawks,ATL,3,PG,6-1,175,"October 27, 1986",us,8,,/players/w/willilo02.html
Joel Anthony,Boston Celtics,BOS,50,C,6-9,245,"August 9, 1982",ca,6,"University of Nevada, Las Vegas",/players/a/anthojo01.html
Chris Babb,Boston Celtics,BOS,52,SG,6-5,225,"February 14, 1990",us,R,Iowa State University,/players/b/babbch01.html
Brandon Bass,Boston Celtics,BOS,30,PF,6-8,250,"April 30, 1985",us,8,Louisiana State University,/players/b/bassbr01.html
Jerryd Bayless,Boston Celtics,BOS,11,PG,6-3,200,"August 20, 1988",us,5,University of Arizona,/players/b/bayleje01.html
Vander Blue,Boston Celtics,BOS,13,SG,6-4,200,"July 17, 1992",us,R,Marquette University,/players/b/blueva01.html
Keith Bogans,Boston Celtics,BOS,4,SG,6-5,215,"May 12, 1980",us,10,University of Kentucky,/players/b/boganke01.html
Avery Bradley,Boston Celtics,BOS,0,PG,6-2,180,"November 26, 1990",us,3,University of Texas at Austin,/players/b/bradlav01.html
MarShon Brooks,Boston Celtics,BOS,12,SG,6-5,200,"January 26, 1989",us,2,Providence College,/players/b/brookma01.html
Jordan Crawford,Boston Celtics,BOS,27,SG,6-4,195,"October 23, 1988",us,3,Xavier University,/players/c/crawfjo02.html
Vitor Faverani,Boston Celtics,BOS,38,C,6-11,260,"May 5, 1988",br,R,,/players/f/favervi01.html
Jeff Green,Boston Celtics,BOS,8,SF,6-9,235,"August 28, 1986",us,5,Georgetown University,/players/g/greenje02.html
Kris Humphries,Boston Celtics,BOS,43,PF,6-9,235,"February 6, 1985",us,9,University of Minnesota,/players/h/humphkr01.html
Chris Johnson,Boston Celtics,BOS,12,SF,6-6,206,"April 29, 1990",us,1,University of Dayton,/players/j/johnsch04.html
Courtney Lee,Boston Celtics,BOS,11,SG,6-5,200,"October 3, 1985",us,5,Western Kentucky University,/players/l/leeco01.html
Kelly Olynyk,Boston Celtics,BOS,41,C,7-0,238,"April 19, 1991",ca,R,Gonzaga University,/players/o/olynyke01.html
Phil Pressey,Boston Celtics,BOS,26,PG,5-11,175,"February 17, 1991",us,R,University of Missouri,/players/p/pressph01.html
Rajon Rondo,Boston Celtics,BOS,9,PG,6-1,186,"February 22, 1986",us,7,University of Kentucky,/players/r/rondora01.html
Jared Sullinger,Boston Celtics,BOS,7,PF,6-9,260,"March 4, 1992",us,1,Ohio State University,/players/s/sullija01.html
Gerald Wallace,Boston Celtics,BOS,45,SF,6-7,215,"July 23, 1982",us,12,University of Alabama,/players/w/wallage01.html
Alan Anderson,Brooklyn Nets,BRK,6,SF,6-6,220,"October 16, 1982",us,4,Michigan State University,/players/a/anderal01.html
Andray Blatche,Brooklyn Nets,BRK,0,PF,6-11,235,"August 22, 1986",us,8,,/players/b/blatcan01.html
Jason Collins,Brooklyn Nets,BRK,98,C,7-0,255,"December 2, 1978",us,12,Stanford University,/players/c/collija04.html
Reggie Evans,Brooklyn Nets,BRK,30,PF,6-8,245,"May 18, 1980",us,11,University of Iowa,/players/e/evansre01.html
Kevin Garnett,Brooklyn Nets,BRK,2,C,6-11,240,"May 19, 1976",us,18,,/players/g/garneke01.html
Jorge Gutierrez,Brooklyn Nets,BRK,13,PG,6-3,191,"December 27, 1988",mx,R,University of California,/players/g/gutiejo01.html
Joe Johnson,Brooklyn Nets,BRK,7,SG,6-7,240,"June 29, 1981",us,12,University of Arkansas,/players/j/johnsjo02.html
Andrei Kirilenko,Brooklyn Nets,BRK,47,PF,6-9,220,"February 18, 1981",ru,11,,/players/k/kirilan01.html
Shaun Livingston,Brooklyn Nets,BRK,14,PG,6-7,182,"September 11, 1985",us,8,,/players/l/livinsh01.html
Brook Lopez,Brooklyn Nets,BRK,11,C,7-0,275,"April 1, 1988",us,5,Stanford University,/players/l/lopezbr01.html
Paul Pierce,Brooklyn Nets,BRK,34,SF,6-7,235,"October 13, 1977",us,15,University of Kansas,/players/p/piercpa01.html
Mason Plumlee,Brooklyn Nets,BRK,1,PF,6-11,245,"March 5, 1990",us,R,Duke University,/players/p/plumlma01.html
Tornike Shengelia,Brooklyn Nets,BRK,20,SF,6-9,217,"October 5, 1991",ge,1,,/players/s/shengto01.html
Tyshawn Taylor,Brooklyn Nets,BRK,10,PG,6-3,185,"April 12, 1990",us,1,University of Kansas,/players/t/tayloty01.html
Marquis Teague,Brooklyn Nets,BRK,12,SG,6-2,189,"February 28, 1993",us,1,University of Kentucky,/players/t/teaguma01.html
Mirza Teletovic,Brooklyn Nets,BRK,33,SF,6-9,242,"September 18, 1985",ba,1,,/players/t/teletmi01.html
Jason Terry,Brooklyn Nets,BRK,31,PG,6-2,185,"September 15, 1977",us,14,University of Arizona,/players/t/terryja01.html
Marcus Thornton,Brooklyn Nets,BRK,10,SG,6-4,205,"June 5, 1987",us,4,Louisiana State University,/players/t/thornma01.html
Deron Williams,Brooklyn Nets,BRK,8,PG,6-3,200,"June 26, 1984",us,8,University of Illinois at Urbana-Champaign,/players/w/willide01.html
Jeff Adrien,Charlotte Hornets,CHA,4,PF,6-7,245,"February 10, 1986",us,3,University of Connecticut,/players/a/adrieje01.html
Bismack Biyombo,Charlotte Hornets,CHA,0,C,6-9,245,"August 28, 1992",cd,2,,/players/b/biyombi01.html
Chris Douglas-Roberts,Charlotte Hornets,CHA,55,SF,6-7,200,"January 8, 1987",us,4,University of Memphis,/players/d/douglch01.html
Ben Gordon,Charlotte Hornets,CHA,8,SG,6-3,200,"April 4, 1983",gb,9,University of Connecticut,/players/g/gordobe01.html
Justin Hamilton,Charlotte Hornets,CHA,41,C,7-0,260,"April 1, 1990",us,R,Louisiana State University,/players/h/hamilju01.html
Gerald Henderson,Charlotte Hornets,CHA,9,SG,6-5,215,"December 9, 1987",us,4,Duke University,/players/h/hendege02.html
Al Jefferson,Charlotte Hornets,CHA,25,C,6-10,289,"January 4, 1985",us,9,,/players/j/jeffeal01.html
Michael Kidd-Gilchrist,Charlotte Hornets,CHA,14,SF,6-7,232,"September 26, 1993",us,1,University of Kentucky,/players/k/kiddgmi01.html
Josh McRoberts,Charlotte Hornets,CHA,11,PF,6-10,240,"February 28, 1987",us,6,Duke University,/players/m/mcrobjo01.html
Gary Neal,Charlotte Hornets,CHA,12,SG,6-4,210,"October 3, 1984",us,3,Towson University,/players/n/nealga01.html
Jannero Pargo,Charlotte Hornets,CHA,5,PG,6-1,175,"October 22, 1979",us,9,University of Arkansas,/players/p/pargoja01.html
Luke Ridnour,Charlotte Hornets,CHA,13,PG,6-2,175,"February 13, 1981",us,10,University of Oregon,/players/r/ridnolu01.html
Ramon Sessions,Charlotte Hornets,CHA,7,PG,6-3,190,"April 11, 1986",us,6,"University of Nevada, Reno",/players/s/sessira01.html
James Southerland,Charlotte Hornets,CHA,31,SF,6-8,215,"April 28, 1990",us,R,Syracuse University,/players/s/southja01.html
Jeffery Taylor,Charlotte Hornets,CHA,44,SF,6-7,225,"May 23, 1989",se,1,Vanderbilt University,/players/t/tayloje03.html
Anthony Tolliver,Charlotte Hornets,CHA,43,PF,6-8,240,"June 1, 1985",us,5,Creighton University,/players/t/tollian01.html
Kemba Walker,Charlotte Hornets,CHA,15,PG,6-1,172,"May 8, 1990",us,2,University of Connecticut,/players/w/walkeke02.html
D.J. White,Charlotte Hornets,CHA,8,PF,6-9,251,"August 31, 1986",us,5,Indiana University,/players/w/whitedj01.html
Cody Zeller,Charlotte Hornets,CHA,40,C,7-0,240,"October 5, 1992",us,R,Indiana University,/players/z/zelleco01.html
Lou Amundson,Chicago Bulls,CHI,17,PF,6-9,220,"December 7, 1982",us,7,"University of Nevada, Las Vegas",/players/a/amundlo01.html
D.J. Augustin,Chicago Bulls,CHI,14,PG,6-0,183,"November 10, 1987",us,5,University of Texas at Austin,/players/a/augusdj01.html
Carlos Boozer,Chicago Bulls,CHI,5,PF,6-9,258,"November 20, 1981",de,11,Duke University,/players/b/boozeca01.html
Ronnie Brewer,Chicago Bulls,CHI,11,SF,6-7,220,"March 20, 1985",us,7,University of Arkansas,/players/b/brewero02.html
Jimmy Butler,Chicago Bulls,CHI,21,SG,6-7,220,"September 14, 1989",us,2,Marquette University,/players/b/butleji01.html
Luol Deng,Chicago Bulls,CHI,9,SF,6-9,220,"April 16, 1985",ss,9,Duke University,/players/d/denglu01.html
Mike Dunleavy,Chicago Bulls,CHI,34,SF,6-9,230,"September 15, 1980",us,11,Duke University,/players/d/dunlemi02.html
Jimmer Fredette,Chicago Bulls,CHI,32,SG,6-2,195,"February 25, 1989",us,2,Brigham Young University,/players/f/fredeji01.html
Taj Gibson,Chicago Bulls,CHI,22,PF,6-9,225,"June 24, 1985",us,4,University of Southern California,/players/g/gibsota01.html
Kirk Hinrich,Chicago Bulls,CHI,12,PG,6-4,190,"January 2, 1981",us,10,University of Kansas,/players/h/hinriki01.html
Mike James,Chicago Bulls,CHI,8,PG,6-2,188,"June 23, 1975",us,11,Duquesne University,/players/j/jamesmi01.html
Cartier Martin,Chicago Bulls,CHI,15,SF,6-7,220,"November 20, 1984",us,5,Kansas State University,/players/m/martica01.html
Nazr Mohammed,Chicago Bulls,CHI,48,C,6-10,221,"September 5, 1977",us,15,University of Kentucky,/players/m/mohamna01.html
Erik Murphy,Chicago Bulls,CHI,31,C,6-10,230,"October 26, 1990",fr,R,University of Florida,/players/m/murpher01.html
Joakim Noah,Chicago Bulls,CHI,13,C,6-11,232,"February 25, 1985",us,6,University of Florida,/players/n/noahjo01.html
Derrick Rose,Chicago Bulls,CHI,1,PG,6-3,190,"October 4, 1988",us,4,University of Memphis,/players/r/rosede01.html
Tornike Shengelia,Chicago Bulls,CHI,7,SF,6-9,217,"October 5, 1991",ge,1,,/players/s/shengto01.html
Tony Snell,Chicago Bulls,CHI,20,SG,6-7,200,"November 10, 1991",us,R,University of New Mexico,/players/s/snellto01.html
Marquis Teague,Chicago Bulls,CHI,25,SG,6-2,189,"February 28, 1993",us,1,University of Kentucky,/players/t/teaguma01.html
Jarvis Varnado,Chicago Bulls,CHI,32,PF,6-9,230,"March 1, 1988",us,1,Mississippi State University,/players/v/varnaja01.html
Anthony Bennett,Cleveland Cavaliers,CLE,15,PF,6-8,245,"March 14, 1993",ca,R,"University of Nevada, Las Vegas",/players/b/bennean01.html
Andrew Bynum,Cleveland Cavaliers,CLE,21,C,7-0,285,"October 27, 1987",us,7,,/players/b/bynuman01.html
Earl Clark,Cleveland Cavaliers,CLE,6,PF,6-10,225,"January 17, 1988",us,4,University of Louisville,/players/c/clarkea01.html
Seth Curry,Cleveland Cavaliers,CLE,31,PG,6-2,185,"August 23, 1990",us,R,Duke University,/players/c/curryse01.html
Matthew Dellavedova,Cleveland Cavaliers,CLE,8-9,SG,6-4,198,"September 8, 1990",au,R,Saint Mary's College of California,/players/d/dellama01.html
Luol Deng,Cleveland Cavaliers,CLE,9,SF,6-9,220,"April 16, 1985",ss,9,Duke University,/players/d/denglu01.html
Shane Edwards,Cleveland Cavaliers,CLE,24,SF,6-7,220,"May 31, 1987",us,R,University of Arkansas at Little Rock,/players/e/edwarsh01.html
Carrick Felix,Cleveland Cavaliers,CLE,30,SG,6-6,201,"August 17, 1990",us,R,Arizona State University,/players/f/felixca01.html
Alonzo Gee,Cleveland Cavaliers,CLE,33,SF,6-6,225,"May 29, 1987",us,4,University of Alabama,/players/g/geeal01.html
Spencer Hawes,Cleveland Cavaliers,CLE,32,C,7-1,245,"April 28, 1988",us,6,University of Washington,/players/h/hawessp01.html
Scotty Hopson,Cleveland Cavaliers,CLE,24,SG,6-7,204,"August 8, 1989",us,R,University of Tennessee,/players/h/hopsosc01.html
Kyrie Irving,Cleveland Cavaliers,CLE,2,PG,6-3,193,"March 23, 1992",au,2,Duke University,/players/i/irvinky01.html
Jarrett Jack,Cleveland Cavaliers,CLE,1,PG,6-3,200,"October 28, 1983",us,8,Georgia Institute of Technology,/players/j/jackja01.html
Sergey Karasev,Cleveland Cavaliers,CLE,10,SF,6-7,208,"October 26, 1993",ru,R,,/players/k/karasse01.html
C.J. Miles,Cleveland Cavaliers,CLE,0,SG,6-6,231,"April 18, 1987",us,8,,/players/m/milescj01.html
Arinze Onuaku,Cleveland Cavaliers,CLE,50,PF,6-9,275,"July 13, 1987",us,R,Syracuse University,/players/o/onuakar01.html
Henry Sims,Cleveland Cavaliers,CLE,14,C,6-10,248,"March 27, 1990",us,1,Georgetown University,/players/s/simshe01.html
Tristan Thompson,Cleveland Cavaliers,CLE,13,PF,6-9,238,"March 13, 1991",ca,2,University of Texas at Austin,/players/t/thomptr01.html
Anderson Varejao,Cleveland Cavaliers,CLE,17,C,6-10,273,"September 28, 1982",br,9,,/players/v/varejan01.html
Dion Waiters,Cleveland Cavaliers,CLE,3,SG,6-4,225,"December 10, 1991",us,1,Syracuse University,/players/w/waitedi01.html
Tyler Zeller,Cleveland Cavaliers,CLE,40,C,7-0,253,"January 17, 1990",us,1,University of North Carolina,/players/z/zellety01.html
DeJuan Blair,Dallas Mavericks,DAL,45,PF,6-7,270,"April 22, 1989",us,4,University of Pittsburgh,/players/b/blairde01.html
Jose Calderon,Dallas Mavericks,DAL,8,PG,6-3,200,"September 28, 1981",es,8,,/players/c/caldejo01.html
Vince Carter,Dallas Mavericks,DAL,25,SG,6-6,220,"January 26, 1977",us,15,University of North Carolina,/players/c/cartevi01.html
Jae Crowder,Dallas Mavericks,DAL,9,SF,6-6,235,"July 6, 1990",us,1,Marquette University,/players/c/crowdja01.html
Samuel Dalembert,Dallas Mavericks,DAL,1,C,6-11,255,"May 10, 1981",ht,11,Seton Hall University,/players/d/dalemsa01.html
Wayne Ellington,Dallas Mavericks,DAL,21,SG,6-4,200,"October 29, 1987",us,4,University of North Carolina,/players/e/ellinwa01.html
Monta Ellis,Dallas Mavericks,DAL,11,PG,6-3,185,"October 26, 1985",us,8,,/players/e/ellismo01.html
Devin Harris,Dallas Mavericks,DAL,20,PG,6-3,192,"February 27, 1983",us,9,University of Wisconsin,/players/h/harride01.html
Bernard James,Dallas Mavericks,DAL,5,C,6-10,240,"February 7, 1985",us,1,Florida State University,/players/j/jamesbe01.html
Shane Larkin,Dallas Mavericks,DAL,3,PG,5-11,175,"October 2, 1992",us,R,University of Miami,/players/l/larkish01.html
Ricky Ledo,Dallas Mavericks,DAL,7,SG,6-7,195,"September 10, 1992",us,R,,/players/l/ledori01.html
Shawn Marion,Dallas Mavericks,DAL,0,SF,6-7,220,"May 7, 1978",us,14,"University of Nevada, Las Vegas",/players/m/mariosh01.html
Gal Mekel,Dallas Mavericks,DAL,33,PG,6-3,191,"March 4, 1988",il,R,Wichita State University,/players/m/mekelga01.html
Dirk Nowitzki,Dallas Mavericks,DAL,41,PF,7-0,245,"June 19, 1978",de,15,,/players/n/nowitdi01.html
Brandan Wright,Dallas Mavericks,DAL,34,C,6-10,210,"October 5, 1987",us,5,University of North Carolina,/players/w/wrighbr03.html
Darrell Arthur,Denver Nuggets,DEN,00,SF,6-9,235,"March 25, 1988",us,4,University of Kansas,/players/a/arthuda01.html
Aaron Brooks,Denver Nuggets,DEN,0,PG,6-0,161,"January 14, 1985",us,5,University of Oregon,/players/b/brookaa01.html
Wilson Chandler,Denver Nuggets,DEN,21,SF,6-8,225,"May 10, 1987",us,6,DePaul University,/players/c/chandwi01.html
Kenneth Faried,Denver Nuggets,DEN,35,PF,6-8,228,"November 19, 1989",us,2,Morehead State University,/players/f/farieke01.html
Evan Fournier,Denver Nuggets,DEN,94,SG,6-7,205,"October 29, 1992",fr,1,,/players/f/fournev01.html
Randy Foye,Denver Nuggets,DEN,4,SG,6-4,213,"September 24, 1983",us,7,Villanova University,/players/f/foyera01.html
Jordan Hamilton,Denver Nuggets,DEN,1,SF,6-7,220,"October 6, 1990",us,2,University of Texas at Austin,/players/h/hamiljo02.html
J.J. Hickson,Denver Nuggets,DEN,7,PF,6-9,242,"September 4, 1988",us,5,North Carolina State University,/players/h/hicksjj01.html
Ty Lawson,Denver Nuggets,DEN,3,PG,5-11,195,"November 3, 1987",us,4,University of North Carolina,/players/l/lawsoty01.html
JaVale McGee,Denver Nuggets,DEN,34,C,7-0,270,"January 19, 1988",us,5,"University of Nevada, Reno",/players/m/mcgeeja01.html
Andre Miller,Denver Nuggets,DEN,24,SG,6-3,200,"March 19, 1976",us,14,University of Utah,/players/m/millean02.html
Quincy Miller,Denver Nuggets,DEN,30,PF,6-9,210,"November 18, 1992",us,1,Baylor University,/players/m/millequ01.html
Timofey Mozgov,Denver Nuggets,DEN,25,C,7-1,275,"July 16, 1986",ru,3,,/players/m/mozgoti01.html
Anthony Randolph,Denver Nuggets,DEN,15,PF,6-10,205,"July 15, 1989",de,5,Louisiana State University,/players/r/randoan01.html
Nate Robinson,Denver Nuggets,DEN,10,PG,5-9,180,"May 31, 1984",us,8,University of Washington,/players/r/robinna01.html
Jan Vesely,Denver Nuggets,DEN,24,PF,6-11,240,"April 24, 1990",cz,2,,/players/v/veselja01.html
Chauncey Billups,Detroit Pistons,DET,1,SG,6-3,202,"September 25, 1976",us,16,University of Colorado,/players/b/billuch01.html
Will Bynum,Detroit Pistons,DET,12,PG,6-0,185,"January 4, 1983",us,6,Georgia Institute of Technology,/players/b/bynumwi01.html
Kentavious Caldwell-Pope,Detroit Pistons,DET,5,SG,6-5,205,"February 18, 1993",us,R,University of Georgia,/players/c/caldwke01.html
Luigi Datome,Detroit Pistons,DET,13,SF,6-8,215,"November 27, 1987",it,R,,/players/d/datomlu01.html
Andre Drummond,Detroit Pistons,DET,0,C,6-11,279,"August 10, 1993",us,1,University of Connecticut,/players/d/drumman01.html
Josh Harrellson,Detroit Pistons,DET,55,C,6-10,275,"February 12, 1989",us,2,University of Kentucky,/players/h/harrejo01.html
Brandon Jennings,Detroit Pistons,DET,7,PG,6-1,169,"September 23, 1989",us,4,,/players/j/jennibr01.html
Jonas Jerebko,Detroit Pistons,DET,33,PF,6-10,231,"March 2, 1987",se,3,,/players/j/jerebjo01.html
Tony Mitchell,Detroit Pistons,DET,9,PF,6-8,235,"April 7, 1992",us,R,University of North Texas,/players/m/mitchto02.html
Greg Monroe,Detroit Pistons,DET,10,PF,6-11,265,"June 4, 1990",us,3,Georgetown University,/players/m/monrogr01.html
Kyle Singler,Detroit Pistons,DET,25,SF,6-8,228,"May 4, 1988",us,1,Duke University,/players/s/singlky01.html
Peyton Siva,Detroit Pistons,DET,34,SG,6-0,185,"October 24, 1990",us,R,University of Louisville,/players/s/sivape01.html
Josh Smith,Detroit Pistons,DET,6,SF,6-9,225,"December 5, 1985",us,9,,/players/s/smithjo03.html
Rodney Stuckey,Detroit Pistons,DET,3,SG,6-5,205,"April 21, 1986",us,6,Eastern Washington University,/players/s/stuckro01.html
Charlie Villanueva,Detroit Pistons,DET,31,PF,6-11,232,"August 24, 1984",us,8,University of Connecticut,/players/v/villach01.html
Hilton Armstrong,Golden State Warriors,GSW,57,C,6-11,235,"November 11, 1984",us,5,University of Connecticut,/players/a/armsthi01.html
Harrison Barnes,Golden State Warriors,GSW,40,SF,6-8,210,"May 30, 1992",us,1,University of North Carolina,/players/b/barneha02.html
Kent Bazemore,Golden State Warriors,GSW,20,SG,6-5,201,"July 1, 1989",us,1,Old Dominion University,/players/b/bazemke01.html
Steve Blake,Golden State Warriors,GSW,25,PG,6-3,172,"February 26, 1980",us,10,University of Maryland,/players/b/blakest01.html
Andrew Bogut,Golden State Warriors,GSW,12,C,7-0,260,"November 28, 1984",au,8,University of Utah,/players/b/bogutan01.html
MarShon Brooks,Golden State Warriors,GSW,2,SG,6-5,200,"January 26, 1989",us,2,Providence College,/players/b/brookma01.html
Jordan Crawford,Golden State Warriors,GSW,55,SG,6-4,195,"October 23, 1988",us,3,Xavier University,/players/c/crawfjo02.html
Stephen Curry,Golden State Warriors,GSW,30,PG,6-3,185,"March 14, 1988",us,4,Davidson College,/players/c/curryst01.html
Dewayne Dedmon,Golden State Warriors,GSW,21,C,7-0,245,"August 12, 1989",us,R,University of Southern California,/players/d/dedmode01.html
Toney Douglas,Golden State Warriors,GSW,0,PG,6-2,195,"March 16, 1986",us,4,Florida State University,/players/d/douglto01.html
Draymond Green,Golden State Warriors,GSW,23,SF,6-7,230,"March 4, 1990",us,1,Michigan State University,/players/g/greendr01.html
Andre Iguodala,Golden State Warriors,GSW,9,SF,6-6,207,"January 28, 1984",us,9,University of Arizona,/players/i/iguodan01.html
Ognjen Kuzmic,Golden State Warriors,GSW,1,C,7-1,251,"May 16, 1990",ba,R,,/players/k/kuzmiog01.html
David Lee,Golden State Warriors,GSW,10,PF,6-9,245,"April 29, 1983",us,8,University of Florida,/players/l/leeda02.html
Nemanja Nedovic,Golden State Warriors,GSW,8,SG,6-3,192,"June 16, 1991",rs,R,,/players/n/nedovne01.html
Jermaine O'Neal,Golden State Warriors,GSW,7,PF,6-11,226,"October 13, 1978",us,17,,/players/o/onealje01.html
Marreese Speights,Golden State Warriors,GSW,5,C,6-10,255,"August 4, 1987",us,5,University of Florida,/players/s/speigma01.html
Klay Thompson,Golden State Warriors,GSW,11,SG,6-7,205,"February 8, 1990",us,2,Washington State University,/players/t/thompkl01.html
Omer Asik,Houston Rockets,HOU,3,C,7-0,255,"July 4, 1986",tr,3,,/players/a/asikom01.html
Patrick Beverley,Houston Rockets,HOU,2,PG,6-1,185,"July 12, 1988",us,1,University of Arkansas,/players/b/beverpa01.html
Ronnie Brewer,Houston Rockets,HOU,10,SF,6-7,220,"March 20, 1985",us,7,University of Arkansas,/players/b/brewero02.html
Aaron Brooks,Houston Rockets,HOU,0,PG,6-0,161,"January 14, 1985",us,5,University of Oregon,/players/b/brookaa01.html
Isaiah Canaan,Houston Rockets,HOU,1,PG,6-0,201,"May 21, 1991",us,R,Murray State University,/players/c/canaais01.html
Omri Casspi,Houston Rockets,HOU,18,PF,6-9,225,"June 22, 1988",il,4,,/players/c/casspom01.html
Robert Covington,Houston Rockets,HOU,33,SF,6-9,215,"December 14, 1990",us,R,Tennessee State University,/players/c/covinro01.html
Troy Daniels,Houston Rockets,HOU,30,SG,6-4,205,"July 15, 1991",us,R,Virginia Commonwealth University,/players/d/danietr01.html
Francisco Garcia,Houston Rockets,HOU,32,SF,6-7,195,"December 31, 1981",do,8,University of Louisville,/players/g/garcifr01.html
Jordan Hamilton,Houston Rockets,HOU,5,SF,6-7,220,"October 6, 1990",us,2,University of Texas at Austin,/players/h/hamiljo02.html
James Harden,Houston Rockets,HOU,13,SG,6-5,220,"August 26, 1989",us,4,Arizona State University,/players/h/hardeja01.html
Dwight Howard,Houston Rockets,HOU,12,C,6-11,265,"December 8, 1985",us,9,,/players/h/howardw01.html
Terrence Jones,Houston Rockets,HOU,6,PF,6-9,252,"January 9, 1992",us,1,University of Kentucky,/players/j/joneste01.html
Jeremy Lin,Houston Rockets,HOU,7,PG,6-3,200,"August 23, 1988",us,3,Harvard University,/players/l/linje01.html
Donatas Motiejunas,Houston Rockets,HOU,20,PF,7-0,222,"September 20, 1990",lt,1,,/players/m/motiedo01.html
Chandler Parsons,Houston Rockets,HOU,25,SF,6-9,227,"October 25, 1988",us,2,University of Florida,/players/p/parsoch01.html
Josh Powell,Houston Rockets,HOU,21,F,6-9,225,"January 25, 1983",us,6,North Carolina State University,/players/p/poweljo01.html
Greg Smith,Houston Rockets,HOU,4,C,6-10,250,"January 8, 1991",us,2,"California State University, Fresno",/players/s/smithgr02.html
Lavoy Allen,Indiana Pacers,IND,5,PF,6-9,255,"February 4, 1989",us,2,Temple University,/players/a/allenla01.html
Rasual Butler,Indiana Pacers,IND,8,SG,6-7,215,"May 23, 1979",us,10,La Salle University,/players/b/butlera01.html
Andrew Bynum,Indiana Pacers,IND,17,C,7-0,285,"October 27, 1987",us,7,,/players/b/bynuman01.html
Chris Copeland,Indiana Pacers,IND,22,SF,6-9,239,"March 17, 1984",us,1,University of Colorado,/players/c/copelch01.html
Paul George,Indiana Pacers,IND,24,SF,6-9,220,"May 2, 1990",us,3,"California State University, Fresno",/players/g/georgpa01.html
Danny Granger,Indiana Pacers,IND,33,SF,6-9,222,"April 20, 1983",us,8,University of New Mexico,/players/g/grangda01.html
Roy Hibbert,Indiana Pacers,IND,55,C,7-2,270,"December 11, 1986",us,5,Georgetown University,/players/h/hibbero01.html
George Hill,Indiana Pacers,IND,3,PG,6-3,188,"May 4, 1986",us,5,Indiana University-Purdue University Indianapolis,/players/h/hillge01.html
Solomon Hill,Indiana Pacers,IND,9,SF,6-7,225,"March 18, 1991",us,R,University of Arizona,/players/h/hillso01.html
Orlando Johnson,Indiana Pacers,IND,11,SG,6-5,220,"March 11, 1989",us,1,"University of California, Santa Barbara",/players/j/johnsor01.html
Ian Mahinmi,Indiana Pacers,IND,28,C,6-11,250,"November 5, 1986",fr,5,,/players/m/mahinia01.html
Luis Scola,Indiana Pacers,IND,4,PF,6-9,240,"April 30, 1980",ar,6,,/players/s/scolalu01.html
Donald Sloan,Indiana Pacers,IND,15,SG,6-3,205,"January 15, 1988",us,2,Texas A&M University,/players/s/sloando01.html
Lance Stephenson,Indiana Pacers,IND,1,SG,6-5,230,"September 5, 1990",us,3,University of Cincinnati,/players/s/stephla01.html
Evan Turner,Indiana Pacers,IND,12,SF,6-7,220,"October 27, 1988",us,3,Ohio State University,/players/t/turneev01.html
C.J. Watson,Indiana Pacers,IND,32,PG,6-2,175,"April 17, 1984",us,6,University of Tennessee,/players/w/watsocj01.html
David West,Indiana Pacers,IND,21,PF,6-9,250,"August 29, 1980",us,10,Xavier University,/players/w/westda01.html
Matt Barnes,Los Angeles Clippers,LAC,22,SF,6-7,226,"March 9, 1980",us,10,"University of California, Los Angeles",/players/b/barnema02.html
Reggie Bullock,Los Angeles Clippers,LAC,25,SF,6-7,205,"March 16, 1991",us,R,University of North Carolina,/players/b/bullore01.html
Darren Collison,Los Angeles Clippers,LAC,2,PG,6-0,175,"August 23, 1987",us,4,"University of California, Los Angeles",/players/c/collida01.html
Jamal Crawford,Los Angeles Clippers,LAC,11,SG,6-5,195,"March 20, 1980",us,13,University of Michigan,/players/c/crawfja01.html
Glen Davis,Los Angeles Clippers,LAC,,PF,6-9,289,"January 1, 1986",us,6,Louisiana State University,/players/d/davisgl01.html
Jared Dudley,Los Angeles Clippers,LAC,9,SF,6-7,225,"July 10, 1985",us,6,Boston College,/players/d/dudleja01.html
Danny Granger,Los Angeles Clippers,LAC,33,SF,6-9,222,"April 20, 1983",us,8,University of New Mexico,/players/g/grangda01.html
Willie Green,Los Angeles Clippers,LAC,34,SG,6-4,200,"July 28, 1981",us,10,University of Detroit Mercy,/players/g/greenwi01.html
Blake Griffin,Los Angeles Clippers,LAC,32,PF,6-10,251,"March 16, 1989",us,3,University of Oklahoma,/players/g/griffbl01.html
Ryan Hollins,Los Angeles Clippers,LAC,15,PF,7-0,240,"October 10, 1984",us,7,"University of California, Los Angeles",/players/h/holliry01.html
Stephen Jackson,Los Angeles Clippers,LAC,1,SF,6-8,218,"April 5, 1978",us,13,Butler County Community College,/players/j/jacksst02.html
Antawn Jamison,Los Angeles Clippers,LAC,33,PF,6-8,223,"June 12, 1976",us,15,University of North Carolina,/players/j/jamisan01.html
DeAndre Jordan,Los Angeles Clippers,LAC,6,C,6-11,265,"July 21, 1988",us,5,Texas A&M University,/players/j/jordade01.html
Darius Morris,Los Angeles Clippers,LAC,7,PG,6-4,190,"January 3, 1991",us,2,University of Michigan,/players/m/morrida01.html
Byron Mullens,Los Angeles Clippers,LAC,0,C,7-0,275,"February 14, 1989",us,4,Ohio State University,/players/m/mulleby01.html
Chris Paul,Los Angeles Clippers,LAC,3,PG,6-0,175,"May 6, 1985",us,8,Wake Forest University,/players/p/paulch01.html
J.J. Redick,Los Angeles Clippers,LAC,4,SG,6-4,190,"June 24, 1984",us,7,Duke University,/players/r/redicjj01.html
Hedo Turkoglu,Los Angeles Clippers,LAC,8,SF,6-10,220,"March 19, 1979",tr,13,,/players/t/turkohe01.html
Sasha Vujacic,Los Angeles Clippers,LAC,18,SG,6-7,195,"March 8, 1984",si,7,,/players/v/vujacsa01.html
Maalik Wayns,Los Angeles Clippers,LAC,5,PG,6-2,200,"May 2, 1991",us,1,Villanova University,/players/w/waynsma01.html
Kent Bazemore,Los Angeles Lakers,LAL,6,SG,6-5,201,"July 1, 1989",us,1,Old Dominion University,/players/b/bazemke01.html
Steve Blake,Los Angeles Lakers,LAL,5,PG,6-3,172,"February 26, 1980",us,10,University of Maryland,/players/b/blakest01.html
MarShon Brooks,Los Angeles Lakers,LAL,2,SG,6-5,200,"January 26, 1989",us,2,Providence College,/players/b/brookma01.html
Kobe Bryant,Los Angeles Lakers,LAL,24,SG,6-6,212,"August 23, 1978",us,17,,/players/b/bryanko01.html
Jordan Farmar,Los Angeles Lakers,LAL,1,PG,6-2,180,"November 30, 1986",us,6,"University of California, Los Angeles",/players/f/farmajo01.html
Pau Gasol,Los Angeles Lakers,LAL,16,C,7-0,250,"July 6, 1980",es,12,,/players/g/gasolpa01.html
Elias Harris,Los Angeles Lakers,LAL,2,SF,6-8,239,"July 6, 1989",de,R,Gonzaga University,/players/h/harriel01.html
Manny Harris,Los Angeles Lakers,LAL,3,SG,6-5,185,"September 21, 1989",us,2,University of Michigan,/players/h/harrima01.html
Xavier Henry,Los Angeles Lakers,LAL,7,SF,6-6,220,"March 15, 1991",be,3,University of Kansas,/players/h/henryxa01.html
Jordan Hill,Los Angeles Lakers,LAL,27,PF,6-10,235,"July 27, 1987",us,4,University of Arizona,/players/h/hilljo01.html
Wesley Johnson,Los Angeles Lakers,LAL,11,SF,6-7,215,"July 11, 1987",us,3,Syracuse University,/players/j/johnswe01.html
Chris Kaman,Los Angeles Lakers,LAL,9,C,7-0,265,"April 28, 1982",us,10,Central Michigan University,/players/k/kamanch01.html
Ryan Kelly,Los Angeles Lakers,LAL,4,PF,6-11,230,"April 9, 1991",us,R,Duke University,/players/k/kellyry01.html
Kendall Marshall,Los Angeles Lakers,LAL,12,PG,6-4,200,"August 19, 1991",us,1,University of North Carolina,/players/m/marshke01.html
Jodie Meeks,Los Angeles Lakers,LAL,20,SG,6-4,208,"August 21, 1987",us,4,University of Kentucky,/players/m/meeksjo01.html
Steve Nash,Los Angeles Lakers,LAL,10,PG,6-3,195,"February 7, 1974",za,17,Santa Clara University,/players/n/nashst01.html
Robert Sacre,Los Angeles Lakers,LAL,50,C,7-0,270,"June 6, 1989",us,1,Gonzaga University,/players/s/sacrero01.html
Shawne Williams,Los Angeles Lakers,LAL,3,PF,6-9,225,"February 16, 1986",us,5,University of Memphis,/players/w/willish03.html
Nick Young,Los Angeles Lakers,LAL,0,SG,6-7,210,"June 1, 1985",us,6,University of Southern California,/players/y/youngni01.html
Tony Allen,Memphis Grizzlies,MEM,9,SG,6-4,213,"January 11, 1982",us,9,Oklahoma State University,/players/a/allento01.html
Jerryd Bayless,Memphis Grizzlies,MEM,7,PG,6-3,200,"August 20, 1988",us,5,University of Arizona,/players/b/bayleje01.html
Nick Calathes,Memphis Grizzlies,MEM,12,SG,6-6,213,"February 7, 1989",us,R,University of Florida,/players/c/calatni01.html
Mike Conley,Memphis Grizzlies,MEM,11,PG,6-1,175,"October 11, 1987",us,6,Ohio State University,/players/c/conlemi01.html
Seth Curry,Memphis Grizzlies,MEM,1,PG,6-2,185,"August 23, 1990",us,R,Duke University,/players/c/curryse01.html
Ed Davis,Memphis Grizzlies,MEM,32,PF,6-10,240,"June 5, 1989",us,3,University of North Carolina,/players/d/davised01.html
Jamaal Franklin,Memphis Grizzlies,MEM,22,SG,6-5,191,"July 21, 1991",us,R,San Diego State University,/players/f/frankja01.html
Marc Gasol,Memphis Grizzlies,MEM,33,C,7-1,255,"January 29, 1985",es,5,,/players/g/gasolma01.html
James Johnson,Memphis Grizzlies,MEM,3,SF,6-9,250,"February 20, 1987",us,4,Wake Forest University,/players/j/johnsja01.html
Kosta Koufos,Memphis Grizzlies,MEM,41,C,7-0,265,"February 24, 1989",us,5,Ohio State University,/players/k/koufoko01.html
Courtney Lee,Memphis Grizzlies,MEM,5,SG,6-5,200,"October 3, 1985",us,5,Western Kentucky University,/players/l/leeco01.html
Jon Leuer,Memphis Grizzlies,MEM,30,PF,6-10,228,"May 14, 1989",us,2,University of Wisconsin,/players/l/leuerjo01.html
Mike Miller,Memphis Grizzlies,MEM,13,SF,6-8,218,"February 19, 1980",us,13,University of Florida,/players/m/millemi01.html
Darius Morris,Memphis Grizzlies,MEM,7,PG,6-4,190,"January 3, 1991",us,2,University of Michigan,/players/m/morrida01.html
Quincy Pondexter,Memphis Grizzlies,MEM,20,SG,6-7,220,"March 10, 1988",us,3,University of Washington,/players/p/pondequ01.html
Tayshaun Prince,Memphis Grizzlies,MEM,21,SF,6-9,212,"February 28, 1980",us,11,University of Kentucky,/players/p/princta01.html
Zach Randolph,Memphis Grizzlies,MEM,50,PF,6-9,260,"July 16, 1981",us,12,Michigan State University,/players/r/randoza01.html
Beno Udrih,Memphis Grizzlies,MEM,19,SG,6-3,205,"July 5, 1982",si,9,,/players/u/udrihbe01.html
Ray Allen,Miami Heat,MIA,34,SG,6-5,205,"July 20, 1975",us,17,University of Connecticut,/players/a/allenra02.html
Chris Andersen,Miami Heat,MIA,11,C,6-10,245,"July 7, 1978",us,11,Blinn College,/players/a/anderch01.html
Joel Anthony,Miami Heat,MIA,50,C,6-9,245,"August 9, 1982",ca,6,"University of Nevada, Las Vegas",/players/a/anthojo01.html
Shane Battier,Miami Heat,MIA,31,SF,6-8,220,"September 9, 1978",us,12,Duke University,/players/b/battish01.html
Michael Beasley,Miami Heat,MIA,8,SF,6-9,235,"January 9, 1989",us,5,Kansas State University,/players/b/beaslmi01.html
Chris Bosh,Miami Heat,MIA,1,C,6-11,235,"March 24, 1984",us,10,Georgia Institute of Technology,/players/b/boshch01.html
Mario Chalmers,Miami Heat,MIA,15,PG,6-2,190,"May 19, 1986",us,5,University of Kansas,/players/c/chalmma01.html
Norris Cole,Miami Heat,MIA,30,PG,6-2,175,"October 13, 1988",us,2,Cleveland State University,/players/c/coleno01.html
Toney Douglas,Miami Heat,MIA,0,PG,6-2,195,"March 16, 1986",us,4,Florida State University,/players/d/douglto01.html
Justin Hamilton,Miami Heat,MIA,7,C,7-0,260,"April 1, 1990",us,R,Louisiana State University,/players/h/hamilju01.html
Udonis Haslem,Miami Heat,MIA,40,PF,6-8,235,"June 9, 1980",us,10,University of Florida,/players/h/hasleud01.html
LeBron James,Miami Heat,MIA,6,PF,6-8,250,"December 30, 1984",us,10,,/players/j/jamesle01.html
James Jones,Miami Heat,MIA,22,SF,6-8,218,"October 4, 1980",us,10,University of Miami,/players/j/jonesja02.html
Rashard Lewis,Miami Heat,MIA,9,SF,6-10,215,"August 8, 1979",us,15,,/players/l/lewisra02.html
DeAndre Liggins,Miami Heat,MIA,14,SG,6-6,209,"March 31, 1988",us,2,University of Kentucky,/players/l/liggide01.html
Roger Mason,Miami Heat,MIA,21,SG,6-5,200,"September 10, 1980",us,9,University of Virginia,/players/m/masonro01.html
Greg Oden,Miami Heat,MIA,20,C,7-0,250,"January 22, 1988",us,2,Ohio State University,/players/o/odengr01.html
Dwyane Wade,Miami Heat,MIA,3,SG,6-4,220,"January 17, 1982",us,10,Marquette University,/players/w/wadedw01.html
Jeff Adrien,Milwaukee Bucks,MIL,12,PF,6-7,245,"February 10, 1986",us,3,University of Connecticut,/players/a/adrieje01.html
Giannis Antetokounmpo,Milwaukee Bucks,MIL,34,SF,6-11,222,"December 6, 1994",gr,R,,/players/a/antetgi01.html
Caron Butler,Milwaukee Bucks,MIL,3,SF,6-7,228,"March 13, 1980",us,11,University of Connecticut,/players/b/butleca01.html
John Henson,Milwaukee Bucks,MIL,31,PF,6-11,229,"December 28, 1990",us,1,University of North Carolina,/players/h/hensojo01.html
Ersan Ilyasova,Milwaukee Bucks,MIL,7,PF,6-10,235,"May 15, 1987",tr,5,,/players/i/ilyaser01.html
Brandon Knight,Milwaukee Bucks,MIL,11,PG,6-3,189,"December 2, 1991",us,2,University of Kentucky,/players/k/knighbr03.html
O.J. Mayo,Milwaukee Bucks,MIL,00,SG,6-5,210,"November 5, 1987",us,5,University of Southern California,/players/m/mayooj01.html
Khris Middleton,Milwaukee Bucks,MIL,22,SF,6-8,234,"August 12, 1991",us,1,Texas A&M University,/players/m/middlkh01.html
Tony Mitchell,Milwaukee Bucks,MIL,18,SF,6-6,216,"August 7, 1989",us,R,University of Alabama,/players/m/mitchto03.html
Gary Neal,Milwaukee Bucks,MIL,12,SG,6-4,210,"October 3, 1984",us,3,Towson University,/players/n/nealga01.html
Zaza Pachulia,Milwaukee Bucks,MIL,27,C,6-11,270,"February 10, 1984",ge,10,,/players/p/pachuza01.html
Miroslav Raduljica,Milwaukee Bucks,MIL,9,C,7-0,250,"January 5, 1988",rs,R,,/players/r/radulmi01.html
Luke Ridnour,Milwaukee Bucks,MIL,13,PG,6-2,175,"February 13, 1981",us,10,University of Oregon,/players/r/ridnolu01.html
Larry Sanders,Milwaukee Bucks,MIL,8,C,6-11,235,"November 21, 1988",us,3,Virginia Commonwealth University,/players/s/sandela01.html
Ramon Sessions,Milwaukee Bucks,MIL,13,PG,6-3,190,"April 11, 1986",us,6,"University of Nevada, Reno",/players/s/sessira01.html
D.J. Stephens,Milwaukee Bucks,MIL,15,SG,6-5,190,"December 19, 1990",us,R,University of Memphis,/players/s/stephdj01.html
Ekpe Udoh,Milwaukee Bucks,MIL,5,PF,6-10,240,"May 20, 1987",us,3,Baylor University,/players/u/udohek01.html
Nate Wolters,Milwaukee Bucks,MIL,6,PG,6-4,190,"May 15, 1991",us,R,South Dakota State University,/players/w/woltena01.html
Chris Wright,Milwaukee Bucks,MIL,15,SF,6-8,226,"September 30, 1988",us,1,University of Dayton,/players/w/wrighch01.html
J.J. Barea,Minnesota Timberwolves,MIN,11,PG,6-0,185,"June 26, 1984",pr,7,Northeastern University,/players/b/bareajo01.html
Corey Brewer,Minnesota Timberwolves,MIN,13,SF,6-9,186,"March 5, 1986",us,6,University of Florida,/players/b/breweco01.html
Chase Budinger,Minnesota Timberwolves,MIN,10,SF,6-7,209,"May 22, 1988",us,4,University of Arizona,/players/b/budinch01.html
Dante Cunningham,Minnesota Timberwolves,MIN,33,PF,6-8,230,"April 22, 1987",us,4,Villanova University,/players/c/cunnida01.html
Gorgui Dieng,Minnesota Timberwolves,MIN,5,C,6-11,241,"January 18, 1990",sn,R,University of Louisville,/players/d/dienggo01.html
Robbie Hummel,Minnesota Timberwolves,MIN,6,SF,6-8,215,"March 8, 1989",us,R,Purdue University,/players/h/hummero01.html
Othyus Jeffers,Minnesota Timberwolves,MIN,,G,6-5,200,"August 5, 1985",us,2,Robert Morris University (IL),/players/j/jeffeot01.html
Kevin Love,Minnesota Timberwolves,MIN,42,PF,6-10,251,"September 7, 1988",us,5,"University of California, Los Angeles",/players/l/loveke01.html
Kevin Martin,Minnesota Timberwolves,MIN,23,SG,6-7,199,"February 1, 1983",us,9,Western Carolina University,/players/m/martike02.html
Luc Mbah a Moute,Minnesota Timberwolves,MIN,12,PF,6-8,230,"September 9, 1986",cm,5,"University of California, Los Angeles",/players/m/mbahalu01.html
Shabazz Muhammad,Minnesota Timberwolves,MIN,15,SG,6-6,223,"November 13, 1992",us,R,"University of California, Los Angeles",/players/m/muhamsh01.html
Nikola Pekovic,Minnesota Timberwolves,MIN,14,C,6-11,307,"January 3, 1986",me,3,,/players/p/pekovni01.html
A.J. Price,Minnesota Timberwolves,MIN,22,SG,6-2,181,"October 7, 1986",us,4,University of Connecticut,/players/p/priceaj01.html
Ricky Rubio,Minnesota Timberwolves,MIN,9,PG,6-4,194,"October 21, 1990",es,2,,/players/r/rubiori01.html
Alexey Shved,Minnesota Timberwolves,MIN,1,SG,6-6,190,"December 16, 1988",ru,1,,/players/s/shvedal01.html
Ronny Turiaf,Minnesota Timberwolves,MIN,32,C,6-10,249,"January 13, 1983",mq,8,Gonzaga University,/players/t/turiaro01.html
Derrick Williams,Minnesota Timberwolves,MIN,7,PF,6-8,240,"May 25, 1991",us,2,University of Arizona,/players/w/willide02.html
Alexis Ajinca,New Orleans Pelicans,NOP,12-42,C,7-2,248,"May 6, 1988",fr,3,,/players/a/ajincal01.html
Al-Farouq Aminu,New Orleans Pelicans,NOP,0,SF,6-9,215,"September 21, 1990",us,3,Wake Forest University,/players/a/aminual01.html
Lou Amundson,New Orleans Pelicans,NOP,17,PF,6-9,220,"December 7, 1982",us,7,"University of Nevada, Las Vegas",/players/a/amundlo01.html
Ryan Anderson,New Orleans Pelicans,NOP,33,PF,6-10,240,"May 6, 1988",us,5,University of California,/players/a/anderry01.html
Luke Babbitt,New Orleans Pelicans,NOP,8,PF,6-9,225,"June 20, 1989",us,3,"University of Nevada, Reno",/players/b/babbilu01.html
Josh Childress,New Orleans Pelicans,NOP,8,SF,6-8,210,"June 20, 1983",us,7,Stanford University,/players/c/childjo01.html
Anthony Davis,New Orleans Pelicans,NOP,23,C,6-10,253,"March 11, 1993",us,1,University of Kentucky,/players/d/davisan02.html
Melvin Ely,New Orleans Pelicans,NOP,4,C,6-10,260,"May 2, 1978",us,8,"California State University, Fresno",/players/e/elyme01.html
Tyreke Evans,New Orleans Pelicans,NOP,1,SF,6-6,220,"September 19, 1989",us,4,University of Memphis,/players/e/evansty01.html
Eric Gordon,New Orleans Pelicans,NOP,10,SG,6-4,215,"December 25, 1988",us,5,Indiana University,/players/g/gordoer01.html
Jrue Holiday,New Orleans Pelicans,NOP,11,PG,6-4,205,"June 12, 1990",us,4,"University of California, Los Angeles",/players/h/holidjr01.html
Darius Miller,New Orleans Pelicans,NOP,2,SF,6-8,235,"March 21, 1990",us,1,University of Kentucky,/players/m/milleda01.html
Anthony Morrow,New Orleans Pelicans,NOP,3,SG,6-5,210,"September 27, 1985",us,5,Georgia Institute of Technology,/players/m/morroan01.html
Arinze Onuaku,New Orleans Pelicans,NOP,21,PF,6-9,275,"July 13, 1987",us,R,Syracuse University,/players/o/onuakar01.html
Austin Rivers,New Orleans Pelicans,NOP,25,PG,6-4,200,"August 1, 1992",us,1,Duke University,/players/r/riverau01.html
Brian Roberts,New Orleans Pelicans,NOP,22,PG,6-1,173,"December 3, 1985",us,1,University of Dayton,/players/r/roberbr01.html
Jason Smith,New Orleans Pelicans,NOP,14,PF,7-0,245,"March 2, 1986",us,5,Colorado State University,/players/s/smithja02.html
James Southerland,New Orleans Pelicans,NOP,31,F,6-8,215,"April 28, 1990",us,R,Syracuse University,/players/s/southja01.html
Greg Stiemsma,New Orleans Pelicans,NOP,34,C,6-11,260,"September 26, 1985",us,2,University of Wisconsin,/players/s/stiemgr01.html
Lance Thomas,New Orleans Pelicans,NOP,42,SF,6-8,235,"April 24, 1988",us,2,Duke University,/players/t/thomala01.html
Jeff Withey,New Orleans Pelicans,NOP,5,C,7-0,231,"March 7, 1990",us,R,University of Kansas,/players/w/witheje01.html
Cole Aldrich,New York Knicks,NYK,45,C,6-11,250,"October 31, 1988",us,3,University of Kansas,/players/a/aldrico01.html
Carmelo Anthony,New York Knicks,NYK,7,PF,6-8,240,"May 29, 1984",us,10,Syracuse University,/players/a/anthoca01.html
Andrea Bargnani,New York Knicks,NYK,77,C,7-0,245,"October 26, 1985",it,7,,/players/b/bargnan01.html
Shannon Brown,New York Knicks,NYK,26,SG,6-4,205,"November 29, 1985",us,7,Michigan State University,/players/b/brownsh01.html
Tyson Chandler,New York Knicks,NYK,6,C,7-1,240,"October 2, 1982",us,12,,/players/c/chandty01.html
Earl Clark,New York Knicks,NYK,0,PF,6-10,225,"January 17, 1988",us,4,University of Louisville,/players/c/clarkea01.html
Raymond Felton,New York Knicks,NYK,2,PG,6-1,205,"June 26, 1984",us,8,University of North Carolina,/players/f/feltora01.html
Tim Hardaway,New York Knicks,NYK,5,SG,6-6,205,"March 16, 1992",us,R,University of Michigan,/players/h/hardati02.html
Kenyon Martin,New York Knicks,NYK,3,PF,6-9,234,"December 30, 1977",us,13,University of Cincinnati,/players/m/martike01.html
Toure' Murry,New York Knicks,NYK,23,PG,6-5,195,"November 8, 1989",us,R,Wichita State University,/players/m/murryto01.html
Pablo Prigioni,New York Knicks,NYK,9,PG,6-3,185,"May 17, 1977",ar,1,,/players/p/prigipa01.html
Iman Shumpert,New York Knicks,NYK,21,SG,6-5,220,"June 26, 1990",us,2,Georgia Institute of Technology,/players/s/shumpim01.html
Chris Smith,New York Knicks,NYK,0,PG,6-2,200,"October 13, 1987",us,R,University of Louisville,/players/s/smithch05.html
J.R. Smith,New York Knicks,NYK,8,SF,6-6,225,"September 9, 1985",us,9,,/players/s/smithjr01.html
Amar'e Stoudemire,New York Knicks,NYK,1,C,6-10,245,"November 16, 1982",us,11,,/players/s/stoudam01.html
Jeremy Tyler,New York Knicks,NYK,4,C,6-10,260,"June 21, 1991",us,2,,/players/t/tylerje01.html
Beno Udrih,New York Knicks,NYK,18,SG,6-3,205,"July 5, 1982",si,9,,/players/u/udrihbe01.html
Metta World Peace,New York Knicks,NYK,51,SF,6-6,260,"November 13, 1979",us,14,St. John's University,/players/a/artesro01.html
Steven Adams,Oklahoma City Thunder,OKC,12,C,7-0,255,"July 20, 1993",nz,R,University of Pittsburgh,/players/a/adamsst01.html
Caron Butler,Oklahoma City Thunder,OKC,2,SF,6-7,228,"March 13, 1980",us,11,University of Connecticut,/players/b/butleca01.html
Nick Collison,Oklahoma City Thunder,OKC,4,PF,6-10,255,"October 26, 1980",us,9,University of Kansas,/players/c/collini01.html
Kevin Durant,Oklahoma City Thunder,OKC,35,SF,6-9,240,"September 29, 1988",us,6,University of Texas at Austin,/players/d/duranke01.html
Derek Fisher,Oklahoma City Thunder,OKC,6,SG,6-1,200,"August 9, 1974",us,17,University of Arkansas at Little Rock,/players/f/fishede01.html
Ryan Gomes,Oklahoma City Thunder,OKC,8,SF,6-7,250,"September 1, 1982",us,7,Providence College,/players/g/gomesry01.html
Serge Ibaka,Oklahoma City Thunder,OKC,9,PF,6-10,245,"September 18, 1989",cg,4,,/players/i/ibakase01.html
Royal Ivey,Oklahoma City Thunder,OKC,7,SG,6-3,200,"December 20, 1981",us,9,University of Texas at Austin,/players/i/iveyro01.html
Reggie Jackson,Oklahoma City Thunder,OKC,15,PG,6-3,208,"April 16, 1990",it,2,Boston College,/players/j/jacksre01.html
Perry Jones,Oklahoma City Thunder,OKC,3,PF,6-11,235,"September 24, 1991",us,1,Baylor University,/players/j/jonespe01.html
Jeremy Lamb,Oklahoma City Thunder,OKC,11,SG,6-5,185,"May 30, 1992",us,1,University of Connecticut,/players/l/lambje01.html
Kendrick Perkins,Oklahoma City Thunder,OKC,5,C,6-10,270,"November 10, 1984",us,10,,/players/p/perkike01.html
Andre Roberson,Oklahoma City Thunder,OKC,21,SG,6-7,210,"December 4, 1991",us,R,University of Colorado,/players/r/roberan03.html
Thabo Sefolosha,Oklahoma City Thunder,OKC,25,SG,6-7,220,"May 2, 1984",ch,7,,/players/s/sefolth01.html
Mustafa Shakur,Oklahoma City Thunder,OKC,22,PG,6-3,190,"August 18, 1984",us,1,University of Arizona,/players/s/shakumu01.html
Hasheem Thabeet,Oklahoma City Thunder,OKC,34,C,7-3,263,"February 16, 1987",tz,4,University of Connecticut,/players/t/thabeha01.html
Russell Westbrook,Oklahoma City Thunder,OKC,0,PG,6-3,200,"November 12, 1988",us,5,"University of California, Los Angeles",/players/w/westbru01.html
Reggie Williams,Oklahoma City Thunder,OKC,14,SF,6-6,205,"September 14, 1986",us,4,Virginia Military Institute,/players/w/willire02.html
Arron Afflalo,Orlando Magic,ORL,4,SG,6-5,210,"October 15, 1985",us,6,"University of California, Los Angeles",/players/a/afflaar01.html
Glen Davis,Orlando Magic,ORL,11,PF,6-9,289,"January 1, 1986",us,6,Louisiana State University,/players/d/davisgl01.html
Dewayne Dedmon,Orlando Magic,ORL,3,C,7-0,245,"August 12, 1989",us,R,University of Southern California,/players/d/dedmode01.html
Maurice Harkless,Orlando Magic,ORL,21,SF,6-9,215,"May 11, 1993",us,1,St. John's University,/players/h/harklma01.html
Tobias Harris,Orlando Magic,ORL,12,PF,6-9,235,"July 15, 1992",us,2,University of Tennessee,/players/h/harrito02.html
Solomon Jones,Orlando Magic,ORL,22,PF,6-10,230,"July 16, 1984",us,7,University of South Florida,/players/j/jonesso01.html
Doron Lamb,Orlando Magic,ORL,1,SG,6-4,210,"November 6, 1991",us,1,University of Kentucky,/players/l/lambdo01.html
Jason Maxiell,Orlando Magic,ORL,54,PF,6-7,260,"February 18, 1983",us,8,University of Cincinnati,/players/m/maxieja01.html
E'Twaun Moore,Orlando Magic,ORL,55,SG,6-4,191,"February 28, 1989",us,2,Purdue University,/players/m/mooreet01.html
Jameer Nelson,Orlando Magic,ORL,14,PG,6-0,190,"February 9, 1982",us,9,Saint Joseph's University,/players/n/nelsoja01.html
Andrew Nicholson,Orlando Magic,ORL,44,PF,6-9,250,"December 8, 1989",ca,1,St. Bonaventure University,/players/n/nichoan01.html
Kyle O'Quinn,Orlando Magic,ORL,2,C,6-10,250,"March 26, 1990",us,1,Norfolk State University,/players/o/oquinky01.html
Victor Oladipo,Orlando Magic,ORL,5,PG,6-4,210,"May 4, 1992",us,R,Indiana University,/players/o/oladivi01.html
Ronnie Price,Orlando Magic,ORL,10,SG,6-2,190,"June 21, 1983",us,8,Utah Valley State College,/players/p/pricero01.html
Adonis Thomas,Orlando Magic,ORL,8,SF,6-7,200,"March 25, 1993",us,R,University of Memphis,/players/t/thomaad01.html
Nikola Vucevic,Orlando Magic,ORL,9,C,7-0,260,"October 24, 1990",ch,2,University of Southern California,/players/v/vucevni01.html
Lavoy Allen,Philadelphia 76ers,PHI,50,PF,6-9,255,"February 4, 1989",us,2,Temple University,/players/a/allenla01.html
James Anderson,Philadelphia 76ers,PHI,9,SG,6-6,213,"March 25, 1989",us,3,Oklahoma State University,/players/a/anderja01.html
Lorenzo Brown,Philadelphia 76ers,PHI,7,PG,6-5,189,"August 26, 1990",us,R,North Carolina State University,/players/b/brownlo01.html
Michael Carter-Williams,Philadelphia 76ers,PHI,1,PG,6-6,190,"October 10, 1991",us,R,Syracuse University,/players/c/cartemi01.html
Brandon Davies,Philadelphia 76ers,PHI,20,PF,6-10,240,"July 25, 1991",us,R,Brigham Young University,/players/d/daviebr01.html
Dewayne Dedmon,Philadelphia 76ers,PHI,30,C,7-0,245,"August 12, 1989",us,R,University of Southern California,/players/d/dedmode01.html
Spencer Hawes,Philadelphia 76ers,PHI,00,C,7-1,245,"April 28, 1988",us,6,University of Washington,/players/h/hawessp01.html
Darius Johnson-Odom,Philadelphia 76ers,PHI,0,SG,6-2,215,"September 28, 1989",us,1,Marquette University,/players/j/johnsda03.html
Eric Maynor,Philadelphia 76ers,PHI,11,PG,6-3,175,"June 11, 1987",us,4,Virginia Commonwealth University,/players/m/maynoer01.html
Darius Morris,Philadelphia 76ers,PHI,7,PG,6-4,190,"January 3, 1991",us,2,University of Michigan,/players/m/morrida01.html
Arnett Moultrie,Philadelphia 76ers,PHI,5,PF,6-11,249,"November 18, 1990",us,1,Mississippi State University,/players/m/moultar01.html
Byron Mullens,Philadelphia 76ers,PHI,30,C,7-0,275,"February 14, 1989",us,4,Ohio State University,/players/m/mulleby01.html
James Nunnally,Philadelphia 76ers,PHI,12,SF,6-7,205,"July 14, 1990",us,R,"University of California, Santa Barbara",/players/n/nunnaja01.html
Daniel Orton,Philadelphia 76ers,PHI,33,C,6-10,255,"August 6, 1990",us,2,University of Kentucky,/players/o/ortonda01.html
Henry Sims,Philadelphia 76ers,PHI,35,C,6-10,248,"March 27, 1990",us,1,Georgetown University,/players/s/simshe01.html
Adonis Thomas,Philadelphia 76ers,PHI,7,F,6-7,200,"March 25, 1993",us,R,University of Memphis,/players/t/thomaad01.html
Hollis Thompson,Philadelphia 76ers,PHI,31,SF,6-8,206,"April 3, 1991",us,R,Georgetown University,/players/t/thompho01.html
Evan Turner,Philadelphia 76ers,PHI,12,SF,6-7,220,"October 27, 1988",us,3,Ohio State University,/players/t/turneev01.html
Jarvis Varnado,Philadelphia 76ers,PHI,40,PF,6-9,230,"March 1, 1988",us,1,Mississippi State University,/players/v/varnaja01.html
Casper Ware,Philadelphia 76ers,PHI,17,PG,5-10,175,"January 17, 1990",us,R,"California State University, Long Beach",/players/w/wareca01.html
Elliot Williams,Philadelphia 76ers,PHI,25,SG,6-5,190,"June 20, 1989",us,1,University of Memphis,/players/w/williel01.html
Tony Wroten,Philadelphia 76ers,PHI,8,PG,6-6,205,"April 13, 1993",us,1,University of Washington,/players/w/wroteto01.html
Thaddeus Young,Philadelphia 76ers,PHI,21,PF,6-8,221,"June 21, 1988",us,6,Georgia Institute of Technology,/players/y/youngth01.html
Leandro Barbosa,Phoenix Suns,PHO,10,PG,6-3,194,"November 28, 1982",br,10,,/players/b/barbole01.html
Eric Bledsoe,Phoenix Suns,PHO,2,PG,6-1,190,"December 9, 1989",us,3,University of Kentucky,/players/b/bledser01.html
Dionte Christmas,Phoenix Suns,PHO,25,SF,6-5,205,"September 15, 1986",us,R,Temple University,/players/c/chrisdi01.html
Goran Dragic,Phoenix Suns,PHO,1,SG,6-3,190,"May 6, 1986",si,5,,/players/d/dragigo01.html
Channing Frye,Phoenix Suns,PHO,8,PF,6-11,255,"May 17, 1983",us,7,University of Arizona,/players/f/fryech01.html
Archie Goodwin,Phoenix Suns,PHO,20,SG,6-5,200,"August 17, 1994",us,R,University of Kentucky,/players/g/goodwar01.html
Gerald Green,Phoenix Suns,PHO,14,SG,6-7,205,"January 26, 1986",us,6,,/players/g/greenge01.html
Viacheslav Kravtsov,Phoenix Suns,PHO,55,C,7-0,260,"August 25, 1987",ua,1,,/players/k/kravtvi01.html
Alex Len,Phoenix Suns,PHO,21,C,7-1,260,"June 16, 1993",ua,R,University of Maryland,/players/l/lenal01.html
Marcus Morris,Phoenix Suns,PHO,15,SF,6-9,235,"September 2, 1989",us,2,University of Kansas,/players/m/morrima03.html
Markieff Morris,Phoenix Suns,PHO,11,PF,6-10,245,"September 2, 1989",us,2,University of Kansas,/players/m/morrima02.html
Miles Plumlee,Phoenix Suns,PHO,22,C,6-11,249,"September 1, 1988",us,1,Duke University,/players/p/plumlmi01.html
Shavlik Randolph,Phoenix Suns,PHO,43,PF,6-10,240,"November 24, 1983",us,6,Duke University,/players/r/randosh01.html
Ish Smith,Phoenix Suns,PHO,3,PG,6-0,175,"July 5, 1988",us,3,Wake Forest University,/players/s/smithis01.html
P.J. Tucker,Phoenix Suns,PHO,17,SF,6-6,245,"May 5, 1985",us,2,University of Texas at Austin,/players/t/tuckepj01.html
LaMarcus Aldridge,Portland Trail Blazers,POR,12,PF,6-11,240,"July 19, 1985",us,7,University of Texas at Austin,/players/a/aldrila01.html
Will Barton,Portland Trail Blazers,POR,5,SG,6-6,175,"January 6, 1991",us,1,University of Memphis,/players/b/bartowi01.html
Nicolas Batum,Portland Trail Blazers,POR,88,SF,6-8,200,"December 14, 1988",fr,5,,/players/b/batumni01.html
Victor Claver,Portland Trail Blazers,POR,18,SF,6-9,224,"August 30, 1988",es,1,,/players/c/clavevi01.html
Allen Crabbe,Portland Trail Blazers,POR,23,SG,6-6,210,"April 9, 1992",us,R,University of California,/players/c/crabbal01.html
Joel Freeland,Portland Trail Blazers,POR,19,C,6-10,250,"February 7, 1987",gb,1,,/players/f/freeljo01.html
Meyers Leonard,Portland Trail Blazers,POR,11,C,7-1,245,"February 27, 1992",us,1,University of Illinois at Urbana-Champaign,/players/l/leoname01.html
Damian Lillard,Portland Trail Blazers,POR,0,PG,6-3,195,"July 15, 1990",us,1,Weber State University,/players/l/lillada01.html
Robin Lopez,Portland Trail Blazers,POR,42,C,7-0,255,"April 1, 1988",us,5,Stanford University,/players/l/lopezro01.html
Wesley Matthews,Portland Trail Blazers,POR,2,SG,6-5,220,"October 14, 1986",us,4,Marquette University,/players/m/matthwe02.html
C.J. McCollum,Portland Trail Blazers,POR,3,SG,6-4,200,"September 19, 1991",us,R,Lehigh University,/players/m/mccolcj01.html
Thomas Robinson,Portland Trail Blazers,POR,41,PF,6-10,237,"March 17, 1991",us,1,University of Kansas,/players/r/robinth01.html
Earl Watson,Portland Trail Blazers,POR,17,PG,6-1,195,"June 12, 1979",us,12,"University of California, Los Angeles",/players/w/watsoea01.html
Mo Williams,Portland Trail Blazers,POR,25,PG,6-1,198,"December 19, 1982",us,10,University of Alabama,/players/w/willima01.html
Dorell Wright,Portland Trail Blazers,POR,1,SF,6-9,205,"December 2, 1985",us,9,,/players/w/wrighdo01.html
Quincy Acy,Sacramento Kings,SAC,5,SF,6-7,240,"October 6, 1990",us,1,Baylor University,/players/a/acyqu01.html
DeMarcus Cousins,Sacramento Kings,SAC,15,C,6-11,270,"August 13, 1990",us,3,University of Kentucky,/players/c/couside01.html
Jared Cunningham,Sacramento Kings,SAC,9,SG,6-4,195,"May 22, 1991",us,1,Oregon State University,/players/c/cunnija01.html
Reggie Evans,Sacramento Kings,SAC,30,PF,6-8,245,"May 18, 1980",us,11,University of Iowa,/players/e/evansre01.html
Jimmer Fredette,Sacramento Kings,SAC,7,SG,6-2,195,"February 25, 1989",us,2,Brigham Young University,/players/f/fredeji01.html
Rudy Gay,Sacramento Kings,SAC,8,SF,6-8,230,"August 17, 1986",us,7,University of Connecticut,/players/g/gayru01.html
Aaron Gray,Sacramento Kings,SAC,33,C,7-0,270,"December 7, 1984",us,6,University of Pittsburgh,/players/g/grayaa01.html
Chuck Hayes,Sacramento Kings,SAC,42,C,6-6,240,"June 11, 1983",us,8,University of Kentucky,/players/h/hayesch01.html
Orlando Johnson,Sacramento Kings,SAC,,SG,6-5,220,"March 11, 1989",us,1,"University of California, Santa Barbara",/players/j/johnsor01.html
Carl Landry,Sacramento Kings,SAC,24,PF,6-9,248,"September 19, 1983",us,6,Purdue University,/players/l/landrca01.html
Luc Mbah a Moute,Sacramento Kings,SAC,33,SF,6-8,230,"September 9, 1986",cm,5,"University of California, Los Angeles",/players/m/mbahalu01.html
Ray McCallum,Sacramento Kings,SAC,3,PG,6-3,190,"June 12, 1991",us,R,University of Detroit Mercy,/players/m/mccalra01.html
Ben McLemore,Sacramento Kings,SAC,16,SG,6-5,195,"February 11, 1993",us,R,University of Kansas,/players/m/mclembe01.html
Hamady N'Diaye,Sacramento Kings,SAC,55,C,7-0,235,"January 12, 1987",sn,2,Rutgers University,/players/n/ndiayha01.html
Travis Outlaw,Sacramento Kings,SAC,25,SF,6-9,210,"September 18, 1984",us,10,,/players/o/outlatr01.html
Patrick Patterson,Sacramento Kings,SAC,9,PF,6-9,235,"March 14, 1989",us,3,University of Kentucky,/players/p/pattepa01.html
John Salmons,Sacramento Kings,SAC,5,SF,6-7,210,"December 12, 1979",us,11,University of Miami,/players/s/salmojo01.html
Isaiah Thomas,Sacramento Kings,SAC,22,PG,5-9,185,"February 7, 1989",us,2,University of Washington,/players/t/thomais02.html
Jason Thompson,Sacramento Kings,SAC,34,PF,6-11,250,"July 21, 1986",us,5,Rider University,/players/t/thompja02.html
Marcus Thornton,Sacramento Kings,SAC,23,SG,6-4,205,"June 5, 1987",us,4,Louisiana State University,/players/t/thornma01.html
Greivis Vasquez,Sacramento Kings,SAC,10,PG,6-6,217,"January 16, 1987",ve,3,University of Maryland,/players/v/vasqugr01.html
Royce White,Sacramento Kings,SAC,35,PF,6-8,270,"April 10, 1991",us,R,Iowa State University,/players/w/whitero03.html
Derrick Williams,Sacramento Kings,SAC,13,SF,6-8,240,"May 25, 1991",us,2,University of Arizona,/players/w/willide02.html
Jeff Ayres,San Antonio Spurs,SAS,11,PF,6-9,240,"April 29, 1987",us,3,Arizona State University,/players/p/pendeje02.html
Aron Baynes,San Antonio Spurs,SAS,16,C,6-10,260,"December 9, 1986",nz,1,Washington State University,/players/b/baynear01.html
Marco Belinelli,San Antonio Spurs,SAS,3,SF,6-5,210,"March 25, 1986",it,6,,/players/b/belinma01.html
Matt Bonner,San Antonio Spurs,SAS,15,PF,6-10,235,"April 5, 1980",us,9,University of Florida,/players/b/bonnema01.html
Shannon Brown,San Antonio Spurs,SAS,1,SG,6-4,205,"November 29, 1985",us,7,Michigan State University,/players/b/brownsh01.html
Austin Daye,San Antonio Spurs,SAS,23,SF,6-11,220,"June 5, 1988",us,4,Gonzaga University,/players/d/dayeau01.html
Nando De Colo,San Antonio Spurs,SAS,25,SF,6-5,200,"June 23, 1987",fr,1,,/players/d/decolna01.html
Boris Diaw,San Antonio Spurs,SAS,33,PF,6-8,250,"April 16, 1982",fr,10,,/players/d/diawbo01.html
Tim Duncan,San Antonio Spurs,SAS,21,C,6-11,250,"April 25, 1976",vi,16,Wake Forest University,/players/d/duncati01.html
Manu Ginobili,San Antonio Spurs,SAS,20,SG,6-6,205,"July 28, 1977",ar,11,,/players/g/ginobma01.html
Danny Green,San Antonio Spurs,SAS,4,SG,6-6,215,"June 22, 1987",us,4,University of North Carolina,/players/g/greenda02.html
Damion James,San Antonio Spurs,SAS,7,G-F,6-7,225,"October 7, 1987",us,3,University of Texas at Austin,/players/j/jamesda01.html
Othyus Jeffers,San Antonio Spurs,SAS,7,SG,6-5,200,"August 5, 1985",us,2,Robert Morris University (IL),/players/j/jeffeot01.html
Cory Joseph,San Antonio Spurs,SAS,5,SG,6-3,190,"August 20, 1991",ca,2,University of Texas at Austin,/players/j/josepco01.html
Kawhi Leonard,San Antonio Spurs,SAS,2,SF,6-7,230,"June 29, 1991",us,2,San Diego State University,/players/l/leonaka01.html
Patrick Mills,San Antonio Spurs,SAS,8,PG,6-0,185,"August 11, 1988",au,4,Saint Mary's College of California,/players/m/millspa02.html
Tony Parker,San Antonio Spurs,SAS,9,PG,6-2,185,"May 17, 1982",be,12,,/players/p/parketo01.html
Tiago Splitter,San Antonio Spurs,SAS,22,C,6-11,245,"January 1, 1985",br,3,,/players/s/splitti01.html
Malcolm Thomas,San Antonio Spurs,SAS,24,PF,6-9,225,"November 8, 1988",us,2,San Diego State University,/players/t/thomama01.html
Quincy Acy,Toronto Raptors,TOR,4,SF,6-7,240,"October 6, 1990",us,1,Baylor University,/players/a/acyqu01.html
D.J. Augustin,Toronto Raptors,TOR,14,PG,6-0,183,"November 10, 1987",us,5,University of Texas at Austin,/players/a/augusdj01.html
Dwight Buycks,Toronto Raptors,TOR,13,PG,6-3,190,"March 6, 1989",us,R,Marquette University,/players/b/buyckdw01.html
Austin Daye,Toronto Raptors,TOR,5,SF,6-11,220,"June 5, 1988",us,4,Gonzaga University,/players/d/dayeau01.html
Nando De Colo,Toronto Raptors,TOR,3,SF,6-5,200,"June 23, 1987",fr,1,,/players/d/decolna01.html
DeMar DeRozan,Toronto Raptors,TOR,10,SG,6-7,220,"August 7, 1989",us,4,University of Southern California,/players/d/derozde01.html
Landry Fields,Toronto Raptors,TOR,2,SF,6-7,210,"June 27, 1988",us,3,Stanford University,/players/f/fieldla01.html
Rudy Gay,Toronto Raptors,TOR,22,SF,6-8,230,"August 17, 1986",us,7,University of Connecticut,/players/g/gayru01.html
Aaron Gray,Toronto Raptors,TOR,34,C,7-0,270,"December 7, 1984",us,6,University of Pittsburgh,/players/g/grayaa01.html
Tyler Hansbrough,Toronto Raptors,TOR,50,PF,6-9,250,"November 3, 1985",us,4,University of North Carolina,/players/h/hansbty01.html
Chuck Hayes,Toronto Raptors,TOR,44,C,6-6,240,"June 11, 1983",us,8,University of Kentucky,/players/h/hayesch01.html
Amir Johnson,Toronto Raptors,TOR,15,PF,6-9,240,"May 1, 1987",us,8,,/players/j/johnsam01.html
Kyle Lowry,Toronto Raptors,TOR,7,PG,6-0,205,"March 25, 1986",us,7,Villanova University,/players/l/lowryky01.html
Steve Novak,Toronto Raptors,TOR,16,PF,6-10,225,"June 13, 1983",us,7,Marquette University,/players/n/novakst01.html
Patrick Patterson,Toronto Raptors,TOR,54,PF,6-9,235,"March 14, 1989",us,3,University of Kentucky,/players/p/pattepa01.html
Terrence Ross,Toronto Raptors,TOR,31,SG,6-7,195,"February 5, 1991",us,1,University of Washington,/players/r/rosste01.html
John Salmons,Toronto Raptors,TOR,25,SG,6-7,210,"December 12, 1979",us,11,University of Miami,/players/s/salmojo01.html
Julyan Stone,Toronto Raptors,TOR,77,SG,6-6,200,"December 7, 1988",us,2,University of Texas at El Paso,/players/s/stoneju01.html
Jonas Valanciunas,Toronto Raptors,TOR,17,C,7-0,255,"May 6, 1992",lt,1,,/players/v/valanjo01.html
Greivis Vasquez,Toronto Raptors,TOR,21,SG,6-6,217,"January 16, 1987",ve,3,University of Maryland,/players/v/vasqugr01.html
Andris Biedrins,Utah Jazz,UTA,11,C,6-11,240,"April 2, 1986",lv,9,,/players/b/biedran01.html
Trey Burke,Utah Jazz,UTA,3,PG,6-1,191,"November 12, 1992",us,R,University of Michigan,/players/b/burketr01.html
Alec Burks,Utah Jazz,UTA,10,SG,6-6,214,"July 20, 1991",us,2,University of Colorado,/players/b/burksal01.html
Ian Clark,Utah Jazz,UTA,21,SG,6-3,175,"March 7, 1991",us,R,Belmont University,/players/c/clarkia01.html
Jeremy Evans,Utah Jazz,UTA,40,SF,6-9,196,"October 24, 1987",us,3,Western Kentucky University,/players/e/evansje01.html
Derrick Favors,Utah Jazz,UTA,15,PF,6-10,265,"July 15, 1991",us,3,Georgia Institute of Technology,/players/f/favorde01.html
Diante Garrett,Utah Jazz,UTA,8,PG,6-4,190,"November 3, 1988",us,1,Iowa State University,/players/g/garredi02.html
Rudy Gobert,Utah Jazz,UTA,27,C,7-1,245,"June 26, 1992",fr,R,,/players/g/goberru01.html
Mike Harris,Utah Jazz,UTA,33,PF,6-6,240,"June 15, 1983",us,3,Rice University,/players/h/harrimi01.html
Gordon Hayward,Utah Jazz,UTA,20,SF,6-8,226,"March 23, 1990",us,3,Butler University,/players/h/haywago01.html
Richard Jefferson,Utah Jazz,UTA,24,SF,6-7,233,"June 21, 1980",us,12,University of Arizona,/players/j/jefferi01.html
Enes Kanter,Utah Jazz,UTA,0,C,6-11,245,"May 20, 1992",ch,2,,/players/k/kanteen01.html
John Lucas III,Utah Jazz,UTA,5,PG,5-11,165,"November 21, 1982",us,5,Oklahoma State University,/players/l/lucasjo02.html
Brandon Rush,Utah Jazz,UTA,25,SG,6-6,210,"July 7, 1985",us,5,University of Kansas,/players/r/rushbr01.html
Malcolm Thomas,Utah Jazz,UTA,22,PF,6-9,225,"November 8, 1988",us,2,San Diego State University,/players/t/thomama01.html
Jamaal Tinsley,Utah Jazz,UTA,6,PG,6-3,195,"February 28, 1978",us,10,Iowa State University,/players/t/tinslja01.html
Marvin Williams,Utah Jazz,UTA,2,PF,6-9,237,"June 19, 1986",us,8,University of North Carolina,/players/w/willima02.html
Trevor Ariza,Washington Wizards,WAS,1,SF,6-8,215,"June 30, 1985",us,9,"University of California, Los Angeles",/players/a/arizatr01.html
Bradley Beal,Washington Wizards,WAS,3,SG,6-5,207,"June 28, 1993",us,1,University of Florida,/players/b/bealbr01.html
Trevor Booker,Washington Wizards,WAS,35,PF,6-8,228,"November 25, 1987",us,3,Clemson University,/players/b/booketr01.html
Drew Gooden,Washington Wizards,WAS,90,C,6-10,250,"September 24, 1981",us,11,University of Kansas,/players/g/goodedr01.html
Marcin Gortat,Washington Wizards,WAS,4,C,6-11,240,"February 17, 1984",pl,6,,/players/g/gortama01.html
Al Harrington,Washington Wizards,WAS,7,PF,6-9,230,"February 17, 1980",us,15,,/players/h/harrial01.html
Nene Hilario,Washington Wizards,WAS,42,PF,6-11,250,"September 13, 1982",br,11,,/players/h/hilarne01.html
Eric Maynor,Washington Wizards,WAS,6,PG,6-3,175,"June 11, 1987",us,4,Virginia Commonwealth University,/players/m/maynoer01.html
Andre Miller,Washington Wizards,WAS,24,SG,6-3,200,"March 19, 1976",us,14,University of Utah,/players/m/millean02.html
Otto Porter,Washington Wizards,WAS,22,SF,6-8,198,"June 3, 1993",us,R,Georgetown University,/players/p/porteot01.html
Glen Rice,Washington Wizards,WAS,14,SG,6-6,206,"January 1, 1991",us,R,Georgia Institute of Technology,/players/r/ricegl02.html
Kevin Seraphin,Washington Wizards,WAS,13,C,6-10,278,"December 7, 1989",gf,3,,/players/s/serapke01.html
Chris Singleton,Washington Wizards,WAS,31,SF,6-8,230,"November 21, 1989",us,2,Florida State University,/players/s/singlch01.html
Garrett Temple,Washington Wizards,WAS,17,SG,6-6,195,"May 8, 1986",us,3,Louisiana State University,/players/t/templga01.html
Jan Vesely,Washington Wizards,WAS,24,PF,6-11,240,"April 24, 1990",cz,2,,/players/v/veselja01.html
John Wall,Washington Wizards,WAS,2,PG,6-4,195,"September 6, 1990",us,3,University of Kentucky,/players/w/walljo01.html
Martell Webster,Washington Wizards,WAS,9,SF,6-7,230,"December 4, 1986",us,8,,/players/w/webstma02.html
